category,category_name,item_id,item_name,formula,molar_mass_g_mol,basis,concentration_pct,temperature_c,density_kg_l
inorganic_acid,无机酸,hydrochloric,盐酸,HCl,36.46094,weight,1.0,-5.0,1.0048
inorganic_acid,无机酸,hydrochloric,盐酸,HCl,36.46094,weight,2.0,-5.0,1.0104
inorganic_acid,无机酸,hydrochloric,盐酸,HCl,36.46094,weight,4.0,-5.0,1.0213
inorganic_acid,无机酸,hydrochloric,盐酸,HCl,36.46094,weight,6.0,-5.0,1.0321
inorganic_acid,无机酸,hydrochloric,盐酸,HCl,36.46094,weight,8.0,-5.0,1.0428
inorganic_acid,无机酸,hydrochloric,盐酸,HCl,36.46094,weight,10.0,-5.0,1.0536
inorganic_acid,无机酸,hydrochloric,盐酸,HCl,36.46094,weight,12.0,-5.0,1.0645
inorganic_acid,无机酸,hydrochloric,盐酸,HCl,36.46094,weight,14.0,-5.0,1.0754
inorganic_acid,无机酸,hydrochloric,盐酸,HCl,36.46094,weight,16.0,-5.0,1.0864
inorganic_acid,无机酸,hydrochloric,盐酸,HCl,36.46094,weight,18.0,-5.0,1.0975
inorganic_acid,无机酸,hydrochloric,盐酸,HCl,36.46094,weight,20.0,-5.0,1.1087
inorganic_acid,无机酸,hydrochloric,盐酸,HCl,36.46094,weight,22.0,-5.0,1.12
inorganic_acid,无机酸,hydrochloric,盐酸,HCl,36.46094,weight,24.0,-5.0,1.1314
inorganic_acid,无机酸,hydrochloric,盐酸,HCl,36.46094,weight,26.0,-5.0,1.1426
inorganic_acid,无机酸,hydrochloric,盐酸,HCl,36.46094,weight,28.0,-5.0,1.1537
inorganic_acid,无机酸,hydrochloric,盐酸,HCl,36.46094,weight,30.0,-5.0,1.1648
inorganic_acid,无机酸,hydrochloric,盐酸,HCl,36.46094,weight,32.0,-5.0,1.1814
inorganic_acid,无机酸,hydrochloric,盐酸,HCl,36.46094,weight,34.0,-5.0,1.1929
inorganic_acid,无机酸,hydrochloric,盐酸,HCl,36.46094,weight,36.0,-5.0,1.2043
inorganic_acid,无机酸,hydrochloric,盐酸,HCl,36.46094,weight,38.0,-5.0,1.2156
inorganic_acid,无机酸,hydrochloric,盐酸,HCl,36.46094,weight,0,0,0.99984283
inorganic_acid,无机酸,hydrochloric,盐酸,HCl,36.46094,weight,1.0,0.0,1.0052
inorganic_acid,无机酸,hydrochloric,盐酸,HCl,36.46094,weight,2.0,0.0,1.0106
inorganic_acid,无机酸,hydrochloric,盐酸,HCl,36.46094,weight,4.0,0.0,1.0213
inorganic_acid,无机酸,hydrochloric,盐酸,HCl,36.46094,weight,6.0,0.0,1.0319
inorganic_acid,无机酸,hydrochloric,盐酸,HCl,36.46094,weight,8.0,0.0,1.0423
inorganic_acid,无机酸,hydrochloric,盐酸,HCl,36.46094,weight,10.0,0.0,1.0528
inorganic_acid,无机酸,hydrochloric,盐酸,HCl,36.46094,weight,12.0,0.0,1.0634
inorganic_acid,无机酸,hydrochloric,盐酸,HCl,36.46094,weight,14.0,0.0,1.0741
inorganic_acid,无机酸,hydrochloric,盐酸,HCl,36.46094,weight,16.0,0.0,1.0849
inorganic_acid,无机酸,hydrochloric,盐酸,HCl,36.46094,weight,18.0,0.0,1.0958
inorganic_acid,无机酸,hydrochloric,盐酸,HCl,36.46094,weight,20.0,0.0,1.1067
inorganic_acid,无机酸,hydrochloric,盐酸,HCl,36.46094,weight,22.0,0.0,1.1177
inorganic_acid,无机酸,hydrochloric,盐酸,HCl,36.46094,weight,24.0,0.0,1.1287
inorganic_acid,无机酸,hydrochloric,盐酸,HCl,36.46094,weight,26.0,0.0,1.1396
inorganic_acid,无机酸,hydrochloric,盐酸,HCl,36.46094,weight,28.0,0.0,1.1505
inorganic_acid,无机酸,hydrochloric,盐酸,HCl,36.46094,weight,30.0,0.0,1.1613
inorganic_acid,无机酸,hydrochloric,盐酸,HCl,36.46094,weight,32.0,0.0,1.1763
inorganic_acid,无机酸,hydrochloric,盐酸,HCl,36.46094,weight,34.0,0.0,1.1876
inorganic_acid,无机酸,hydrochloric,盐酸,HCl,36.46094,weight,36.0,0.0,1.1988
inorganic_acid,无机酸,hydrochloric,盐酸,HCl,36.46094,weight,38.0,0.0,1.21
inorganic_acid,无机酸,hydrochloric,盐酸,HCl,36.46094,weight,0,10,0.9997021
inorganic_acid,无机酸,hydrochloric,盐酸,HCl,36.46094,weight,1.0,10.0,1.0048
inorganic_acid,无机酸,hydrochloric,盐酸,HCl,36.46094,weight,2.0,10.0,1.01
inorganic_acid,无机酸,hydrochloric,盐酸,HCl,36.46094,weight,4.0,10.0,1.0202
inorganic_acid,无机酸,hydrochloric,盐酸,HCl,36.46094,weight,6.0,10.0,1.0303
inorganic_acid,无机酸,hydrochloric,盐酸,HCl,36.46094,weight,8.0,10.0,1.0403
inorganic_acid,无机酸,hydrochloric,盐酸,HCl,36.46094,weight,10.0,10.0,1.0504
inorganic_acid,无机酸,hydrochloric,盐酸,HCl,36.46094,weight,12.0,10.0,1.0607
inorganic_acid,无机酸,hydrochloric,盐酸,HCl,36.46094,weight,14.0,10.0,1.0711
inorganic_acid,无机酸,hydrochloric,盐酸,HCl,36.46094,weight,16.0,10.0,1.0815
inorganic_acid,无机酸,hydrochloric,盐酸,HCl,36.46094,weight,18.0,10.0,1.092
inorganic_acid,无机酸,hydrochloric,盐酸,HCl,36.46094,weight,20.0,10.0,1.1025
inorganic_acid,无机酸,hydrochloric,盐酸,HCl,36.46094,weight,22.0,10.0,1.1131
inorganic_acid,无机酸,hydrochloric,盐酸,HCl,36.46094,weight,24.0,10.0,1.1238
inorganic_acid,无机酸,hydrochloric,盐酸,HCl,36.46094,weight,26.0,10.0,1.1344
inorganic_acid,无机酸,hydrochloric,盐酸,HCl,36.46094,weight,28.0,10.0,1.1449
inorganic_acid,无机酸,hydrochloric,盐酸,HCl,36.46094,weight,30.0,10.0,1.1553
inorganic_acid,无机酸,hydrochloric,盐酸,HCl,36.46094,weight,32.0,10.0,1.1674
inorganic_acid,无机酸,hydrochloric,盐酸,HCl,36.46094,weight,34.0,10.0,1.1781
inorganic_acid,无机酸,hydrochloric,盐酸,HCl,36.46094,weight,36.0,10.0,1.1889
inorganic_acid,无机酸,hydrochloric,盐酸,HCl,36.46094,weight,38.0,10.0,1.1996
inorganic_acid,无机酸,hydrochloric,盐酸,HCl,36.46094,weight,0,20,0.9982063
inorganic_acid,无机酸,hydrochloric,盐酸,HCl,36.46094,weight,1.0,20.0,1.0032
inorganic_acid,无机酸,hydrochloric,盐酸,HCl,36.46094,weight,2.0,20.0,1.0082
inorganic_acid,无机酸,hydrochloric,盐酸,HCl,36.46094,weight,4.0,20.0,1.0181
inorganic_acid,无机酸,hydrochloric,盐酸,HCl,36.46094,weight,6.0,20.0,1.0279
inorganic_acid,无机酸,hydrochloric,盐酸,HCl,36.46094,weight,8.0,20.0,1.0376
inorganic_acid,无机酸,hydrochloric,盐酸,HCl,36.46094,weight,10.0,20.0,1.0474
inorganic_acid,无机酸,hydrochloric,盐酸,HCl,36.46094,weight,12.0,20.0,1.0574
inorganic_acid,无机酸,hydrochloric,盐酸,HCl,36.46094,weight,14.0,20.0,1.0675
inorganic_acid,无机酸,hydrochloric,盐酸,HCl,36.46094,weight,16.0,20.0,1.0776
inorganic_acid,无机酸,hydrochloric,盐酸,HCl,36.46094,weight,18.0,20.0,1.0878
inorganic_acid,无机酸,hydrochloric,盐酸,HCl,36.46094,weight,20.0,20.0,1.098
inorganic_acid,无机酸,hydrochloric,盐酸,HCl,36.46094,weight,22.0,20.0,1.1083
inorganic_acid,无机酸,hydrochloric,盐酸,HCl,36.46094,weight,24.0,20.0,1.1187
inorganic_acid,无机酸,hydrochloric,盐酸,HCl,36.46094,weight,26.0,20.0,1.129
inorganic_acid,无机酸,hydrochloric,盐酸,HCl,36.46094,weight,28.0,20.0,1.1392
inorganic_acid,无机酸,hydrochloric,盐酸,HCl,36.46094,weight,30.0,20.0,1.1493
inorganic_acid,无机酸,hydrochloric,盐酸,HCl,36.46094,weight,32.0,20.0,1.1593
inorganic_acid,无机酸,hydrochloric,盐酸,HCl,36.46094,weight,34.0,20.0,1.1691
inorganic_acid,无机酸,hydrochloric,盐酸,HCl,36.46094,weight,36.0,20.0,1.1789
inorganic_acid,无机酸,hydrochloric,盐酸,HCl,36.46094,weight,38.0,20.0,1.1885
inorganic_acid,无机酸,hydrochloric,盐酸,HCl,36.46094,weight,40.0,20.0,1.198
inorganic_acid,无机酸,hydrochloric,盐酸,HCl,36.46094,weight,0,40,0.9922204
inorganic_acid,无机酸,hydrochloric,盐酸,HCl,36.46094,weight,1.0,40.0,0.997
inorganic_acid,无机酸,hydrochloric,盐酸,HCl,36.46094,weight,2.0,40.0,1.0019
inorganic_acid,无机酸,hydrochloric,盐酸,HCl,36.46094,weight,4.0,40.0,1.0116
inorganic_acid,无机酸,hydrochloric,盐酸,HCl,36.46094,weight,6.0,40.0,1.0211
inorganic_acid,无机酸,hydrochloric,盐酸,HCl,36.46094,weight,8.0,40.0,1.0305
inorganic_acid,无机酸,hydrochloric,盐酸,HCl,36.46094,weight,10.0,40.0,1.04
inorganic_acid,无机酸,hydrochloric,盐酸,HCl,36.46094,weight,12.0,40.0,1.0497
inorganic_acid,无机酸,hydrochloric,盐酸,HCl,36.46094,weight,14.0,40.0,1.0594
inorganic_acid,无机酸,hydrochloric,盐酸,HCl,36.46094,weight,16.0,40.0,1.0692
inorganic_acid,无机酸,hydrochloric,盐酸,HCl,36.46094,weight,18.0,40.0,1.079
inorganic_acid,无机酸,hydrochloric,盐酸,HCl,36.46094,weight,20.0,40.0,1.0888
inorganic_acid,无机酸,hydrochloric,盐酸,HCl,36.46094,weight,22.0,40.0,1.0986
inorganic_acid,无机酸,hydrochloric,盐酸,HCl,36.46094,weight,24.0,40.0,1.1085
inorganic_acid,无机酸,hydrochloric,盐酸,HCl,36.46094,weight,26.0,40.0,1.1183
inorganic_acid,无机酸,hydrochloric,盐酸,HCl,36.46094,weight,28.0,40.0,1.128
inorganic_acid,无机酸,hydrochloric,盐酸,HCl,36.46094,weight,30.0,40.0,1.1376
inorganic_acid,无机酸,hydrochloric,盐酸,HCl,36.46094,weight,32.0,40.0,1.1471
inorganic_acid,无机酸,hydrochloric,盐酸,HCl,36.46094,weight,34.0,40.0,1.1566
inorganic_acid,无机酸,hydrochloric,盐酸,HCl,36.46094,weight,36.0,40.0,1.1661
inorganic_acid,无机酸,hydrochloric,盐酸,HCl,36.46094,weight,38.0,40.0,1.1754
inorganic_acid,无机酸,hydrochloric,盐酸,HCl,36.46094,weight,0,60,0.9832
inorganic_acid,无机酸,hydrochloric,盐酸,HCl,36.46094,weight,1.0,60.0,0.9881
inorganic_acid,无机酸,hydrochloric,盐酸,HCl,36.46094,weight,2.0,60.0,0.993
inorganic_acid,无机酸,hydrochloric,盐酸,HCl,36.46094,weight,4.0,60.0,1.0026
inorganic_acid,无机酸,hydrochloric,盐酸,HCl,36.46094,weight,6.0,60.0,1.0121
inorganic_acid,无机酸,hydrochloric,盐酸,HCl,36.46094,weight,8.0,60.0,1.0215
inorganic_acid,无机酸,hydrochloric,盐酸,HCl,36.46094,weight,10.0,60.0,1.031
inorganic_acid,无机酸,hydrochloric,盐酸,HCl,36.46094,weight,12.0,60.0,1.0406
inorganic_acid,无机酸,hydrochloric,盐酸,HCl,36.46094,weight,14.0,60.0,1.0502
inorganic_acid,无机酸,hydrochloric,盐酸,HCl,36.46094,weight,16.0,60.0,1.0598
inorganic_acid,无机酸,hydrochloric,盐酸,HCl,36.46094,weight,18.0,60.0,1.0694
inorganic_acid,无机酸,hydrochloric,盐酸,HCl,36.46094,weight,20.0,60.0,1.079
inorganic_acid,无机酸,hydrochloric,盐酸,HCl,36.46094,weight,22.0,60.0,1.0886
inorganic_acid,无机酸,hydrochloric,盐酸,HCl,36.46094,weight,24.0,60.0,1.0982
inorganic_acid,无机酸,hydrochloric,盐酸,HCl,36.46094,weight,26.0,60.0,1.1076
inorganic_acid,无机酸,hydrochloric,盐酸,HCl,36.46094,weight,28.0,60.0,1.1169
inorganic_acid,无机酸,hydrochloric,盐酸,HCl,36.46094,weight,30.0,60.0,1.126
inorganic_acid,无机酸,hydrochloric,盐酸,HCl,36.46094,weight,32.0,60.0,1.1359
inorganic_acid,无机酸,hydrochloric,盐酸,HCl,36.46094,weight,34.0,60.0,1.1452
inorganic_acid,无机酸,hydrochloric,盐酸,HCl,36.46094,weight,36.0,60.0,1.1544
inorganic_acid,无机酸,hydrochloric,盐酸,HCl,36.46094,weight,38.0,60.0,1.1635
inorganic_acid,无机酸,hydrochloric,盐酸,HCl,36.46094,weight,0,80,0.97179
inorganic_acid,无机酸,hydrochloric,盐酸,HCl,36.46094,weight,1.0,80.0,0.9768
inorganic_acid,无机酸,hydrochloric,盐酸,HCl,36.46094,weight,2.0,80.0,0.9819
inorganic_acid,无机酸,hydrochloric,盐酸,HCl,36.46094,weight,4.0,80.0,0.9919
inorganic_acid,无机酸,hydrochloric,盐酸,HCl,36.46094,weight,6.0,80.0,1.0016
inorganic_acid,无机酸,hydrochloric,盐酸,HCl,36.46094,weight,8.0,80.0,1.0111
inorganic_acid,无机酸,hydrochloric,盐酸,HCl,36.46094,weight,10.0,80.0,1.0206
inorganic_acid,无机酸,hydrochloric,盐酸,HCl,36.46094,weight,12.0,80.0,1.0302
inorganic_acid,无机酸,hydrochloric,盐酸,HCl,36.46094,weight,14.0,80.0,1.0398
inorganic_acid,无机酸,hydrochloric,盐酸,HCl,36.46094,weight,16.0,80.0,1.0494
inorganic_acid,无机酸,hydrochloric,盐酸,HCl,36.46094,weight,18.0,80.0,1.059
inorganic_acid,无机酸,hydrochloric,盐酸,HCl,36.46094,weight,20.0,80.0,1.0685
inorganic_acid,无机酸,hydrochloric,盐酸,HCl,36.46094,weight,22.0,80.0,1.078
inorganic_acid,无机酸,hydrochloric,盐酸,HCl,36.46094,weight,24.0,80.0,1.0874
inorganic_acid,无机酸,hydrochloric,盐酸,HCl,36.46094,weight,26.0,80.0,1.0967
inorganic_acid,无机酸,hydrochloric,盐酸,HCl,36.46094,weight,28.0,80.0,1.1058
inorganic_acid,无机酸,hydrochloric,盐酸,HCl,36.46094,weight,30.0,80.0,1.1149
inorganic_acid,无机酸,hydrochloric,盐酸,HCl,36.46094,weight,32.0,80.0,1.1246
inorganic_acid,无机酸,hydrochloric,盐酸,HCl,36.46094,weight,34.0,80.0,1.1339
inorganic_acid,无机酸,hydrochloric,盐酸,HCl,36.46094,weight,36.0,80.0,1.1432
inorganic_acid,无机酸,hydrochloric,盐酸,HCl,36.46094,weight,38.0,80.0,1.1525
inorganic_acid,无机酸,hydrochloric,盐酸,HCl,36.46094,weight,1.0,100.0,0.9636
inorganic_acid,无机酸,hydrochloric,盐酸,HCl,36.46094,weight,2.0,100.0,0.9688
inorganic_acid,无机酸,hydrochloric,盐酸,HCl,36.46094,weight,4.0,100.0,0.9791
inorganic_acid,无机酸,hydrochloric,盐酸,HCl,36.46094,weight,6.0,100.0,0.9892
inorganic_acid,无机酸,hydrochloric,盐酸,HCl,36.46094,weight,8.0,100.0,0.9992
inorganic_acid,无机酸,hydrochloric,盐酸,HCl,36.46094,weight,10.0,100.0,1.009
inorganic_acid,无机酸,hydrochloric,盐酸,HCl,36.46094,weight,12.0,100.0,1.0188
inorganic_acid,无机酸,hydrochloric,盐酸,HCl,36.46094,weight,14.0,100.0,1.0286
inorganic_acid,无机酸,hydrochloric,盐酸,HCl,36.46094,weight,16.0,100.0,1.0383
inorganic_acid,无机酸,hydrochloric,盐酸,HCl,36.46094,weight,18.0,100.0,1.0479
inorganic_acid,无机酸,hydrochloric,盐酸,HCl,36.46094,weight,20.0,100.0,1.0574
inorganic_acid,无机酸,hydrochloric,盐酸,HCl,36.46094,weight,22.0,100.0,1.0668
inorganic_acid,无机酸,hydrochloric,盐酸,HCl,36.46094,weight,24.0,100.0,1.0761
inorganic_acid,无机酸,hydrochloric,盐酸,HCl,36.46094,weight,26.0,100.0,1.0853
inorganic_acid,无机酸,hydrochloric,盐酸,HCl,36.46094,weight,28.0,100.0,1.0942
inorganic_acid,无机酸,hydrochloric,盐酸,HCl,36.46094,weight,30.0,100.0,1.103
inorganic_acid,无机酸,hydrochloric,盐酸,HCl,36.46094,weight,32.0,100.0,1.1126
inorganic_acid,无机酸,hydrochloric,盐酸,HCl,36.46094,weight,34.0,100.0,1.1216
inorganic_acid,无机酸,hydrochloric,盐酸,HCl,36.46094,weight,36.0,100.0,1.1305
inorganic_acid,无机酸,hydrochloric,盐酸,HCl,36.46094,weight,38.0,100.0,1.1393
inorganic_acid,无机酸,sulfuric,硫酸,H2SO4,98.07848,weight,0,0,0.99984283
inorganic_acid,无机酸,sulfuric,硫酸,H2SO4,98.07848,weight,1.0,0.0,1.0074
inorganic_acid,无机酸,sulfuric,硫酸,H2SO4,98.07848,weight,2.0,0.0,1.0147
inorganic_acid,无机酸,sulfuric,硫酸,H2SO4,98.07848,weight,3.0,0.0,1.0219
inorganic_acid,无机酸,sulfuric,硫酸,H2SO4,98.07848,weight,4.0,0.0,1.0291
inorganic_acid,无机酸,sulfuric,硫酸,H2SO4,98.07848,weight,5.0,0.0,1.0364
inorganic_acid,无机酸,sulfuric,硫酸,H2SO4,98.07848,weight,6.0,0.0,1.0437
inorganic_acid,无机酸,sulfuric,硫酸,H2SO4,98.07848,weight,7.0,0.0,1.0511
inorganic_acid,无机酸,sulfuric,硫酸,H2SO4,98.07848,weight,8.0,0.0,1.0585
inorganic_acid,无机酸,sulfuric,硫酸,H2SO4,98.07848,weight,9.0,0.0,1.066
inorganic_acid,无机酸,sulfuric,硫酸,H2SO4,98.07848,weight,10.0,0.0,1.0735
inorganic_acid,无机酸,sulfuric,硫酸,H2SO4,98.07848,weight,11.0,0.0,1.081
inorganic_acid,无机酸,sulfuric,硫酸,H2SO4,98.07848,weight,12.0,0.0,1.0886
inorganic_acid,无机酸,sulfuric,硫酸,H2SO4,98.07848,weight,13.0,0.0,1.0962
inorganic_acid,无机酸,sulfuric,硫酸,H2SO4,98.07848,weight,14.0,0.0,1.1039
inorganic_acid,无机酸,sulfuric,硫酸,H2SO4,98.07848,weight,15.0,0.0,1.1116
inorganic_acid,无机酸,sulfuric,硫酸,H2SO4,98.07848,weight,16.0,0.0,1.1194
inorganic_acid,无机酸,sulfuric,硫酸,H2SO4,98.07848,weight,17.0,0.0,1.1272
inorganic_acid,无机酸,sulfuric,硫酸,H2SO4,98.07848,weight,18.0,0.0,1.1351
inorganic_acid,无机酸,sulfuric,硫酸,H2SO4,98.07848,weight,19.0,0.0,1.143
inorganic_acid,无机酸,sulfuric,硫酸,H2SO4,98.07848,weight,20.0,0.0,1.151
inorganic_acid,无机酸,sulfuric,硫酸,H2SO4,98.07848,weight,21.0,0.0,1.159
inorganic_acid,无机酸,sulfuric,硫酸,H2SO4,98.07848,weight,22.0,0.0,1.167
inorganic_acid,无机酸,sulfuric,硫酸,H2SO4,98.07848,weight,23.0,0.0,1.1751
inorganic_acid,无机酸,sulfuric,硫酸,H2SO4,98.07848,weight,24.0,0.0,1.1832
inorganic_acid,无机酸,sulfuric,硫酸,H2SO4,98.07848,weight,25.0,0.0,1.1914
inorganic_acid,无机酸,sulfuric,硫酸,H2SO4,98.07848,weight,26.0,0.0,1.1996
inorganic_acid,无机酸,sulfuric,硫酸,H2SO4,98.07848,weight,27.0,0.0,1.2078
inorganic_acid,无机酸,sulfuric,硫酸,H2SO4,98.07848,weight,28.0,0.0,1.216
inorganic_acid,无机酸,sulfuric,硫酸,H2SO4,98.07848,weight,29.0,0.0,1.2243
inorganic_acid,无机酸,sulfuric,硫酸,H2SO4,98.07848,weight,30.0,0.0,1.2326
inorganic_acid,无机酸,sulfuric,硫酸,H2SO4,98.07848,weight,31.0,0.0,1.2409
inorganic_acid,无机酸,sulfuric,硫酸,H2SO4,98.07848,weight,32.0,0.0,1.2493
inorganic_acid,无机酸,sulfuric,硫酸,H2SO4,98.07848,weight,33.0,0.0,1.2577
inorganic_acid,无机酸,sulfuric,硫酸,H2SO4,98.07848,weight,34.0,0.0,1.2661
inorganic_acid,无机酸,sulfuric,硫酸,H2SO4,98.07848,weight,35.0,0.0,1.2746
inorganic_acid,无机酸,sulfuric,硫酸,H2SO4,98.07848,weight,36.0,0.0,1.2831
inorganic_acid,无机酸,sulfuric,硫酸,H2SO4,98.07848,weight,37.0,0.0,1.2917
inorganic_acid,无机酸,sulfuric,硫酸,H2SO4,98.07848,weight,38.0,0.0,1.3004
inorganic_acid,无机酸,sulfuric,硫酸,H2SO4,98.07848,weight,39.0,0.0,1.3091
inorganic_acid,无机酸,sulfuric,硫酸,H2SO4,98.07848,weight,40.0,0.0,1.3179
inorganic_acid,无机酸,sulfuric,硫酸,H2SO4,98.07848,weight,41.0,0.0,1.3268
inorganic_acid,无机酸,sulfuric,硫酸,H2SO4,98.07848,weight,42.0,0.0,1.3357
inorganic_acid,无机酸,sulfuric,硫酸,H2SO4,98.07848,weight,43.0,0.0,1.3447
inorganic_acid,无机酸,sulfuric,硫酸,H2SO4,98.07848,weight,44.0,0.0,1.3538
inorganic_acid,无机酸,sulfuric,硫酸,H2SO4,98.07848,weight,45.0,0.0,1.363
inorganic_acid,无机酸,sulfuric,硫酸,H2SO4,98.07848,weight,46.0,0.0,1.3724
inorganic_acid,无机酸,sulfuric,硫酸,H2SO4,98.07848,weight,47.0,0.0,1.3819
inorganic_acid,无机酸,sulfuric,硫酸,H2SO4,98.07848,weight,48.0,0.0,1.3915
inorganic_acid,无机酸,sulfuric,硫酸,H2SO4,98.07848,weight,49.0,0.0,1.4012
inorganic_acid,无机酸,sulfuric,硫酸,H2SO4,98.07848,weight,50.0,0.0,1.411
inorganic_acid,无机酸,sulfuric,硫酸,H2SO4,98.07848,weight,51.0,0.0,1.4209
inorganic_acid,无机酸,sulfuric,硫酸,H2SO4,98.07848,weight,52.0,0.0,1.431
inorganic_acid,无机酸,sulfuric,硫酸,H2SO4,98.07848,weight,53.0,0.0,1.4412
inorganic_acid,无机酸,sulfuric,硫酸,H2SO4,98.07848,weight,54.0,0.0,1.4515
inorganic_acid,无机酸,sulfuric,硫酸,H2SO4,98.07848,weight,55.0,0.0,1.4619
inorganic_acid,无机酸,sulfuric,硫酸,H2SO4,98.07848,weight,56.0,0.0,1.4724
inorganic_acid,无机酸,sulfuric,硫酸,H2SO4,98.07848,weight,57.0,0.0,1.483
inorganic_acid,无机酸,sulfuric,硫酸,H2SO4,98.07848,weight,58.0,0.0,1.4937
inorganic_acid,无机酸,sulfuric,硫酸,H2SO4,98.07848,weight,59.0,0.0,1.5045
inorganic_acid,无机酸,sulfuric,硫酸,H2SO4,98.07848,weight,60.0,0.0,1.5154
inorganic_acid,无机酸,sulfuric,硫酸,H2SO4,98.07848,weight,61.0,0.0,1.5264
inorganic_acid,无机酸,sulfuric,硫酸,H2SO4,98.07848,weight,62.0,0.0,1.5375
inorganic_acid,无机酸,sulfuric,硫酸,H2SO4,98.07848,weight,63.0,0.0,1.5487
inorganic_acid,无机酸,sulfuric,硫酸,H2SO4,98.07848,weight,64.0,0.0,1.56
inorganic_acid,无机酸,sulfuric,硫酸,H2SO4,98.07848,weight,65.0,0.0,1.5714
inorganic_acid,无机酸,sulfuric,硫酸,H2SO4,98.07848,weight,66.0,0.0,1.5828
inorganic_acid,无机酸,sulfuric,硫酸,H2SO4,98.07848,weight,67.0,0.0,1.5943
inorganic_acid,无机酸,sulfuric,硫酸,H2SO4,98.07848,weight,68.0,0.0,1.6059
inorganic_acid,无机酸,sulfuric,硫酸,H2SO4,98.07848,weight,69.0,0.0,1.6176
inorganic_acid,无机酸,sulfuric,硫酸,H2SO4,98.07848,weight,70.0,0.0,1.6293
inorganic_acid,无机酸,sulfuric,硫酸,H2SO4,98.07848,weight,71.0,0.0,1.6411
inorganic_acid,无机酸,sulfuric,硫酸,H2SO4,98.07848,weight,72.0,0.0,1.6529
inorganic_acid,无机酸,sulfuric,硫酸,H2SO4,98.07848,weight,73.0,0.0,1.6648
inorganic_acid,无机酸,sulfuric,硫酸,H2SO4,98.07848,weight,74.0,0.0,1.6768
inorganic_acid,无机酸,sulfuric,硫酸,H2SO4,98.07848,weight,75.0,0.0,1.6888
inorganic_acid,无机酸,sulfuric,硫酸,H2SO4,98.07848,weight,76.0,0.0,1.7008
inorganic_acid,无机酸,sulfuric,硫酸,H2SO4,98.07848,weight,77.0,0.0,1.7128
inorganic_acid,无机酸,sulfuric,硫酸,H2SO4,98.07848,weight,78.0,0.0,1.7247
inorganic_acid,无机酸,sulfuric,硫酸,H2SO4,98.07848,weight,79.0,0.0,1.7365
inorganic_acid,无机酸,sulfuric,硫酸,H2SO4,98.07848,weight,80.0,0.0,1.7482
inorganic_acid,无机酸,sulfuric,硫酸,H2SO4,98.07848,weight,81.0,0.0,1.7597
inorganic_acid,无机酸,sulfuric,硫酸,H2SO4,98.07848,weight,82.0,0.0,1.7709
inorganic_acid,无机酸,sulfuric,硫酸,H2SO4,98.07848,weight,83.0,0.0,1.7815
inorganic_acid,无机酸,sulfuric,硫酸,H2SO4,98.07848,weight,84.0,0.0,1.7916
inorganic_acid,无机酸,sulfuric,硫酸,H2SO4,98.07848,weight,85.0,0.0,1.8009
inorganic_acid,无机酸,sulfuric,硫酸,H2SO4,98.07848,weight,86.0,0.0,1.8095
inorganic_acid,无机酸,sulfuric,硫酸,H2SO4,98.07848,weight,87.0,0.0,1.8173
inorganic_acid,无机酸,sulfuric,硫酸,H2SO4,98.07848,weight,88.0,0.0,1.8243
inorganic_acid,无机酸,sulfuric,硫酸,H2SO4,98.07848,weight,89.0,0.0,1.8306
inorganic_acid,无机酸,sulfuric,硫酸,H2SO4,98.07848,weight,90.0,0.0,1.8361
inorganic_acid,无机酸,sulfuric,硫酸,H2SO4,98.07848,weight,91.0,0.0,1.841
inorganic_acid,无机酸,sulfuric,硫酸,H2SO4,98.07848,weight,92.0,0.0,1.8453
inorganic_acid,无机酸,sulfuric,硫酸,H2SO4,98.07848,weight,93.0,0.0,1.849
inorganic_acid,无机酸,sulfuric,硫酸,H2SO4,98.07848,weight,94.0,0.0,1.852
inorganic_acid,无机酸,sulfuric,硫酸,H2SO4,98.07848,weight,95.0,0.0,1.8544
inorganic_acid,无机酸,sulfuric,硫酸,H2SO4,98.07848,weight,96.0,0.0,1.856
inorganic_acid,无机酸,sulfuric,硫酸,H2SO4,98.07848,weight,97.0,0.0,1.8569
inorganic_acid,无机酸,sulfuric,硫酸,H2SO4,98.07848,weight,98.0,0.0,1.8567
inorganic_acid,无机酸,sulfuric,硫酸,H2SO4,98.07848,weight,99.0,0.0,1.8551
inorganic_acid,无机酸,sulfuric,硫酸,H2SO4,98.07848,weight,100.0,0.0,1.8517
inorganic_acid,无机酸,sulfuric,硫酸,H2SO4,98.07848,weight,0,10,0.9997021
inorganic_acid,无机酸,sulfuric,硫酸,H2SO4,98.07848,weight,1.0,10.0,1.0068
inorganic_acid,无机酸,sulfuric,硫酸,H2SO4,98.07848,weight,2.0,10.0,1.0138
inorganic_acid,无机酸,sulfuric,硫酸,H2SO4,98.07848,weight,3.0,10.0,1.0206
inorganic_acid,无机酸,sulfuric,硫酸,H2SO4,98.07848,weight,4.0,10.0,1.0275
inorganic_acid,无机酸,sulfuric,硫酸,H2SO4,98.07848,weight,5.0,10.0,1.0344
inorganic_acid,无机酸,sulfuric,硫酸,H2SO4,98.07848,weight,6.0,10.0,1.0414
inorganic_acid,无机酸,sulfuric,硫酸,H2SO4,98.07848,weight,7.0,10.0,1.0485
inorganic_acid,无机酸,sulfuric,硫酸,H2SO4,98.07848,weight,8.0,10.0,1.0556
inorganic_acid,无机酸,sulfuric,硫酸,H2SO4,98.07848,weight,9.0,10.0,1.0628
inorganic_acid,无机酸,sulfuric,硫酸,H2SO4,98.07848,weight,10.0,10.0,1.07
inorganic_acid,无机酸,sulfuric,硫酸,H2SO4,98.07848,weight,11.0,10.0,1.0773
inorganic_acid,无机酸,sulfuric,硫酸,H2SO4,98.07848,weight,12.0,10.0,1.0846
inorganic_acid,无机酸,sulfuric,硫酸,H2SO4,98.07848,weight,13.0,10.0,1.092
inorganic_acid,无机酸,sulfuric,硫酸,H2SO4,98.07848,weight,14.0,10.0,1.0994
inorganic_acid,无机酸,sulfuric,硫酸,H2SO4,98.07848,weight,15.0,10.0,1.1069
inorganic_acid,无机酸,sulfuric,硫酸,H2SO4,98.07848,weight,16.0,10.0,1.1145
inorganic_acid,无机酸,sulfuric,硫酸,H2SO4,98.07848,weight,17.0,10.0,1.1221
inorganic_acid,无机酸,sulfuric,硫酸,H2SO4,98.07848,weight,18.0,10.0,1.1298
inorganic_acid,无机酸,sulfuric,硫酸,H2SO4,98.07848,weight,19.0,10.0,1.1375
inorganic_acid,无机酸,sulfuric,硫酸,H2SO4,98.07848,weight,20.0,10.0,1.1453
inorganic_acid,无机酸,sulfuric,硫酸,H2SO4,98.07848,weight,21.0,10.0,1.1531
inorganic_acid,无机酸,sulfuric,硫酸,H2SO4,98.07848,weight,22.0,10.0,1.1609
inorganic_acid,无机酸,sulfuric,硫酸,H2SO4,98.07848,weight,23.0,10.0,1.1688
inorganic_acid,无机酸,sulfuric,硫酸,H2SO4,98.07848,weight,24.0,10.0,1.1768
inorganic_acid,无机酸,sulfuric,硫酸,H2SO4,98.07848,weight,25.0,10.0,1.1848
inorganic_acid,无机酸,sulfuric,硫酸,H2SO4,98.07848,weight,26.0,10.0,1.1929
inorganic_acid,无机酸,sulfuric,硫酸,H2SO4,98.07848,weight,27.0,10.0,1.201
inorganic_acid,无机酸,sulfuric,硫酸,H2SO4,98.07848,weight,28.0,10.0,1.2091
inorganic_acid,无机酸,sulfuric,硫酸,H2SO4,98.07848,weight,29.0,10.0,1.2173
inorganic_acid,无机酸,sulfuric,硫酸,H2SO4,98.07848,weight,30.0,10.0,1.2255
inorganic_acid,无机酸,sulfuric,硫酸,H2SO4,98.07848,weight,31.0,10.0,1.2338
inorganic_acid,无机酸,sulfuric,硫酸,H2SO4,98.07848,weight,32.0,10.0,1.2421
inorganic_acid,无机酸,sulfuric,硫酸,H2SO4,98.07848,weight,33.0,10.0,1.2504
inorganic_acid,无机酸,sulfuric,硫酸,H2SO4,98.07848,weight,34.0,10.0,1.2588
inorganic_acid,无机酸,sulfuric,硫酸,H2SO4,98.07848,weight,35.0,10.0,1.2672
inorganic_acid,无机酸,sulfuric,硫酸,H2SO4,98.07848,weight,36.0,10.0,1.2757
inorganic_acid,无机酸,sulfuric,硫酸,H2SO4,98.07848,weight,37.0,10.0,1.2843
inorganic_acid,无机酸,sulfuric,硫酸,H2SO4,98.07848,weight,38.0,10.0,1.2929
inorganic_acid,无机酸,sulfuric,硫酸,H2SO4,98.07848,weight,39.0,10.0,1.3016
inorganic_acid,无机酸,sulfuric,硫酸,H2SO4,98.07848,weight,40.0,10.0,1.3103
inorganic_acid,无机酸,sulfuric,硫酸,H2SO4,98.07848,weight,41.0,10.0,1.3191
inorganic_acid,无机酸,sulfuric,硫酸,H2SO4,98.07848,weight,42.0,10.0,1.328
inorganic_acid,无机酸,sulfuric,硫酸,H2SO4,98.07848,weight,43.0,10.0,1.337
inorganic_acid,无机酸,sulfuric,硫酸,H2SO4,98.07848,weight,44.0,10.0,1.3461
inorganic_acid,无机酸,sulfuric,硫酸,H2SO4,98.07848,weight,45.0,10.0,1.3553
inorganic_acid,无机酸,sulfuric,硫酸,H2SO4,98.07848,weight,46.0,10.0,1.3646
inorganic_acid,无机酸,sulfuric,硫酸,H2SO4,98.07848,weight,47.0,10.0,1.374
inorganic_acid,无机酸,sulfuric,硫酸,H2SO4,98.07848,weight,48.0,10.0,1.3835
inorganic_acid,无机酸,sulfuric,硫酸,H2SO4,98.07848,weight,49.0,10.0,1.3931
inorganic_acid,无机酸,sulfuric,硫酸,H2SO4,98.07848,weight,50.0,10.0,1.4029
inorganic_acid,无机酸,sulfuric,硫酸,H2SO4,98.07848,weight,51.0,10.0,1.4128
inorganic_acid,无机酸,sulfuric,硫酸,H2SO4,98.07848,weight,52.0,10.0,1.4228
inorganic_acid,无机酸,sulfuric,硫酸,H2SO4,98.07848,weight,53.0,10.0,1.4329
inorganic_acid,无机酸,sulfuric,硫酸,H2SO4,98.07848,weight,54.0,10.0,1.4431
inorganic_acid,无机酸,sulfuric,硫酸,H2SO4,98.07848,weight,55.0,10.0,1.4535
inorganic_acid,无机酸,sulfuric,硫酸,H2SO4,98.07848,weight,56.0,10.0,1.464
inorganic_acid,无机酸,sulfuric,硫酸,H2SO4,98.07848,weight,57.0,10.0,1.4746
inorganic_acid,无机酸,sulfuric,硫酸,H2SO4,98.07848,weight,58.0,10.0,1.4852
inorganic_acid,无机酸,sulfuric,硫酸,H2SO4,98.07848,weight,59.0,10.0,1.4959
inorganic_acid,无机酸,sulfuric,硫酸,H2SO4,98.07848,weight,60.0,10.0,1.5067
inorganic_acid,无机酸,sulfuric,硫酸,H2SO4,98.07848,weight,61.0,10.0,1.5177
inorganic_acid,无机酸,sulfuric,硫酸,H2SO4,98.07848,weight,62.0,10.0,1.5287
inorganic_acid,无机酸,sulfuric,硫酸,H2SO4,98.07848,weight,63.0,10.0,1.5398
inorganic_acid,无机酸,sulfuric,硫酸,H2SO4,98.07848,weight,64.0,10.0,1.551
inorganic_acid,无机酸,sulfuric,硫酸,H2SO4,98.07848,weight,65.0,10.0,1.5623
inorganic_acid,无机酸,sulfuric,硫酸,H2SO4,98.07848,weight,66.0,10.0,1.5736
inorganic_acid,无机酸,sulfuric,硫酸,H2SO4,98.07848,weight,67.0,10.0,1.585
inorganic_acid,无机酸,sulfuric,硫酸,H2SO4,98.07848,weight,68.0,10.0,1.5965
inorganic_acid,无机酸,sulfuric,硫酸,H2SO4,98.07848,weight,69.0,10.0,1.6081
inorganic_acid,无机酸,sulfuric,硫酸,H2SO4,98.07848,weight,70.0,10.0,1.6198
inorganic_acid,无机酸,sulfuric,硫酸,H2SO4,98.07848,weight,71.0,10.0,1.6315
inorganic_acid,无机酸,sulfuric,硫酸,H2SO4,98.07848,weight,72.0,10.0,1.6433
inorganic_acid,无机酸,sulfuric,硫酸,H2SO4,98.07848,weight,73.0,10.0,1.6551
inorganic_acid,无机酸,sulfuric,硫酸,H2SO4,98.07848,weight,74.0,10.0,1.667
inorganic_acid,无机酸,sulfuric,硫酸,H2SO4,98.07848,weight,75.0,10.0,1.6789
inorganic_acid,无机酸,sulfuric,硫酸,H2SO4,98.07848,weight,76.0,10.0,1.6908
inorganic_acid,无机酸,sulfuric,硫酸,H2SO4,98.07848,weight,77.0,10.0,1.7026
inorganic_acid,无机酸,sulfuric,硫酸,H2SO4,98.07848,weight,78.0,10.0,1.7144
inorganic_acid,无机酸,sulfuric,硫酸,H2SO4,98.07848,weight,79.0,10.0,1.7261
inorganic_acid,无机酸,sulfuric,硫酸,H2SO4,98.07848,weight,80.0,10.0,1.7376
inorganic_acid,无机酸,sulfuric,硫酸,H2SO4,98.07848,weight,81.0,10.0,1.7489
inorganic_acid,无机酸,sulfuric,硫酸,H2SO4,98.07848,weight,82.0,10.0,1.7599
inorganic_acid,无机酸,sulfuric,硫酸,H2SO4,98.07848,weight,83.0,10.0,1.7704
inorganic_acid,无机酸,sulfuric,硫酸,H2SO4,98.07848,weight,84.0,10.0,1.7804
inorganic_acid,无机酸,sulfuric,硫酸,H2SO4,98.07848,weight,85.0,10.0,1.7897
inorganic_acid,无机酸,sulfuric,硫酸,H2SO4,98.07848,weight,86.0,10.0,1.7983
inorganic_acid,无机酸,sulfuric,硫酸,H2SO4,98.07848,weight,87.0,10.0,1.8061
inorganic_acid,无机酸,sulfuric,硫酸,H2SO4,98.07848,weight,88.0,10.0,1.8132
inorganic_acid,无机酸,sulfuric,硫酸,H2SO4,98.07848,weight,89.0,10.0,1.8195
inorganic_acid,无机酸,sulfuric,硫酸,H2SO4,98.07848,weight,90.0,10.0,1.8252
inorganic_acid,无机酸,sulfuric,硫酸,H2SO4,98.07848,weight,91.0,10.0,1.8302
inorganic_acid,无机酸,sulfuric,硫酸,H2SO4,98.07848,weight,92.0,10.0,1.8346
inorganic_acid,无机酸,sulfuric,硫酸,H2SO4,98.07848,weight,93.0,10.0,1.8384
inorganic_acid,无机酸,sulfuric,硫酸,H2SO4,98.07848,weight,94.0,10.0,1.8415
inorganic_acid,无机酸,sulfuric,硫酸,H2SO4,98.07848,weight,95.0,10.0,1.8439
inorganic_acid,无机酸,sulfuric,硫酸,H2SO4,98.07848,weight,96.0,10.0,1.8457
inorganic_acid,无机酸,sulfuric,硫酸,H2SO4,98.07848,weight,97.0,10.0,1.8466
inorganic_acid,无机酸,sulfuric,硫酸,H2SO4,98.07848,weight,98.0,10.0,1.8463
inorganic_acid,无机酸,sulfuric,硫酸,H2SO4,98.07848,weight,99.0,10.0,1.8445
inorganic_acid,无机酸,sulfuric,硫酸,H2SO4,98.07848,weight,100.0,10.0,1.8409
inorganic_acid,无机酸,sulfuric,硫酸,H2SO4,98.07848,weight,0,15,0.9991016
inorganic_acid,无机酸,sulfuric,硫酸,H2SO4,98.07848,weight,1.0,15.0,1.006
inorganic_acid,无机酸,sulfuric,硫酸,H2SO4,98.07848,weight,2.0,15.0,1.0129
inorganic_acid,无机酸,sulfuric,硫酸,H2SO4,98.07848,weight,3.0,15.0,1.0197
inorganic_acid,无机酸,sulfuric,硫酸,H2SO4,98.07848,weight,4.0,15.0,1.0264
inorganic_acid,无机酸,sulfuric,硫酸,H2SO4,98.07848,weight,5.0,15.0,1.0332
inorganic_acid,无机酸,sulfuric,硫酸,H2SO4,98.07848,weight,6.0,15.0,1.04
inorganic_acid,无机酸,sulfuric,硫酸,H2SO4,98.07848,weight,7.0,15.0,1.0469
inorganic_acid,无机酸,sulfuric,硫酸,H2SO4,98.07848,weight,8.0,15.0,1.0539
inorganic_acid,无机酸,sulfuric,硫酸,H2SO4,98.07848,weight,9.0,15.0,1.061
inorganic_acid,无机酸,sulfuric,硫酸,H2SO4,98.07848,weight,10.0,15.0,1.0681
inorganic_acid,无机酸,sulfuric,硫酸,H2SO4,98.07848,weight,11.0,15.0,1.0753
inorganic_acid,无机酸,sulfuric,硫酸,H2SO4,98.07848,weight,12.0,15.0,1.0825
inorganic_acid,无机酸,sulfuric,硫酸,H2SO4,98.07848,weight,13.0,15.0,1.0898
inorganic_acid,无机酸,sulfuric,硫酸,H2SO4,98.07848,weight,14.0,15.0,1.0971
inorganic_acid,无机酸,sulfuric,硫酸,H2SO4,98.07848,weight,15.0,15.0,1.1045
inorganic_acid,无机酸,sulfuric,硫酸,H2SO4,98.07848,weight,16.0,15.0,1.112
inorganic_acid,无机酸,sulfuric,硫酸,H2SO4,98.07848,weight,17.0,15.0,1.1195
inorganic_acid,无机酸,sulfuric,硫酸,H2SO4,98.07848,weight,18.0,15.0,1.1271
inorganic_acid,无机酸,sulfuric,硫酸,H2SO4,98.07848,weight,19.0,15.0,1.1347
inorganic_acid,无机酸,sulfuric,硫酸,H2SO4,98.07848,weight,20.0,15.0,1.1424
inorganic_acid,无机酸,sulfuric,硫酸,H2SO4,98.07848,weight,21.0,15.0,1.1501
inorganic_acid,无机酸,sulfuric,硫酸,H2SO4,98.07848,weight,22.0,15.0,1.1579
inorganic_acid,无机酸,sulfuric,硫酸,H2SO4,98.07848,weight,23.0,15.0,1.1657
inorganic_acid,无机酸,sulfuric,硫酸,H2SO4,98.07848,weight,24.0,15.0,1.1736
inorganic_acid,无机酸,sulfuric,硫酸,H2SO4,98.07848,weight,25.0,15.0,1.1816
inorganic_acid,无机酸,sulfuric,硫酸,H2SO4,98.07848,weight,26.0,15.0,1.1896
inorganic_acid,无机酸,sulfuric,硫酸,H2SO4,98.07848,weight,27.0,15.0,1.1976
inorganic_acid,无机酸,sulfuric,硫酸,H2SO4,98.07848,weight,28.0,15.0,1.2057
inorganic_acid,无机酸,sulfuric,硫酸,H2SO4,98.07848,weight,29.0,15.0,1.2138
inorganic_acid,无机酸,sulfuric,硫酸,H2SO4,98.07848,weight,30.0,15.0,1.222
inorganic_acid,无机酸,sulfuric,硫酸,H2SO4,98.07848,weight,31.0,15.0,1.2302
inorganic_acid,无机酸,sulfuric,硫酸,H2SO4,98.07848,weight,32.0,15.0,1.2385
inorganic_acid,无机酸,sulfuric,硫酸,H2SO4,98.07848,weight,33.0,15.0,1.2468
inorganic_acid,无机酸,sulfuric,硫酸,H2SO4,98.07848,weight,34.0,15.0,1.2552
inorganic_acid,无机酸,sulfuric,硫酸,H2SO4,98.07848,weight,35.0,15.0,1.2636
inorganic_acid,无机酸,sulfuric,硫酸,H2SO4,98.07848,weight,36.0,15.0,1.272
inorganic_acid,无机酸,sulfuric,硫酸,H2SO4,98.07848,weight,37.0,15.0,1.2805
inorganic_acid,无机酸,sulfuric,硫酸,H2SO4,98.07848,weight,38.0,15.0,1.2891
inorganic_acid,无机酸,sulfuric,硫酸,H2SO4,98.07848,weight,39.0,15.0,1.2978
inorganic_acid,无机酸,sulfuric,硫酸,H2SO4,98.07848,weight,40.0,15.0,1.3065
inorganic_acid,无机酸,sulfuric,硫酸,H2SO4,98.07848,weight,41.0,15.0,1.3153
inorganic_acid,无机酸,sulfuric,硫酸,H2SO4,98.07848,weight,42.0,15.0,1.3242
inorganic_acid,无机酸,sulfuric,硫酸,H2SO4,98.07848,weight,43.0,15.0,1.3332
inorganic_acid,无机酸,sulfuric,硫酸,H2SO4,98.07848,weight,44.0,15.0,1.3423
inorganic_acid,无机酸,sulfuric,硫酸,H2SO4,98.07848,weight,45.0,15.0,1.3515
inorganic_acid,无机酸,sulfuric,硫酸,H2SO4,98.07848,weight,46.0,15.0,1.3608
inorganic_acid,无机酸,sulfuric,硫酸,H2SO4,98.07848,weight,47.0,15.0,1.3702
inorganic_acid,无机酸,sulfuric,硫酸,H2SO4,98.07848,weight,48.0,15.0,1.3797
inorganic_acid,无机酸,sulfuric,硫酸,H2SO4,98.07848,weight,49.0,15.0,1.3893
inorganic_acid,无机酸,sulfuric,硫酸,H2SO4,98.07848,weight,50.0,15.0,1.399
inorganic_acid,无机酸,sulfuric,硫酸,H2SO4,98.07848,weight,51.0,15.0,1.4088
inorganic_acid,无机酸,sulfuric,硫酸,H2SO4,98.07848,weight,52.0,15.0,1.4188
inorganic_acid,无机酸,sulfuric,硫酸,H2SO4,98.07848,weight,53.0,15.0,1.4289
inorganic_acid,无机酸,sulfuric,硫酸,H2SO4,98.07848,weight,54.0,15.0,1.4391
inorganic_acid,无机酸,sulfuric,硫酸,H2SO4,98.07848,weight,55.0,15.0,1.4494
inorganic_acid,无机酸,sulfuric,硫酸,H2SO4,98.07848,weight,56.0,15.0,1.4598
inorganic_acid,无机酸,sulfuric,硫酸,H2SO4,98.07848,weight,57.0,15.0,1.4703
inorganic_acid,无机酸,sulfuric,硫酸,H2SO4,98.07848,weight,58.0,15.0,1.4809
inorganic_acid,无机酸,sulfuric,硫酸,H2SO4,98.07848,weight,59.0,15.0,1.4916
inorganic_acid,无机酸,sulfuric,硫酸,H2SO4,98.07848,weight,60.0,15.0,1.5024
inorganic_acid,无机酸,sulfuric,硫酸,H2SO4,98.07848,weight,61.0,15.0,1.5133
inorganic_acid,无机酸,sulfuric,硫酸,H2SO4,98.07848,weight,62.0,15.0,1.5243
inorganic_acid,无机酸,sulfuric,硫酸,H2SO4,98.07848,weight,63.0,15.0,1.5354
inorganic_acid,无机酸,sulfuric,硫酸,H2SO4,98.07848,weight,64.0,15.0,1.5465
inorganic_acid,无机酸,sulfuric,硫酸,H2SO4,98.07848,weight,65.0,15.0,1.5578
inorganic_acid,无机酸,sulfuric,硫酸,H2SO4,98.07848,weight,66.0,15.0,1.5691
inorganic_acid,无机酸,sulfuric,硫酸,H2SO4,98.07848,weight,67.0,15.0,1.5805
inorganic_acid,无机酸,sulfuric,硫酸,H2SO4,98.07848,weight,68.0,15.0,1.592
inorganic_acid,无机酸,sulfuric,硫酸,H2SO4,98.07848,weight,69.0,15.0,1.6035
inorganic_acid,无机酸,sulfuric,硫酸,H2SO4,98.07848,weight,70.0,15.0,1.6151
inorganic_acid,无机酸,sulfuric,硫酸,H2SO4,98.07848,weight,71.0,15.0,1.6268
inorganic_acid,无机酸,sulfuric,硫酸,H2SO4,98.07848,weight,72.0,15.0,1.6385
inorganic_acid,无机酸,sulfuric,硫酸,H2SO4,98.07848,weight,73.0,15.0,1.6503
inorganic_acid,无机酸,sulfuric,硫酸,H2SO4,98.07848,weight,74.0,15.0,1.6622
inorganic_acid,无机酸,sulfuric,硫酸,H2SO4,98.07848,weight,75.0,15.0,1.674
inorganic_acid,无机酸,sulfuric,硫酸,H2SO4,98.07848,weight,76.0,15.0,1.6858
inorganic_acid,无机酸,sulfuric,硫酸,H2SO4,98.07848,weight,77.0,15.0,1.6976
inorganic_acid,无机酸,sulfuric,硫酸,H2SO4,98.07848,weight,78.0,15.0,1.7093
inorganic_acid,无机酸,sulfuric,硫酸,H2SO4,98.07848,weight,79.0,15.0,1.7209
inorganic_acid,无机酸,sulfuric,硫酸,H2SO4,98.07848,weight,80.0,15.0,1.7323
inorganic_acid,无机酸,sulfuric,硫酸,H2SO4,98.07848,weight,81.0,15.0,1.7435
inorganic_acid,无机酸,sulfuric,硫酸,H2SO4,98.07848,weight,82.0,15.0,1.7544
inorganic_acid,无机酸,sulfuric,硫酸,H2SO4,98.07848,weight,83.0,15.0,1.7649
inorganic_acid,无机酸,sulfuric,硫酸,H2SO4,98.07848,weight,84.0,15.0,1.7748
inorganic_acid,无机酸,sulfuric,硫酸,H2SO4,98.07848,weight,85.0,15.0,1.7841
inorganic_acid,无机酸,sulfuric,硫酸,H2SO4,98.07848,weight,86.0,15.0,1.7927
inorganic_acid,无机酸,sulfuric,硫酸,H2SO4,98.07848,weight,87.0,15.0,1.8006
inorganic_acid,无机酸,sulfuric,硫酸,H2SO4,98.07848,weight,88.0,15.0,1.8077
inorganic_acid,无机酸,sulfuric,硫酸,H2SO4,98.07848,weight,89.0,15.0,1.8141
inorganic_acid,无机酸,sulfuric,硫酸,H2SO4,98.07848,weight,90.0,15.0,1.8198
inorganic_acid,无机酸,sulfuric,硫酸,H2SO4,98.07848,weight,91.0,15.0,1.8248
inorganic_acid,无机酸,sulfuric,硫酸,H2SO4,98.07848,weight,92.0,15.0,1.8293
inorganic_acid,无机酸,sulfuric,硫酸,H2SO4,98.07848,weight,93.0,15.0,1.8331
inorganic_acid,无机酸,sulfuric,硫酸,H2SO4,98.07848,weight,94.0,15.0,1.8363
inorganic_acid,无机酸,sulfuric,硫酸,H2SO4,98.07848,weight,95.0,15.0,1.8388
inorganic_acid,无机酸,sulfuric,硫酸,H2SO4,98.07848,weight,96.0,15.0,1.8406
inorganic_acid,无机酸,sulfuric,硫酸,H2SO4,98.07848,weight,97.0,15.0,1.8414
inorganic_acid,无机酸,sulfuric,硫酸,H2SO4,98.07848,weight,98.0,15.0,1.8411
inorganic_acid,无机酸,sulfuric,硫酸,H2SO4,98.07848,weight,99.0,15.0,1.8393
inorganic_acid,无机酸,sulfuric,硫酸,H2SO4,98.07848,weight,100.0,15.0,1.8357
inorganic_acid,无机酸,sulfuric,硫酸,H2SO4,98.07848,weight,0,20,0.9982063
inorganic_acid,无机酸,sulfuric,硫酸,H2SO4,98.07848,weight,1.0,20.0,1.0051
inorganic_acid,无机酸,sulfuric,硫酸,H2SO4,98.07848,weight,2.0,20.0,1.0118
inorganic_acid,无机酸,sulfuric,硫酸,H2SO4,98.07848,weight,3.0,20.0,1.0184
inorganic_acid,无机酸,sulfuric,硫酸,H2SO4,98.07848,weight,4.0,20.0,1.025
inorganic_acid,无机酸,sulfuric,硫酸,H2SO4,98.07848,weight,5.0,20.0,1.0317
inorganic_acid,无机酸,sulfuric,硫酸,H2SO4,98.07848,weight,6.0,20.0,1.0385
inorganic_acid,无机酸,sulfuric,硫酸,H2SO4,98.07848,weight,7.0,20.0,1.0453
inorganic_acid,无机酸,sulfuric,硫酸,H2SO4,98.07848,weight,8.0,20.0,1.0522
inorganic_acid,无机酸,sulfuric,硫酸,H2SO4,98.07848,weight,9.0,20.0,1.0591
inorganic_acid,无机酸,sulfuric,硫酸,H2SO4,98.07848,weight,10.0,20.0,1.0661
inorganic_acid,无机酸,sulfuric,硫酸,H2SO4,98.07848,weight,11.0,20.0,1.0731
inorganic_acid,无机酸,sulfuric,硫酸,H2SO4,98.07848,weight,12.0,20.0,1.0802
inorganic_acid,无机酸,sulfuric,硫酸,H2SO4,98.07848,weight,13.0,20.0,1.0874
inorganic_acid,无机酸,sulfuric,硫酸,H2SO4,98.07848,weight,14.0,20.0,1.0947
inorganic_acid,无机酸,sulfuric,硫酸,H2SO4,98.07848,weight,15.0,20.0,1.102
inorganic_acid,无机酸,sulfuric,硫酸,H2SO4,98.07848,weight,16.0,20.0,1.1094
inorganic_acid,无机酸,sulfuric,硫酸,H2SO4,98.07848,weight,17.0,20.0,1.1168
inorganic_acid,无机酸,sulfuric,硫酸,H2SO4,98.07848,weight,18.0,20.0,1.1243
inorganic_acid,无机酸,sulfuric,硫酸,H2SO4,98.07848,weight,19.0,20.0,1.1318
inorganic_acid,无机酸,sulfuric,硫酸,H2SO4,98.07848,weight,20.0,20.0,1.1394
inorganic_acid,无机酸,sulfuric,硫酸,H2SO4,98.07848,weight,21.0,20.0,1.1471
inorganic_acid,无机酸,sulfuric,硫酸,H2SO4,98.07848,weight,22.0,20.0,1.1548
inorganic_acid,无机酸,sulfuric,硫酸,H2SO4,98.07848,weight,23.0,20.0,1.1626
inorganic_acid,无机酸,sulfuric,硫酸,H2SO4,98.07848,weight,24.0,20.0,1.1704
inorganic_acid,无机酸,sulfuric,硫酸,H2SO4,98.07848,weight,25.0,20.0,1.1783
inorganic_acid,无机酸,sulfuric,硫酸,H2SO4,98.07848,weight,26.0,20.0,1.1862
inorganic_acid,无机酸,sulfuric,硫酸,H2SO4,98.07848,weight,27.0,20.0,1.1942
inorganic_acid,无机酸,sulfuric,硫酸,H2SO4,98.07848,weight,28.0,20.0,1.2023
inorganic_acid,无机酸,sulfuric,硫酸,H2SO4,98.07848,weight,29.0,20.0,1.2104
inorganic_acid,无机酸,sulfuric,硫酸,H2SO4,98.07848,weight,30.0,20.0,1.2185
inorganic_acid,无机酸,sulfuric,硫酸,H2SO4,98.07848,weight,31.0,20.0,1.2267
inorganic_acid,无机酸,sulfuric,硫酸,H2SO4,98.07848,weight,32.0,20.0,1.2349
inorganic_acid,无机酸,sulfuric,硫酸,H2SO4,98.07848,weight,33.0,20.0,1.2432
inorganic_acid,无机酸,sulfuric,硫酸,H2SO4,98.07848,weight,34.0,20.0,1.2515
inorganic_acid,无机酸,sulfuric,硫酸,H2SO4,98.07848,weight,35.0,20.0,1.2599
inorganic_acid,无机酸,sulfuric,硫酸,H2SO4,98.07848,weight,36.0,20.0,1.2684
inorganic_acid,无机酸,sulfuric,硫酸,H2SO4,98.07848,weight,37.0,20.0,1.2769
inorganic_acid,无机酸,sulfuric,硫酸,H2SO4,98.07848,weight,38.0,20.0,1.2855
inorganic_acid,无机酸,sulfuric,硫酸,H2SO4,98.07848,weight,39.0,20.0,1.2941
inorganic_acid,无机酸,sulfuric,硫酸,H2SO4,98.07848,weight,40.0,20.0,1.3028
inorganic_acid,无机酸,sulfuric,硫酸,H2SO4,98.07848,weight,41.0,20.0,1.3116
inorganic_acid,无机酸,sulfuric,硫酸,H2SO4,98.07848,weight,42.0,20.0,1.3205
inorganic_acid,无机酸,sulfuric,硫酸,H2SO4,98.07848,weight,43.0,20.0,1.3294
inorganic_acid,无机酸,sulfuric,硫酸,H2SO4,98.07848,weight,44.0,20.0,1.3384
inorganic_acid,无机酸,sulfuric,硫酸,H2SO4,98.07848,weight,45.0,20.0,1.3476
inorganic_acid,无机酸,sulfuric,硫酸,H2SO4,98.07848,weight,46.0,20.0,1.3569
inorganic_acid,无机酸,sulfuric,硫酸,H2SO4,98.07848,weight,47.0,20.0,1.3663
inorganic_acid,无机酸,sulfuric,硫酸,H2SO4,98.07848,weight,48.0,20.0,1.3758
inorganic_acid,无机酸,sulfuric,硫酸,H2SO4,98.07848,weight,49.0,20.0,1.3854
inorganic_acid,无机酸,sulfuric,硫酸,H2SO4,98.07848,weight,50.0,20.0,1.3951
inorganic_acid,无机酸,sulfuric,硫酸,H2SO4,98.07848,weight,51.0,20.0,1.4049
inorganic_acid,无机酸,sulfuric,硫酸,H2SO4,98.07848,weight,52.0,20.0,1.4148
inorganic_acid,无机酸,sulfuric,硫酸,H2SO4,98.07848,weight,53.0,20.0,1.4248
inorganic_acid,无机酸,sulfuric,硫酸,H2SO4,98.07848,weight,54.0,20.0,1.435
inorganic_acid,无机酸,sulfuric,硫酸,H2SO4,98.07848,weight,55.0,20.0,1.4453
inorganic_acid,无机酸,sulfuric,硫酸,H2SO4,98.07848,weight,56.0,20.0,1.4557
inorganic_acid,无机酸,sulfuric,硫酸,H2SO4,98.07848,weight,57.0,20.0,1.4662
inorganic_acid,无机酸,sulfuric,硫酸,H2SO4,98.07848,weight,58.0,20.0,1.4768
inorganic_acid,无机酸,sulfuric,硫酸,H2SO4,98.07848,weight,59.0,20.0,1.4875
inorganic_acid,无机酸,sulfuric,硫酸,H2SO4,98.07848,weight,60.0,20.0,1.4983
inorganic_acid,无机酸,sulfuric,硫酸,H2SO4,98.07848,weight,61.0,20.0,1.5091
inorganic_acid,无机酸,sulfuric,硫酸,H2SO4,98.07848,weight,62.0,20.0,1.52
inorganic_acid,无机酸,sulfuric,硫酸,H2SO4,98.07848,weight,63.0,20.0,1.531
inorganic_acid,无机酸,sulfuric,硫酸,H2SO4,98.07848,weight,64.0,20.0,1.5421
inorganic_acid,无机酸,sulfuric,硫酸,H2SO4,98.07848,weight,65.0,20.0,1.5533
inorganic_acid,无机酸,sulfuric,硫酸,H2SO4,98.07848,weight,66.0,20.0,1.5646
inorganic_acid,无机酸,sulfuric,硫酸,H2SO4,98.07848,weight,67.0,20.0,1.576
inorganic_acid,无机酸,sulfuric,硫酸,H2SO4,98.07848,weight,68.0,20.0,1.5874
inorganic_acid,无机酸,sulfuric,硫酸,H2SO4,98.07848,weight,69.0,20.0,1.5989
inorganic_acid,无机酸,sulfuric,硫酸,H2SO4,98.07848,weight,70.0,20.0,1.6105
inorganic_acid,无机酸,sulfuric,硫酸,H2SO4,98.07848,weight,71.0,20.0,1.6221
inorganic_acid,无机酸,sulfuric,硫酸,H2SO4,98.07848,weight,72.0,20.0,1.6338
inorganic_acid,无机酸,sulfuric,硫酸,H2SO4,98.07848,weight,73.0,20.0,1.6456
inorganic_acid,无机酸,sulfuric,硫酸,H2SO4,98.07848,weight,74.0,20.0,1.6574
inorganic_acid,无机酸,sulfuric,硫酸,H2SO4,98.07848,weight,75.0,20.0,1.6692
inorganic_acid,无机酸,sulfuric,硫酸,H2SO4,98.07848,weight,76.0,20.0,1.681
inorganic_acid,无机酸,sulfuric,硫酸,H2SO4,98.07848,weight,77.0,20.0,1.6927
inorganic_acid,无机酸,sulfuric,硫酸,H2SO4,98.07848,weight,78.0,20.0,1.7043
inorganic_acid,无机酸,sulfuric,硫酸,H2SO4,98.07848,weight,79.0,20.0,1.7158
inorganic_acid,无机酸,sulfuric,硫酸,H2SO4,98.07848,weight,80.0,20.0,1.7272
inorganic_acid,无机酸,sulfuric,硫酸,H2SO4,98.07848,weight,81.0,20.0,1.7383
inorganic_acid,无机酸,sulfuric,硫酸,H2SO4,98.07848,weight,82.0,20.0,1.7491
inorganic_acid,无机酸,sulfuric,硫酸,H2SO4,98.07848,weight,83.0,20.0,1.7594
inorganic_acid,无机酸,sulfuric,硫酸,H2SO4,98.07848,weight,84.0,20.0,1.7693
inorganic_acid,无机酸,sulfuric,硫酸,H2SO4,98.07848,weight,85.0,20.0,1.7786
inorganic_acid,无机酸,sulfuric,硫酸,H2SO4,98.07848,weight,86.0,20.0,1.7872
inorganic_acid,无机酸,sulfuric,硫酸,H2SO4,98.07848,weight,87.0,20.0,1.7951
inorganic_acid,无机酸,sulfuric,硫酸,H2SO4,98.07848,weight,88.0,20.0,1.8022
inorganic_acid,无机酸,sulfuric,硫酸,H2SO4,98.07848,weight,89.0,20.0,1.8087
inorganic_acid,无机酸,sulfuric,硫酸,H2SO4,98.07848,weight,90.0,20.0,1.8144
inorganic_acid,无机酸,sulfuric,硫酸,H2SO4,98.07848,weight,91.0,20.0,1.8195
inorganic_acid,无机酸,sulfuric,硫酸,H2SO4,98.07848,weight,92.0,20.0,1.824
inorganic_acid,无机酸,sulfuric,硫酸,H2SO4,98.07848,weight,93.0,20.0,1.8279
inorganic_acid,无机酸,sulfuric,硫酸,H2SO4,98.07848,weight,94.0,20.0,1.8312
inorganic_acid,无机酸,sulfuric,硫酸,H2SO4,98.07848,weight,95.0,20.0,1.8337
inorganic_acid,无机酸,sulfuric,硫酸,H2SO4,98.07848,weight,96.0,20.0,1.8355
inorganic_acid,无机酸,sulfuric,硫酸,H2SO4,98.07848,weight,97.0,20.0,1.8364
inorganic_acid,无机酸,sulfuric,硫酸,H2SO4,98.07848,weight,98.0,20.0,1.8361
inorganic_acid,无机酸,sulfuric,硫酸,H2SO4,98.07848,weight,99.0,20.0,1.8342
inorganic_acid,无机酸,sulfuric,硫酸,H2SO4,98.07848,weight,100.0,20.0,1.8305
inorganic_acid,无机酸,sulfuric,硫酸,H2SO4,98.07848,weight,0,25,0.997048
inorganic_acid,无机酸,sulfuric,硫酸,H2SO4,98.07848,weight,1.0,25.0,1.0038
inorganic_acid,无机酸,sulfuric,硫酸,H2SO4,98.07848,weight,2.0,25.0,1.0104
inorganic_acid,无机酸,sulfuric,硫酸,H2SO4,98.07848,weight,3.0,25.0,1.0169
inorganic_acid,无机酸,sulfuric,硫酸,H2SO4,98.07848,weight,4.0,25.0,1.0234
inorganic_acid,无机酸,sulfuric,硫酸,H2SO4,98.07848,weight,5.0,25.0,1.03
inorganic_acid,无机酸,sulfuric,硫酸,H2SO4,98.07848,weight,6.0,25.0,1.0367
inorganic_acid,无机酸,sulfuric,硫酸,H2SO4,98.07848,weight,7.0,25.0,1.0434
inorganic_acid,无机酸,sulfuric,硫酸,H2SO4,98.07848,weight,8.0,25.0,1.0502
inorganic_acid,无机酸,sulfuric,硫酸,H2SO4,98.07848,weight,9.0,25.0,1.0571
inorganic_acid,无机酸,sulfuric,硫酸,H2SO4,98.07848,weight,10.0,25.0,1.064
inorganic_acid,无机酸,sulfuric,硫酸,H2SO4,98.07848,weight,11.0,25.0,1.071
inorganic_acid,无机酸,sulfuric,硫酸,H2SO4,98.07848,weight,12.0,25.0,1.078
inorganic_acid,无机酸,sulfuric,硫酸,H2SO4,98.07848,weight,13.0,25.0,1.0851
inorganic_acid,无机酸,sulfuric,硫酸,H2SO4,98.07848,weight,14.0,25.0,1.0922
inorganic_acid,无机酸,sulfuric,硫酸,H2SO4,98.07848,weight,15.0,25.0,1.0994
inorganic_acid,无机酸,sulfuric,硫酸,H2SO4,98.07848,weight,16.0,25.0,1.1067
inorganic_acid,无机酸,sulfuric,硫酸,H2SO4,98.07848,weight,17.0,25.0,1.1141
inorganic_acid,无机酸,sulfuric,硫酸,H2SO4,98.07848,weight,18.0,25.0,1.1215
inorganic_acid,无机酸,sulfuric,硫酸,H2SO4,98.07848,weight,19.0,25.0,1.129
inorganic_acid,无机酸,sulfuric,硫酸,H2SO4,98.07848,weight,20.0,25.0,1.1365
inorganic_acid,无机酸,sulfuric,硫酸,H2SO4,98.07848,weight,21.0,25.0,1.1441
inorganic_acid,无机酸,sulfuric,硫酸,H2SO4,98.07848,weight,22.0,25.0,1.1517
inorganic_acid,无机酸,sulfuric,硫酸,H2SO4,98.07848,weight,23.0,25.0,1.1594
inorganic_acid,无机酸,sulfuric,硫酸,H2SO4,98.07848,weight,24.0,25.0,1.1672
inorganic_acid,无机酸,sulfuric,硫酸,H2SO4,98.07848,weight,25.0,25.0,1.175
inorganic_acid,无机酸,sulfuric,硫酸,H2SO4,98.07848,weight,26.0,25.0,1.1829
inorganic_acid,无机酸,sulfuric,硫酸,H2SO4,98.07848,weight,27.0,25.0,1.1909
inorganic_acid,无机酸,sulfuric,硫酸,H2SO4,98.07848,weight,28.0,25.0,1.1989
inorganic_acid,无机酸,sulfuric,硫酸,H2SO4,98.07848,weight,29.0,25.0,1.2069
inorganic_acid,无机酸,sulfuric,硫酸,H2SO4,98.07848,weight,30.0,25.0,1.215
inorganic_acid,无机酸,sulfuric,硫酸,H2SO4,98.07848,weight,31.0,25.0,1.2232
inorganic_acid,无机酸,sulfuric,硫酸,H2SO4,98.07848,weight,32.0,25.0,1.2314
inorganic_acid,无机酸,sulfuric,硫酸,H2SO4,98.07848,weight,33.0,25.0,1.2396
inorganic_acid,无机酸,sulfuric,硫酸,H2SO4,98.07848,weight,34.0,25.0,1.2479
inorganic_acid,无机酸,sulfuric,硫酸,H2SO4,98.07848,weight,35.0,25.0,1.2563
inorganic_acid,无机酸,sulfuric,硫酸,H2SO4,98.07848,weight,36.0,25.0,1.2647
inorganic_acid,无机酸,sulfuric,硫酸,H2SO4,98.07848,weight,37.0,25.0,1.2732
inorganic_acid,无机酸,sulfuric,硫酸,H2SO4,98.07848,weight,38.0,25.0,1.2818
inorganic_acid,无机酸,sulfuric,硫酸,H2SO4,98.07848,weight,39.0,25.0,1.2904
inorganic_acid,无机酸,sulfuric,硫酸,H2SO4,98.07848,weight,40.0,25.0,1.2991
inorganic_acid,无机酸,sulfuric,硫酸,H2SO4,98.07848,weight,41.0,25.0,1.3079
inorganic_acid,无机酸,sulfuric,硫酸,H2SO4,98.07848,weight,42.0,25.0,1.3167
inorganic_acid,无机酸,sulfuric,硫酸,H2SO4,98.07848,weight,43.0,25.0,1.3256
inorganic_acid,无机酸,sulfuric,硫酸,H2SO4,98.07848,weight,44.0,25.0,1.3346
inorganic_acid,无机酸,sulfuric,硫酸,H2SO4,98.07848,weight,45.0,25.0,1.3437
inorganic_acid,无机酸,sulfuric,硫酸,H2SO4,98.07848,weight,46.0,25.0,1.353
inorganic_acid,无机酸,sulfuric,硫酸,H2SO4,98.07848,weight,47.0,25.0,1.3624
inorganic_acid,无机酸,sulfuric,硫酸,H2SO4,98.07848,weight,48.0,25.0,1.3719
inorganic_acid,无机酸,sulfuric,硫酸,H2SO4,98.07848,weight,49.0,25.0,1.3814
inorganic_acid,无机酸,sulfuric,硫酸,H2SO4,98.07848,weight,50.0,25.0,1.3911
inorganic_acid,无机酸,sulfuric,硫酸,H2SO4,98.07848,weight,51.0,25.0,1.4009
inorganic_acid,无机酸,sulfuric,硫酸,H2SO4,98.07848,weight,52.0,25.0,1.4109
inorganic_acid,无机酸,sulfuric,硫酸,H2SO4,98.07848,weight,53.0,25.0,1.4209
inorganic_acid,无机酸,sulfuric,硫酸,H2SO4,98.07848,weight,54.0,25.0,1.431
inorganic_acid,无机酸,sulfuric,硫酸,H2SO4,98.07848,weight,55.0,25.0,1.4412
inorganic_acid,无机酸,sulfuric,硫酸,H2SO4,98.07848,weight,56.0,25.0,1.4516
inorganic_acid,无机酸,sulfuric,硫酸,H2SO4,98.07848,weight,57.0,25.0,1.4621
inorganic_acid,无机酸,sulfuric,硫酸,H2SO4,98.07848,weight,58.0,25.0,1.4726
inorganic_acid,无机酸,sulfuric,硫酸,H2SO4,98.07848,weight,59.0,25.0,1.4832
inorganic_acid,无机酸,sulfuric,硫酸,H2SO4,98.07848,weight,60.0,25.0,1.494
inorganic_acid,无机酸,sulfuric,硫酸,H2SO4,98.07848,weight,61.0,25.0,1.5048
inorganic_acid,无机酸,sulfuric,硫酸,H2SO4,98.07848,weight,62.0,25.0,1.5157
inorganic_acid,无机酸,sulfuric,硫酸,H2SO4,98.07848,weight,63.0,25.0,1.5267
inorganic_acid,无机酸,sulfuric,硫酸,H2SO4,98.07848,weight,64.0,25.0,1.5378
inorganic_acid,无机酸,sulfuric,硫酸,H2SO4,98.07848,weight,65.0,25.0,1.549
inorganic_acid,无机酸,sulfuric,硫酸,H2SO4,98.07848,weight,66.0,25.0,1.5602
inorganic_acid,无机酸,sulfuric,硫酸,H2SO4,98.07848,weight,67.0,25.0,1.5715
inorganic_acid,无机酸,sulfuric,硫酸,H2SO4,98.07848,weight,68.0,25.0,1.5829
inorganic_acid,无机酸,sulfuric,硫酸,H2SO4,98.07848,weight,69.0,25.0,1.5944
inorganic_acid,无机酸,sulfuric,硫酸,H2SO4,98.07848,weight,70.0,25.0,1.6059
inorganic_acid,无机酸,sulfuric,硫酸,H2SO4,98.07848,weight,71.0,25.0,1.6175
inorganic_acid,无机酸,sulfuric,硫酸,H2SO4,98.07848,weight,72.0,25.0,1.6292
inorganic_acid,无机酸,sulfuric,硫酸,H2SO4,98.07848,weight,73.0,25.0,1.6409
inorganic_acid,无机酸,sulfuric,硫酸,H2SO4,98.07848,weight,74.0,25.0,1.6526
inorganic_acid,无机酸,sulfuric,硫酸,H2SO4,98.07848,weight,75.0,25.0,1.6644
inorganic_acid,无机酸,sulfuric,硫酸,H2SO4,98.07848,weight,76.0,25.0,1.6761
inorganic_acid,无机酸,sulfuric,硫酸,H2SO4,98.07848,weight,77.0,25.0,1.6878
inorganic_acid,无机酸,sulfuric,硫酸,H2SO4,98.07848,weight,78.0,25.0,1.6994
inorganic_acid,无机酸,sulfuric,硫酸,H2SO4,98.07848,weight,79.0,25.0,1.7108
inorganic_acid,无机酸,sulfuric,硫酸,H2SO4,98.07848,weight,80.0,25.0,1.7221
inorganic_acid,无机酸,sulfuric,硫酸,H2SO4,98.07848,weight,81.0,25.0,1.7331
inorganic_acid,无机酸,sulfuric,硫酸,H2SO4,98.07848,weight,82.0,25.0,1.7437
inorganic_acid,无机酸,sulfuric,硫酸,H2SO4,98.07848,weight,83.0,25.0,1.754
inorganic_acid,无机酸,sulfuric,硫酸,H2SO4,98.07848,weight,84.0,25.0,1.7639
inorganic_acid,无机酸,sulfuric,硫酸,H2SO4,98.07848,weight,85.0,25.0,1.7732
inorganic_acid,无机酸,sulfuric,硫酸,H2SO4,98.07848,weight,86.0,25.0,1.7818
inorganic_acid,无机酸,sulfuric,硫酸,H2SO4,98.07848,weight,87.0,25.0,1.7897
inorganic_acid,无机酸,sulfuric,硫酸,H2SO4,98.07848,weight,88.0,25.0,1.7968
inorganic_acid,无机酸,sulfuric,硫酸,H2SO4,98.07848,weight,89.0,25.0,1.8033
inorganic_acid,无机酸,sulfuric,硫酸,H2SO4,98.07848,weight,90.0,25.0,1.8091
inorganic_acid,无机酸,sulfuric,硫酸,H2SO4,98.07848,weight,91.0,25.0,1.8142
inorganic_acid,无机酸,sulfuric,硫酸,H2SO4,98.07848,weight,92.0,25.0,1.8188
inorganic_acid,无机酸,sulfuric,硫酸,H2SO4,98.07848,weight,93.0,25.0,1.8227
inorganic_acid,无机酸,sulfuric,硫酸,H2SO4,98.07848,weight,94.0,25.0,1.826
inorganic_acid,无机酸,sulfuric,硫酸,H2SO4,98.07848,weight,95.0,25.0,1.8286
inorganic_acid,无机酸,sulfuric,硫酸,H2SO4,98.07848,weight,96.0,25.0,1.8305
inorganic_acid,无机酸,sulfuric,硫酸,H2SO4,98.07848,weight,97.0,25.0,1.8314
inorganic_acid,无机酸,sulfuric,硫酸,H2SO4,98.07848,weight,98.0,25.0,1.831
inorganic_acid,无机酸,sulfuric,硫酸,H2SO4,98.07848,weight,99.0,25.0,1.8292
inorganic_acid,无机酸,sulfuric,硫酸,H2SO4,98.07848,weight,100.0,25.0,1.8255
inorganic_acid,无机酸,sulfuric,硫酸,H2SO4,98.07848,weight,0,30,0.9956511
inorganic_acid,无机酸,sulfuric,硫酸,H2SO4,98.07848,weight,1.0,30.0,1.0022
inorganic_acid,无机酸,sulfuric,硫酸,H2SO4,98.07848,weight,2.0,30.0,1.0087
inorganic_acid,无机酸,sulfuric,硫酸,H2SO4,98.07848,weight,3.0,30.0,1.0152
inorganic_acid,无机酸,sulfuric,硫酸,H2SO4,98.07848,weight,4.0,30.0,1.0216
inorganic_acid,无机酸,sulfuric,硫酸,H2SO4,98.07848,weight,5.0,30.0,1.0281
inorganic_acid,无机酸,sulfuric,硫酸,H2SO4,98.07848,weight,6.0,30.0,1.0347
inorganic_acid,无机酸,sulfuric,硫酸,H2SO4,98.07848,weight,7.0,30.0,1.0414
inorganic_acid,无机酸,sulfuric,硫酸,H2SO4,98.07848,weight,8.0,30.0,1.0481
inorganic_acid,无机酸,sulfuric,硫酸,H2SO4,98.07848,weight,9.0,30.0,1.0549
inorganic_acid,无机酸,sulfuric,硫酸,H2SO4,98.07848,weight,10.0,30.0,1.0617
inorganic_acid,无机酸,sulfuric,硫酸,H2SO4,98.07848,weight,11.0,30.0,1.0686
inorganic_acid,无机酸,sulfuric,硫酸,H2SO4,98.07848,weight,12.0,30.0,1.0756
inorganic_acid,无机酸,sulfuric,硫酸,H2SO4,98.07848,weight,13.0,30.0,1.0826
inorganic_acid,无机酸,sulfuric,硫酸,H2SO4,98.07848,weight,14.0,30.0,1.0897
inorganic_acid,无机酸,sulfuric,硫酸,H2SO4,98.07848,weight,15.0,30.0,1.0968
inorganic_acid,无机酸,sulfuric,硫酸,H2SO4,98.07848,weight,16.0,30.0,1.104
inorganic_acid,无机酸,sulfuric,硫酸,H2SO4,98.07848,weight,17.0,30.0,1.1113
inorganic_acid,无机酸,sulfuric,硫酸,H2SO4,98.07848,weight,18.0,30.0,1.1187
inorganic_acid,无机酸,sulfuric,硫酸,H2SO4,98.07848,weight,19.0,30.0,1.1261
inorganic_acid,无机酸,sulfuric,硫酸,H2SO4,98.07848,weight,20.0,30.0,1.1335
inorganic_acid,无机酸,sulfuric,硫酸,H2SO4,98.07848,weight,21.0,30.0,1.141
inorganic_acid,无机酸,sulfuric,硫酸,H2SO4,98.07848,weight,22.0,30.0,1.1486
inorganic_acid,无机酸,sulfuric,硫酸,H2SO4,98.07848,weight,23.0,30.0,1.1563
inorganic_acid,无机酸,sulfuric,硫酸,H2SO4,98.07848,weight,24.0,30.0,1.164
inorganic_acid,无机酸,sulfuric,硫酸,H2SO4,98.07848,weight,25.0,30.0,1.1718
inorganic_acid,无机酸,sulfuric,硫酸,H2SO4,98.07848,weight,26.0,30.0,1.1796
inorganic_acid,无机酸,sulfuric,硫酸,H2SO4,98.07848,weight,27.0,30.0,1.1875
inorganic_acid,无机酸,sulfuric,硫酸,H2SO4,98.07848,weight,28.0,30.0,1.1955
inorganic_acid,无机酸,sulfuric,硫酸,H2SO4,98.07848,weight,29.0,30.0,1.2035
inorganic_acid,无机酸,sulfuric,硫酸,H2SO4,98.07848,weight,30.0,30.0,1.2115
inorganic_acid,无机酸,sulfuric,硫酸,H2SO4,98.07848,weight,31.0,30.0,1.2196
inorganic_acid,无机酸,sulfuric,硫酸,H2SO4,98.07848,weight,32.0,30.0,1.2278
inorganic_acid,无机酸,sulfuric,硫酸,H2SO4,98.07848,weight,33.0,30.0,1.236
inorganic_acid,无机酸,sulfuric,硫酸,H2SO4,98.07848,weight,34.0,30.0,1.2443
inorganic_acid,无机酸,sulfuric,硫酸,H2SO4,98.07848,weight,35.0,30.0,1.2526
inorganic_acid,无机酸,sulfuric,硫酸,H2SO4,98.07848,weight,36.0,30.0,1.261
inorganic_acid,无机酸,sulfuric,硫酸,H2SO4,98.07848,weight,37.0,30.0,1.2695
inorganic_acid,无机酸,sulfuric,硫酸,H2SO4,98.07848,weight,38.0,30.0,1.278
inorganic_acid,无机酸,sulfuric,硫酸,H2SO4,98.07848,weight,39.0,30.0,1.2866
inorganic_acid,无机酸,sulfuric,硫酸,H2SO4,98.07848,weight,40.0,30.0,1.2953
inorganic_acid,无机酸,sulfuric,硫酸,H2SO4,98.07848,weight,41.0,30.0,1.3041
inorganic_acid,无机酸,sulfuric,硫酸,H2SO4,98.07848,weight,42.0,30.0,1.3129
inorganic_acid,无机酸,sulfuric,硫酸,H2SO4,98.07848,weight,43.0,30.0,1.3218
inorganic_acid,无机酸,sulfuric,硫酸,H2SO4,98.07848,weight,44.0,30.0,1.3308
inorganic_acid,无机酸,sulfuric,硫酸,H2SO4,98.07848,weight,45.0,30.0,1.3399
inorganic_acid,无机酸,sulfuric,硫酸,H2SO4,98.07848,weight,46.0,30.0,1.3492
inorganic_acid,无机酸,sulfuric,硫酸,H2SO4,98.07848,weight,47.0,30.0,1.3586
inorganic_acid,无机酸,sulfuric,硫酸,H2SO4,98.07848,weight,48.0,30.0,1.368
inorganic_acid,无机酸,sulfuric,硫酸,H2SO4,98.07848,weight,49.0,30.0,1.3775
inorganic_acid,无机酸,sulfuric,硫酸,H2SO4,98.07848,weight,50.0,30.0,1.3872
inorganic_acid,无机酸,sulfuric,硫酸,H2SO4,98.07848,weight,51.0,30.0,1.397
inorganic_acid,无机酸,sulfuric,硫酸,H2SO4,98.07848,weight,52.0,30.0,1.4069
inorganic_acid,无机酸,sulfuric,硫酸,H2SO4,98.07848,weight,53.0,30.0,1.4169
inorganic_acid,无机酸,sulfuric,硫酸,H2SO4,98.07848,weight,54.0,30.0,1.427
inorganic_acid,无机酸,sulfuric,硫酸,H2SO4,98.07848,weight,55.0,30.0,1.4372
inorganic_acid,无机酸,sulfuric,硫酸,H2SO4,98.07848,weight,56.0,30.0,1.4475
inorganic_acid,无机酸,sulfuric,硫酸,H2SO4,98.07848,weight,57.0,30.0,1.458
inorganic_acid,无机酸,sulfuric,硫酸,H2SO4,98.07848,weight,58.0,30.0,1.4685
inorganic_acid,无机酸,sulfuric,硫酸,H2SO4,98.07848,weight,59.0,30.0,1.4791
inorganic_acid,无机酸,sulfuric,硫酸,H2SO4,98.07848,weight,60.0,30.0,1.4898
inorganic_acid,无机酸,sulfuric,硫酸,H2SO4,98.07848,weight,61.0,30.0,1.5006
inorganic_acid,无机酸,sulfuric,硫酸,H2SO4,98.07848,weight,62.0,30.0,1.5115
inorganic_acid,无机酸,sulfuric,硫酸,H2SO4,98.07848,weight,63.0,30.0,1.5225
inorganic_acid,无机酸,sulfuric,硫酸,H2SO4,98.07848,weight,64.0,30.0,1.5335
inorganic_acid,无机酸,sulfuric,硫酸,H2SO4,98.07848,weight,65.0,30.0,1.5446
inorganic_acid,无机酸,sulfuric,硫酸,H2SO4,98.07848,weight,66.0,30.0,1.5558
inorganic_acid,无机酸,sulfuric,硫酸,H2SO4,98.07848,weight,67.0,30.0,1.5671
inorganic_acid,无机酸,sulfuric,硫酸,H2SO4,98.07848,weight,68.0,30.0,1.5785
inorganic_acid,无机酸,sulfuric,硫酸,H2SO4,98.07848,weight,69.0,30.0,1.5899
inorganic_acid,无机酸,sulfuric,硫酸,H2SO4,98.07848,weight,70.0,30.0,1.6014
inorganic_acid,无机酸,sulfuric,硫酸,H2SO4,98.07848,weight,71.0,30.0,1.613
inorganic_acid,无机酸,sulfuric,硫酸,H2SO4,98.07848,weight,72.0,30.0,1.6246
inorganic_acid,无机酸,sulfuric,硫酸,H2SO4,98.07848,weight,73.0,30.0,1.6363
inorganic_acid,无机酸,sulfuric,硫酸,H2SO4,98.07848,weight,74.0,30.0,1.648
inorganic_acid,无机酸,sulfuric,硫酸,H2SO4,98.07848,weight,75.0,30.0,1.6597
inorganic_acid,无机酸,sulfuric,硫酸,H2SO4,98.07848,weight,76.0,30.0,1.6713
inorganic_acid,无机酸,sulfuric,硫酸,H2SO4,98.07848,weight,77.0,30.0,1.6829
inorganic_acid,无机酸,sulfuric,硫酸,H2SO4,98.07848,weight,78.0,30.0,1.6944
inorganic_acid,无机酸,sulfuric,硫酸,H2SO4,98.07848,weight,79.0,30.0,1.7058
inorganic_acid,无机酸,sulfuric,硫酸,H2SO4,98.07848,weight,80.0,30.0,1.717
inorganic_acid,无机酸,sulfuric,硫酸,H2SO4,98.07848,weight,81.0,30.0,1.7279
inorganic_acid,无机酸,sulfuric,硫酸,H2SO4,98.07848,weight,82.0,30.0,1.7385
inorganic_acid,无机酸,sulfuric,硫酸,H2SO4,98.07848,weight,83.0,30.0,1.7487
inorganic_acid,无机酸,sulfuric,硫酸,H2SO4,98.07848,weight,84.0,30.0,1.7585
inorganic_acid,无机酸,sulfuric,硫酸,H2SO4,98.07848,weight,85.0,30.0,1.7678
inorganic_acid,无机酸,sulfuric,硫酸,H2SO4,98.07848,weight,86.0,30.0,1.7763
inorganic_acid,无机酸,sulfuric,硫酸,H2SO4,98.07848,weight,87.0,30.0,1.7842
inorganic_acid,无机酸,sulfuric,硫酸,H2SO4,98.07848,weight,88.0,30.0,1.7914
inorganic_acid,无机酸,sulfuric,硫酸,H2SO4,98.07848,weight,89.0,30.0,1.7979
inorganic_acid,无机酸,sulfuric,硫酸,H2SO4,98.07848,weight,90.0,30.0,1.8038
inorganic_acid,无机酸,sulfuric,硫酸,H2SO4,98.07848,weight,91.0,30.0,1.809
inorganic_acid,无机酸,sulfuric,硫酸,H2SO4,98.07848,weight,92.0,30.0,1.8136
inorganic_acid,无机酸,sulfuric,硫酸,H2SO4,98.07848,weight,93.0,30.0,1.8176
inorganic_acid,无机酸,sulfuric,硫酸,H2SO4,98.07848,weight,94.0,30.0,1.821
inorganic_acid,无机酸,sulfuric,硫酸,H2SO4,98.07848,weight,95.0,30.0,1.8236
inorganic_acid,无机酸,sulfuric,硫酸,H2SO4,98.07848,weight,96.0,30.0,1.8255
inorganic_acid,无机酸,sulfuric,硫酸,H2SO4,98.07848,weight,97.0,30.0,1.8264
inorganic_acid,无机酸,sulfuric,硫酸,H2SO4,98.07848,weight,98.0,30.0,1.8261
inorganic_acid,无机酸,sulfuric,硫酸,H2SO4,98.07848,weight,99.0,30.0,1.8242
inorganic_acid,无机酸,sulfuric,硫酸,H2SO4,98.07848,weight,100.0,30.0,1.8205
inorganic_acid,无机酸,sulfuric,硫酸,H2SO4,98.07848,weight,0,40,0.9922204
inorganic_acid,无机酸,sulfuric,硫酸,H2SO4,98.07848,weight,1.0,40.0,0.9986
inorganic_acid,无机酸,sulfuric,硫酸,H2SO4,98.07848,weight,2.0,40.0,1.005
inorganic_acid,无机酸,sulfuric,硫酸,H2SO4,98.07848,weight,3.0,40.0,1.0113
inorganic_acid,无机酸,sulfuric,硫酸,H2SO4,98.07848,weight,4.0,40.0,1.0176
inorganic_acid,无机酸,sulfuric,硫酸,H2SO4,98.07848,weight,5.0,40.0,1.024
inorganic_acid,无机酸,sulfuric,硫酸,H2SO4,98.07848,weight,6.0,40.0,1.0305
inorganic_acid,无机酸,sulfuric,硫酸,H2SO4,98.07848,weight,7.0,40.0,1.0371
inorganic_acid,无机酸,sulfuric,硫酸,H2SO4,98.07848,weight,8.0,40.0,1.0437
inorganic_acid,无机酸,sulfuric,硫酸,H2SO4,98.07848,weight,9.0,40.0,1.0503
inorganic_acid,无机酸,sulfuric,硫酸,H2SO4,98.07848,weight,10.0,40.0,1.057
inorganic_acid,无机酸,sulfuric,硫酸,H2SO4,98.07848,weight,11.0,40.0,1.0637
inorganic_acid,无机酸,sulfuric,硫酸,H2SO4,98.07848,weight,12.0,40.0,1.0705
inorganic_acid,无机酸,sulfuric,硫酸,H2SO4,98.07848,weight,13.0,40.0,1.0774
inorganic_acid,无机酸,sulfuric,硫酸,H2SO4,98.07848,weight,14.0,40.0,1.0844
inorganic_acid,无机酸,sulfuric,硫酸,H2SO4,98.07848,weight,15.0,40.0,1.0914
inorganic_acid,无机酸,sulfuric,硫酸,H2SO4,98.07848,weight,16.0,40.0,1.0985
inorganic_acid,无机酸,sulfuric,硫酸,H2SO4,98.07848,weight,17.0,40.0,1.1057
inorganic_acid,无机酸,sulfuric,硫酸,H2SO4,98.07848,weight,18.0,40.0,1.1129
inorganic_acid,无机酸,sulfuric,硫酸,H2SO4,98.07848,weight,19.0,40.0,1.1202
inorganic_acid,无机酸,sulfuric,硫酸,H2SO4,98.07848,weight,20.0,40.0,1.1275
inorganic_acid,无机酸,sulfuric,硫酸,H2SO4,98.07848,weight,21.0,40.0,1.1349
inorganic_acid,无机酸,sulfuric,硫酸,H2SO4,98.07848,weight,22.0,40.0,1.1424
inorganic_acid,无机酸,sulfuric,硫酸,H2SO4,98.07848,weight,23.0,40.0,1.15
inorganic_acid,无机酸,sulfuric,硫酸,H2SO4,98.07848,weight,24.0,40.0,1.1576
inorganic_acid,无机酸,sulfuric,硫酸,H2SO4,98.07848,weight,25.0,40.0,1.1653
inorganic_acid,无机酸,sulfuric,硫酸,H2SO4,98.07848,weight,26.0,40.0,1.173
inorganic_acid,无机酸,sulfuric,硫酸,H2SO4,98.07848,weight,27.0,40.0,1.1808
inorganic_acid,无机酸,sulfuric,硫酸,H2SO4,98.07848,weight,28.0,40.0,1.1887
inorganic_acid,无机酸,sulfuric,硫酸,H2SO4,98.07848,weight,29.0,40.0,1.1966
inorganic_acid,无机酸,sulfuric,硫酸,H2SO4,98.07848,weight,30.0,40.0,1.2046
inorganic_acid,无机酸,sulfuric,硫酸,H2SO4,98.07848,weight,31.0,40.0,1.2126
inorganic_acid,无机酸,sulfuric,硫酸,H2SO4,98.07848,weight,32.0,40.0,1.2207
inorganic_acid,无机酸,sulfuric,硫酸,H2SO4,98.07848,weight,33.0,40.0,1.2289
inorganic_acid,无机酸,sulfuric,硫酸,H2SO4,98.07848,weight,34.0,40.0,1.2371
inorganic_acid,无机酸,sulfuric,硫酸,H2SO4,98.07848,weight,35.0,40.0,1.2454
inorganic_acid,无机酸,sulfuric,硫酸,H2SO4,98.07848,weight,36.0,40.0,1.2538
inorganic_acid,无机酸,sulfuric,硫酸,H2SO4,98.07848,weight,37.0,40.0,1.2622
inorganic_acid,无机酸,sulfuric,硫酸,H2SO4,98.07848,weight,38.0,40.0,1.2707
inorganic_acid,无机酸,sulfuric,硫酸,H2SO4,98.07848,weight,39.0,40.0,1.2793
inorganic_acid,无机酸,sulfuric,硫酸,H2SO4,98.07848,weight,40.0,40.0,1.288
inorganic_acid,无机酸,sulfuric,硫酸,H2SO4,98.07848,weight,41.0,40.0,1.2967
inorganic_acid,无机酸,sulfuric,硫酸,H2SO4,98.07848,weight,42.0,40.0,1.3055
inorganic_acid,无机酸,sulfuric,硫酸,H2SO4,98.07848,weight,43.0,40.0,1.3144
inorganic_acid,无机酸,sulfuric,硫酸,H2SO4,98.07848,weight,44.0,40.0,1.3234
inorganic_acid,无机酸,sulfuric,硫酸,H2SO4,98.07848,weight,45.0,40.0,1.3325
inorganic_acid,无机酸,sulfuric,硫酸,H2SO4,98.07848,weight,46.0,40.0,1.3417
inorganic_acid,无机酸,sulfuric,硫酸,H2SO4,98.07848,weight,47.0,40.0,1.351
inorganic_acid,无机酸,sulfuric,硫酸,H2SO4,98.07848,weight,48.0,40.0,1.3604
inorganic_acid,无机酸,sulfuric,硫酸,H2SO4,98.07848,weight,49.0,40.0,1.3699
inorganic_acid,无机酸,sulfuric,硫酸,H2SO4,98.07848,weight,50.0,40.0,1.3795
inorganic_acid,无机酸,sulfuric,硫酸,H2SO4,98.07848,weight,51.0,40.0,1.3893
inorganic_acid,无机酸,sulfuric,硫酸,H2SO4,98.07848,weight,52.0,40.0,1.3991
inorganic_acid,无机酸,sulfuric,硫酸,H2SO4,98.07848,weight,53.0,40.0,1.4091
inorganic_acid,无机酸,sulfuric,硫酸,H2SO4,98.07848,weight,54.0,40.0,1.4191
inorganic_acid,无机酸,sulfuric,硫酸,H2SO4,98.07848,weight,55.0,40.0,1.4293
inorganic_acid,无机酸,sulfuric,硫酸,H2SO4,98.07848,weight,56.0,40.0,1.4396
inorganic_acid,无机酸,sulfuric,硫酸,H2SO4,98.07848,weight,57.0,40.0,1.45
inorganic_acid,无机酸,sulfuric,硫酸,H2SO4,98.07848,weight,58.0,40.0,1.4604
inorganic_acid,无机酸,sulfuric,硫酸,H2SO4,98.07848,weight,59.0,40.0,1.4709
inorganic_acid,无机酸,sulfuric,硫酸,H2SO4,98.07848,weight,60.0,40.0,1.4816
inorganic_acid,无机酸,sulfuric,硫酸,H2SO4,98.07848,weight,61.0,40.0,1.4923
inorganic_acid,无机酸,sulfuric,硫酸,H2SO4,98.07848,weight,62.0,40.0,1.5031
inorganic_acid,无机酸,sulfuric,硫酸,H2SO4,98.07848,weight,63.0,40.0,1.514
inorganic_acid,无机酸,sulfuric,硫酸,H2SO4,98.07848,weight,64.0,40.0,1.525
inorganic_acid,无机酸,sulfuric,硫酸,H2SO4,98.07848,weight,65.0,40.0,1.5361
inorganic_acid,无机酸,sulfuric,硫酸,H2SO4,98.07848,weight,66.0,40.0,1.5472
inorganic_acid,无机酸,sulfuric,硫酸,H2SO4,98.07848,weight,67.0,40.0,1.5584
inorganic_acid,无机酸,sulfuric,硫酸,H2SO4,98.07848,weight,68.0,40.0,1.5697
inorganic_acid,无机酸,sulfuric,硫酸,H2SO4,98.07848,weight,69.0,40.0,1.5811
inorganic_acid,无机酸,sulfuric,硫酸,H2SO4,98.07848,weight,70.0,40.0,1.5925
inorganic_acid,无机酸,sulfuric,硫酸,H2SO4,98.07848,weight,71.0,40.0,1.604
inorganic_acid,无机酸,sulfuric,硫酸,H2SO4,98.07848,weight,72.0,40.0,1.6155
inorganic_acid,无机酸,sulfuric,硫酸,H2SO4,98.07848,weight,73.0,40.0,1.6271
inorganic_acid,无机酸,sulfuric,硫酸,H2SO4,98.07848,weight,74.0,40.0,1.6387
inorganic_acid,无机酸,sulfuric,硫酸,H2SO4,98.07848,weight,75.0,40.0,1.6503
inorganic_acid,无机酸,sulfuric,硫酸,H2SO4,98.07848,weight,76.0,40.0,1.6619
inorganic_acid,无机酸,sulfuric,硫酸,H2SO4,98.07848,weight,77.0,40.0,1.6734
inorganic_acid,无机酸,sulfuric,硫酸,H2SO4,98.07848,weight,78.0,40.0,1.6847
inorganic_acid,无机酸,sulfuric,硫酸,H2SO4,98.07848,weight,79.0,40.0,1.6959
inorganic_acid,无机酸,sulfuric,硫酸,H2SO4,98.07848,weight,80.0,40.0,1.7069
inorganic_acid,无机酸,sulfuric,硫酸,H2SO4,98.07848,weight,81.0,40.0,1.7177
inorganic_acid,无机酸,sulfuric,硫酸,H2SO4,98.07848,weight,82.0,40.0,1.7281
inorganic_acid,无机酸,sulfuric,硫酸,H2SO4,98.07848,weight,83.0,40.0,1.7382
inorganic_acid,无机酸,sulfuric,硫酸,H2SO4,98.07848,weight,84.0,40.0,1.7479
inorganic_acid,无机酸,sulfuric,硫酸,H2SO4,98.07848,weight,85.0,40.0,1.7571
inorganic_acid,无机酸,sulfuric,硫酸,H2SO4,98.07848,weight,86.0,40.0,1.7657
inorganic_acid,无机酸,sulfuric,硫酸,H2SO4,98.07848,weight,87.0,40.0,1.7736
inorganic_acid,无机酸,sulfuric,硫酸,H2SO4,98.07848,weight,88.0,40.0,1.7809
inorganic_acid,无机酸,sulfuric,硫酸,H2SO4,98.07848,weight,89.0,40.0,1.7874
inorganic_acid,无机酸,sulfuric,硫酸,H2SO4,98.07848,weight,90.0,40.0,1.7933
inorganic_acid,无机酸,sulfuric,硫酸,H2SO4,98.07848,weight,91.0,40.0,1.7986
inorganic_acid,无机酸,sulfuric,硫酸,H2SO4,98.07848,weight,92.0,40.0,1.8033
inorganic_acid,无机酸,sulfuric,硫酸,H2SO4,98.07848,weight,93.0,40.0,1.8074
inorganic_acid,无机酸,sulfuric,硫酸,H2SO4,98.07848,weight,94.0,40.0,1.8109
inorganic_acid,无机酸,sulfuric,硫酸,H2SO4,98.07848,weight,95.0,40.0,1.8137
inorganic_acid,无机酸,sulfuric,硫酸,H2SO4,98.07848,weight,96.0,40.0,1.8157
inorganic_acid,无机酸,sulfuric,硫酸,H2SO4,98.07848,weight,97.0,40.0,1.8166
inorganic_acid,无机酸,sulfuric,硫酸,H2SO4,98.07848,weight,98.0,40.0,1.8163
inorganic_acid,无机酸,sulfuric,硫酸,H2SO4,98.07848,weight,99.0,40.0,1.8145
inorganic_acid,无机酸,sulfuric,硫酸,H2SO4,98.07848,weight,100.0,40.0,1.8107
inorganic_acid,无机酸,sulfuric,硫酸,H2SO4,98.07848,weight,0,50,0.98804
inorganic_acid,无机酸,sulfuric,硫酸,H2SO4,98.07848,weight,1.0,50.0,0.9944
inorganic_acid,无机酸,sulfuric,硫酸,H2SO4,98.07848,weight,2.0,50.0,1.0006
inorganic_acid,无机酸,sulfuric,硫酸,H2SO4,98.07848,weight,3.0,50.0,1.0067
inorganic_acid,无机酸,sulfuric,硫酸,H2SO4,98.07848,weight,4.0,50.0,1.0129
inorganic_acid,无机酸,sulfuric,硫酸,H2SO4,98.07848,weight,5.0,50.0,1.0192
inorganic_acid,无机酸,sulfuric,硫酸,H2SO4,98.07848,weight,6.0,50.0,1.0256
inorganic_acid,无机酸,sulfuric,硫酸,H2SO4,98.07848,weight,7.0,50.0,1.0321
inorganic_acid,无机酸,sulfuric,硫酸,H2SO4,98.07848,weight,8.0,50.0,1.0386
inorganic_acid,无机酸,sulfuric,硫酸,H2SO4,98.07848,weight,9.0,50.0,1.0451
inorganic_acid,无机酸,sulfuric,硫酸,H2SO4,98.07848,weight,10.0,50.0,1.0517
inorganic_acid,无机酸,sulfuric,硫酸,H2SO4,98.07848,weight,11.0,50.0,1.0584
inorganic_acid,无机酸,sulfuric,硫酸,H2SO4,98.07848,weight,12.0,50.0,1.0651
inorganic_acid,无机酸,sulfuric,硫酸,H2SO4,98.07848,weight,13.0,50.0,1.0719
inorganic_acid,无机酸,sulfuric,硫酸,H2SO4,98.07848,weight,14.0,50.0,1.0788
inorganic_acid,无机酸,sulfuric,硫酸,H2SO4,98.07848,weight,15.0,50.0,1.0857
inorganic_acid,无机酸,sulfuric,硫酸,H2SO4,98.07848,weight,16.0,50.0,1.0927
inorganic_acid,无机酸,sulfuric,硫酸,H2SO4,98.07848,weight,17.0,50.0,1.0998
inorganic_acid,无机酸,sulfuric,硫酸,H2SO4,98.07848,weight,18.0,50.0,1.107
inorganic_acid,无机酸,sulfuric,硫酸,H2SO4,98.07848,weight,19.0,50.0,1.1142
inorganic_acid,无机酸,sulfuric,硫酸,H2SO4,98.07848,weight,20.0,50.0,1.1215
inorganic_acid,无机酸,sulfuric,硫酸,H2SO4,98.07848,weight,21.0,50.0,1.1288
inorganic_acid,无机酸,sulfuric,硫酸,H2SO4,98.07848,weight,22.0,50.0,1.1362
inorganic_acid,无机酸,sulfuric,硫酸,H2SO4,98.07848,weight,23.0,50.0,1.1437
inorganic_acid,无机酸,sulfuric,硫酸,H2SO4,98.07848,weight,24.0,50.0,1.1512
inorganic_acid,无机酸,sulfuric,硫酸,H2SO4,98.07848,weight,25.0,50.0,1.1588
inorganic_acid,无机酸,sulfuric,硫酸,H2SO4,98.07848,weight,26.0,50.0,1.1665
inorganic_acid,无机酸,sulfuric,硫酸,H2SO4,98.07848,weight,27.0,50.0,1.1742
inorganic_acid,无机酸,sulfuric,硫酸,H2SO4,98.07848,weight,28.0,50.0,1.182
inorganic_acid,无机酸,sulfuric,硫酸,H2SO4,98.07848,weight,29.0,50.0,1.1898
inorganic_acid,无机酸,sulfuric,硫酸,H2SO4,98.07848,weight,30.0,50.0,1.1977
inorganic_acid,无机酸,sulfuric,硫酸,H2SO4,98.07848,weight,31.0,50.0,1.2057
inorganic_acid,无机酸,sulfuric,硫酸,H2SO4,98.07848,weight,32.0,50.0,1.2137
inorganic_acid,无机酸,sulfuric,硫酸,H2SO4,98.07848,weight,33.0,50.0,1.2218
inorganic_acid,无机酸,sulfuric,硫酸,H2SO4,98.07848,weight,34.0,50.0,1.23
inorganic_acid,无机酸,sulfuric,硫酸,H2SO4,98.07848,weight,35.0,50.0,1.2383
inorganic_acid,无机酸,sulfuric,硫酸,H2SO4,98.07848,weight,36.0,50.0,1.2466
inorganic_acid,无机酸,sulfuric,硫酸,H2SO4,98.07848,weight,37.0,50.0,1.255
inorganic_acid,无机酸,sulfuric,硫酸,H2SO4,98.07848,weight,38.0,50.0,1.2635
inorganic_acid,无机酸,sulfuric,硫酸,H2SO4,98.07848,weight,39.0,50.0,1.272
inorganic_acid,无机酸,sulfuric,硫酸,H2SO4,98.07848,weight,40.0,50.0,1.2806
inorganic_acid,无机酸,sulfuric,硫酸,H2SO4,98.07848,weight,41.0,50.0,1.2893
inorganic_acid,无机酸,sulfuric,硫酸,H2SO4,98.07848,weight,42.0,50.0,1.2981
inorganic_acid,无机酸,sulfuric,硫酸,H2SO4,98.07848,weight,43.0,50.0,1.307
inorganic_acid,无机酸,sulfuric,硫酸,H2SO4,98.07848,weight,44.0,50.0,1.316
inorganic_acid,无机酸,sulfuric,硫酸,H2SO4,98.07848,weight,45.0,50.0,1.3251
inorganic_acid,无机酸,sulfuric,硫酸,H2SO4,98.07848,weight,46.0,50.0,1.3343
inorganic_acid,无机酸,sulfuric,硫酸,H2SO4,98.07848,weight,47.0,50.0,1.3435
inorganic_acid,无机酸,sulfuric,硫酸,H2SO4,98.07848,weight,48.0,50.0,1.3528
inorganic_acid,无机酸,sulfuric,硫酸,H2SO4,98.07848,weight,49.0,50.0,1.3623
inorganic_acid,无机酸,sulfuric,硫酸,H2SO4,98.07848,weight,50.0,50.0,1.3719
inorganic_acid,无机酸,sulfuric,硫酸,H2SO4,98.07848,weight,51.0,50.0,1.3816
inorganic_acid,无机酸,sulfuric,硫酸,H2SO4,98.07848,weight,52.0,50.0,1.3914
inorganic_acid,无机酸,sulfuric,硫酸,H2SO4,98.07848,weight,53.0,50.0,1.4013
inorganic_acid,无机酸,sulfuric,硫酸,H2SO4,98.07848,weight,54.0,50.0,1.4113
inorganic_acid,无机酸,sulfuric,硫酸,H2SO4,98.07848,weight,55.0,50.0,1.4214
inorganic_acid,无机酸,sulfuric,硫酸,H2SO4,98.07848,weight,56.0,50.0,1.4317
inorganic_acid,无机酸,sulfuric,硫酸,H2SO4,98.07848,weight,57.0,50.0,1.442
inorganic_acid,无机酸,sulfuric,硫酸,H2SO4,98.07848,weight,58.0,50.0,1.4524
inorganic_acid,无机酸,sulfuric,硫酸,H2SO4,98.07848,weight,59.0,50.0,1.4629
inorganic_acid,无机酸,sulfuric,硫酸,H2SO4,98.07848,weight,60.0,50.0,1.4735
inorganic_acid,无机酸,sulfuric,硫酸,H2SO4,98.07848,weight,61.0,50.0,1.4842
inorganic_acid,无机酸,sulfuric,硫酸,H2SO4,98.07848,weight,62.0,50.0,1.495
inorganic_acid,无机酸,sulfuric,硫酸,H2SO4,98.07848,weight,63.0,50.0,1.5058
inorganic_acid,无机酸,sulfuric,硫酸,H2SO4,98.07848,weight,64.0,50.0,1.5167
inorganic_acid,无机酸,sulfuric,硫酸,H2SO4,98.07848,weight,65.0,50.0,1.5277
inorganic_acid,无机酸,sulfuric,硫酸,H2SO4,98.07848,weight,66.0,50.0,1.5388
inorganic_acid,无机酸,sulfuric,硫酸,H2SO4,98.07848,weight,67.0,50.0,1.5499
inorganic_acid,无机酸,sulfuric,硫酸,H2SO4,98.07848,weight,68.0,50.0,1.5611
inorganic_acid,无机酸,sulfuric,硫酸,H2SO4,98.07848,weight,69.0,50.0,1.5724
inorganic_acid,无机酸,sulfuric,硫酸,H2SO4,98.07848,weight,70.0,50.0,1.5838
inorganic_acid,无机酸,sulfuric,硫酸,H2SO4,98.07848,weight,71.0,50.0,1.5952
inorganic_acid,无机酸,sulfuric,硫酸,H2SO4,98.07848,weight,72.0,50.0,1.6067
inorganic_acid,无机酸,sulfuric,硫酸,H2SO4,98.07848,weight,73.0,50.0,1.6182
inorganic_acid,无机酸,sulfuric,硫酸,H2SO4,98.07848,weight,74.0,50.0,1.6297
inorganic_acid,无机酸,sulfuric,硫酸,H2SO4,98.07848,weight,75.0,50.0,1.6412
inorganic_acid,无机酸,sulfuric,硫酸,H2SO4,98.07848,weight,76.0,50.0,1.6526
inorganic_acid,无机酸,sulfuric,硫酸,H2SO4,98.07848,weight,77.0,50.0,1.664
inorganic_acid,无机酸,sulfuric,硫酸,H2SO4,98.07848,weight,78.0,50.0,1.6751
inorganic_acid,无机酸,sulfuric,硫酸,H2SO4,98.07848,weight,79.0,50.0,1.6862
inorganic_acid,无机酸,sulfuric,硫酸,H2SO4,98.07848,weight,80.0,50.0,1.6971
inorganic_acid,无机酸,sulfuric,硫酸,H2SO4,98.07848,weight,81.0,50.0,1.7077
inorganic_acid,无机酸,sulfuric,硫酸,H2SO4,98.07848,weight,82.0,50.0,1.718
inorganic_acid,无机酸,sulfuric,硫酸,H2SO4,98.07848,weight,83.0,50.0,1.7279
inorganic_acid,无机酸,sulfuric,硫酸,H2SO4,98.07848,weight,84.0,50.0,1.7375
inorganic_acid,无机酸,sulfuric,硫酸,H2SO4,98.07848,weight,85.0,50.0,1.7466
inorganic_acid,无机酸,sulfuric,硫酸,H2SO4,98.07848,weight,86.0,50.0,1.7552
inorganic_acid,无机酸,sulfuric,硫酸,H2SO4,98.07848,weight,87.0,50.0,1.7632
inorganic_acid,无机酸,sulfuric,硫酸,H2SO4,98.07848,weight,88.0,50.0,1.7705
inorganic_acid,无机酸,sulfuric,硫酸,H2SO4,98.07848,weight,89.0,50.0,1.777
inorganic_acid,无机酸,sulfuric,硫酸,H2SO4,98.07848,weight,90.0,50.0,1.7829
inorganic_acid,无机酸,sulfuric,硫酸,H2SO4,98.07848,weight,91.0,50.0,1.7883
inorganic_acid,无机酸,sulfuric,硫酸,H2SO4,98.07848,weight,92.0,50.0,1.7932
inorganic_acid,无机酸,sulfuric,硫酸,H2SO4,98.07848,weight,93.0,50.0,1.7974
inorganic_acid,无机酸,sulfuric,硫酸,H2SO4,98.07848,weight,94.0,50.0,1.8011
inorganic_acid,无机酸,sulfuric,硫酸,H2SO4,98.07848,weight,95.0,50.0,1.804
inorganic_acid,无机酸,sulfuric,硫酸,H2SO4,98.07848,weight,96.0,50.0,1.806
inorganic_acid,无机酸,sulfuric,硫酸,H2SO4,98.07848,weight,97.0,50.0,1.8071
inorganic_acid,无机酸,sulfuric,硫酸,H2SO4,98.07848,weight,98.0,50.0,1.8068
inorganic_acid,无机酸,sulfuric,硫酸,H2SO4,98.07848,weight,99.0,50.0,1.805
inorganic_acid,无机酸,sulfuric,硫酸,H2SO4,98.07848,weight,100.0,50.0,1.8013
inorganic_acid,无机酸,sulfuric,硫酸,H2SO4,98.07848,weight,0,60,0.9832
inorganic_acid,无机酸,sulfuric,硫酸,H2SO4,98.07848,weight,1.0,60.0,0.9895
inorganic_acid,无机酸,sulfuric,硫酸,H2SO4,98.07848,weight,2.0,60.0,0.9956
inorganic_acid,无机酸,sulfuric,硫酸,H2SO4,98.07848,weight,3.0,60.0,1.0017
inorganic_acid,无机酸,sulfuric,硫酸,H2SO4,98.07848,weight,4.0,60.0,1.0078
inorganic_acid,无机酸,sulfuric,硫酸,H2SO4,98.07848,weight,5.0,60.0,1.014
inorganic_acid,无机酸,sulfuric,硫酸,H2SO4,98.07848,weight,6.0,60.0,1.0203
inorganic_acid,无机酸,sulfuric,硫酸,H2SO4,98.07848,weight,7.0,60.0,1.0266
inorganic_acid,无机酸,sulfuric,硫酸,H2SO4,98.07848,weight,8.0,60.0,1.033
inorganic_acid,无机酸,sulfuric,硫酸,H2SO4,98.07848,weight,9.0,60.0,1.0395
inorganic_acid,无机酸,sulfuric,硫酸,H2SO4,98.07848,weight,10.0,60.0,1.046
inorganic_acid,无机酸,sulfuric,硫酸,H2SO4,98.07848,weight,11.0,60.0,1.0526
inorganic_acid,无机酸,sulfuric,硫酸,H2SO4,98.07848,weight,12.0,60.0,1.0593
inorganic_acid,无机酸,sulfuric,硫酸,H2SO4,98.07848,weight,13.0,60.0,1.0661
inorganic_acid,无机酸,sulfuric,硫酸,H2SO4,98.07848,weight,14.0,60.0,1.0729
inorganic_acid,无机酸,sulfuric,硫酸,H2SO4,98.07848,weight,15.0,60.0,1.0798
inorganic_acid,无机酸,sulfuric,硫酸,H2SO4,98.07848,weight,16.0,60.0,1.0868
inorganic_acid,无机酸,sulfuric,硫酸,H2SO4,98.07848,weight,17.0,60.0,1.0938
inorganic_acid,无机酸,sulfuric,硫酸,H2SO4,98.07848,weight,18.0,60.0,1.1009
inorganic_acid,无机酸,sulfuric,硫酸,H2SO4,98.07848,weight,19.0,60.0,1.1081
inorganic_acid,无机酸,sulfuric,硫酸,H2SO4,98.07848,weight,20.0,60.0,1.1153
inorganic_acid,无机酸,sulfuric,硫酸,H2SO4,98.07848,weight,21.0,60.0,1.1226
inorganic_acid,无机酸,sulfuric,硫酸,H2SO4,98.07848,weight,22.0,60.0,1.1299
inorganic_acid,无机酸,sulfuric,硫酸,H2SO4,98.07848,weight,23.0,60.0,1.1373
inorganic_acid,无机酸,sulfuric,硫酸,H2SO4,98.07848,weight,24.0,60.0,1.1448
inorganic_acid,无机酸,sulfuric,硫酸,H2SO4,98.07848,weight,25.0,60.0,1.1523
inorganic_acid,无机酸,sulfuric,硫酸,H2SO4,98.07848,weight,26.0,60.0,1.1599
inorganic_acid,无机酸,sulfuric,硫酸,H2SO4,98.07848,weight,27.0,60.0,1.1676
inorganic_acid,无机酸,sulfuric,硫酸,H2SO4,98.07848,weight,28.0,60.0,1.1753
inorganic_acid,无机酸,sulfuric,硫酸,H2SO4,98.07848,weight,29.0,60.0,1.1831
inorganic_acid,无机酸,sulfuric,硫酸,H2SO4,98.07848,weight,30.0,60.0,1.1909
inorganic_acid,无机酸,sulfuric,硫酸,H2SO4,98.07848,weight,31.0,60.0,1.1988
inorganic_acid,无机酸,sulfuric,硫酸,H2SO4,98.07848,weight,32.0,60.0,1.2068
inorganic_acid,无机酸,sulfuric,硫酸,H2SO4,98.07848,weight,33.0,60.0,1.2148
inorganic_acid,无机酸,sulfuric,硫酸,H2SO4,98.07848,weight,34.0,60.0,1.2229
inorganic_acid,无机酸,sulfuric,硫酸,H2SO4,98.07848,weight,35.0,60.0,1.2311
inorganic_acid,无机酸,sulfuric,硫酸,H2SO4,98.07848,weight,36.0,60.0,1.2394
inorganic_acid,无机酸,sulfuric,硫酸,H2SO4,98.07848,weight,37.0,60.0,1.2477
inorganic_acid,无机酸,sulfuric,硫酸,H2SO4,98.07848,weight,38.0,60.0,1.2561
inorganic_acid,无机酸,sulfuric,硫酸,H2SO4,98.07848,weight,39.0,60.0,1.2646
inorganic_acid,无机酸,sulfuric,硫酸,H2SO4,98.07848,weight,40.0,60.0,1.2732
inorganic_acid,无机酸,sulfuric,硫酸,H2SO4,98.07848,weight,41.0,60.0,1.2819
inorganic_acid,无机酸,sulfuric,硫酸,H2SO4,98.07848,weight,42.0,60.0,1.2907
inorganic_acid,无机酸,sulfuric,硫酸,H2SO4,98.07848,weight,43.0,60.0,1.2996
inorganic_acid,无机酸,sulfuric,硫酸,H2SO4,98.07848,weight,44.0,60.0,1.3086
inorganic_acid,无机酸,sulfuric,硫酸,H2SO4,98.07848,weight,45.0,60.0,1.3177
inorganic_acid,无机酸,sulfuric,硫酸,H2SO4,98.07848,weight,46.0,60.0,1.3269
inorganic_acid,无机酸,sulfuric,硫酸,H2SO4,98.07848,weight,47.0,60.0,1.3362
inorganic_acid,无机酸,sulfuric,硫酸,H2SO4,98.07848,weight,48.0,60.0,1.3455
inorganic_acid,无机酸,sulfuric,硫酸,H2SO4,98.07848,weight,49.0,60.0,1.3549
inorganic_acid,无机酸,sulfuric,硫酸,H2SO4,98.07848,weight,50.0,60.0,1.3644
inorganic_acid,无机酸,sulfuric,硫酸,H2SO4,98.07848,weight,51.0,60.0,1.374
inorganic_acid,无机酸,sulfuric,硫酸,H2SO4,98.07848,weight,52.0,60.0,1.3837
inorganic_acid,无机酸,sulfuric,硫酸,H2SO4,98.07848,weight,53.0,60.0,1.3996
inorganic_acid,无机酸,sulfuric,硫酸,H2SO4,98.07848,weight,54.0,60.0,1.4036
inorganic_acid,无机酸,sulfuric,硫酸,H2SO4,98.07848,weight,55.0,60.0,1.4137
inorganic_acid,无机酸,sulfuric,硫酸,H2SO4,98.07848,weight,56.0,60.0,1.4239
inorganic_acid,无机酸,sulfuric,硫酸,H2SO4,98.07848,weight,57.0,60.0,1.4342
inorganic_acid,无机酸,sulfuric,硫酸,H2SO4,98.07848,weight,58.0,60.0,1.4446
inorganic_acid,无机酸,sulfuric,硫酸,H2SO4,98.07848,weight,59.0,60.0,1.4551
inorganic_acid,无机酸,sulfuric,硫酸,H2SO4,98.07848,weight,60.0,60.0,1.4656
inorganic_acid,无机酸,sulfuric,硫酸,H2SO4,98.07848,weight,61.0,60.0,1.4762
inorganic_acid,无机酸,sulfuric,硫酸,H2SO4,98.07848,weight,62.0,60.0,1.4869
inorganic_acid,无机酸,sulfuric,硫酸,H2SO4,98.07848,weight,63.0,60.0,1.4977
inorganic_acid,无机酸,sulfuric,硫酸,H2SO4,98.07848,weight,64.0,60.0,1.5086
inorganic_acid,无机酸,sulfuric,硫酸,H2SO4,98.07848,weight,65.0,60.0,1.5195
inorganic_acid,无机酸,sulfuric,硫酸,H2SO4,98.07848,weight,66.0,60.0,1.5305
inorganic_acid,无机酸,sulfuric,硫酸,H2SO4,98.07848,weight,67.0,60.0,1.5416
inorganic_acid,无机酸,sulfuric,硫酸,H2SO4,98.07848,weight,68.0,60.0,1.5528
inorganic_acid,无机酸,sulfuric,硫酸,H2SO4,98.07848,weight,69.0,60.0,1.564
inorganic_acid,无机酸,sulfuric,硫酸,H2SO4,98.07848,weight,70.0,60.0,1.5753
inorganic_acid,无机酸,sulfuric,硫酸,H2SO4,98.07848,weight,71.0,60.0,1.5867
inorganic_acid,无机酸,sulfuric,硫酸,H2SO4,98.07848,weight,72.0,60.0,1.5981
inorganic_acid,无机酸,sulfuric,硫酸,H2SO4,98.07848,weight,73.0,60.0,1.6095
inorganic_acid,无机酸,sulfuric,硫酸,H2SO4,98.07848,weight,74.0,60.0,1.6209
inorganic_acid,无机酸,sulfuric,硫酸,H2SO4,98.07848,weight,75.0,60.0,1.6322
inorganic_acid,无机酸,sulfuric,硫酸,H2SO4,98.07848,weight,76.0,60.0,1.6435
inorganic_acid,无机酸,sulfuric,硫酸,H2SO4,98.07848,weight,77.0,60.0,1.6547
inorganic_acid,无机酸,sulfuric,硫酸,H2SO4,98.07848,weight,78.0,60.0,1.6657
inorganic_acid,无机酸,sulfuric,硫酸,H2SO4,98.07848,weight,79.0,60.0,1.6766
inorganic_acid,无机酸,sulfuric,硫酸,H2SO4,98.07848,weight,80.0,60.0,1.6873
inorganic_acid,无机酸,sulfuric,硫酸,H2SO4,98.07848,weight,81.0,60.0,1.6978
inorganic_acid,无机酸,sulfuric,硫酸,H2SO4,98.07848,weight,82.0,60.0,1.708
inorganic_acid,无机酸,sulfuric,硫酸,H2SO4,98.07848,weight,83.0,60.0,1.7179
inorganic_acid,无机酸,sulfuric,硫酸,H2SO4,98.07848,weight,84.0,60.0,1.7274
inorganic_acid,无机酸,sulfuric,硫酸,H2SO4,98.07848,weight,85.0,60.0,1.7364
inorganic_acid,无机酸,sulfuric,硫酸,H2SO4,98.07848,weight,86.0,60.0,1.7449
inorganic_acid,无机酸,sulfuric,硫酸,H2SO4,98.07848,weight,87.0,60.0,1.7529
inorganic_acid,无机酸,sulfuric,硫酸,H2SO4,98.07848,weight,88.0,60.0,1.7602
inorganic_acid,无机酸,sulfuric,硫酸,H2SO4,98.07848,weight,89.0,60.0,1.7669
inorganic_acid,无机酸,sulfuric,硫酸,H2SO4,98.07848,weight,90.0,60.0,1.7729
inorganic_acid,无机酸,sulfuric,硫酸,H2SO4,98.07848,weight,91.0,60.0,1.7783
inorganic_acid,无机酸,sulfuric,硫酸,H2SO4,98.07848,weight,92.0,60.0,1.7832
inorganic_acid,无机酸,sulfuric,硫酸,H2SO4,98.07848,weight,93.0,60.0,1.7876
inorganic_acid,无机酸,sulfuric,硫酸,H2SO4,98.07848,weight,94.0,60.0,1.7914
inorganic_acid,无机酸,sulfuric,硫酸,H2SO4,98.07848,weight,95.0,60.0,1.7944
inorganic_acid,无机酸,sulfuric,硫酸,H2SO4,98.07848,weight,96.0,60.0,1.7965
inorganic_acid,无机酸,sulfuric,硫酸,H2SO4,98.07848,weight,97.0,60.0,1.7977
inorganic_acid,无机酸,sulfuric,硫酸,H2SO4,98.07848,weight,98.0,60.0,1.7976
inorganic_acid,无机酸,sulfuric,硫酸,H2SO4,98.07848,weight,99.0,60.0,1.7958
inorganic_acid,无机酸,sulfuric,硫酸,H2SO4,98.07848,weight,100.0,60.0,1.7922
inorganic_acid,无机酸,sulfuric,硫酸,H2SO4,98.07848,weight,0,80,0.97179
inorganic_acid,无机酸,sulfuric,硫酸,H2SO4,98.07848,weight,1.0,80.0,0.9779
inorganic_acid,无机酸,sulfuric,硫酸,H2SO4,98.07848,weight,2.0,80.0,0.9839
inorganic_acid,无机酸,sulfuric,硫酸,H2SO4,98.07848,weight,3.0,80.0,0.99
inorganic_acid,无机酸,sulfuric,硫酸,H2SO4,98.07848,weight,4.0,80.0,0.9961
inorganic_acid,无机酸,sulfuric,硫酸,H2SO4,98.07848,weight,5.0,80.0,1.0022
inorganic_acid,无机酸,sulfuric,硫酸,H2SO4,98.07848,weight,6.0,80.0,1.0084
inorganic_acid,无机酸,sulfuric,硫酸,H2SO4,98.07848,weight,7.0,80.0,1.0146
inorganic_acid,无机酸,sulfuric,硫酸,H2SO4,98.07848,weight,8.0,80.0,1.0209
inorganic_acid,无机酸,sulfuric,硫酸,H2SO4,98.07848,weight,9.0,80.0,1.0273
inorganic_acid,无机酸,sulfuric,硫酸,H2SO4,98.07848,weight,10.0,80.0,1.0338
inorganic_acid,无机酸,sulfuric,硫酸,H2SO4,98.07848,weight,11.0,80.0,1.0403
inorganic_acid,无机酸,sulfuric,硫酸,H2SO4,98.07848,weight,12.0,80.0,1.0469
inorganic_acid,无机酸,sulfuric,硫酸,H2SO4,98.07848,weight,13.0,80.0,1.0536
inorganic_acid,无机酸,sulfuric,硫酸,H2SO4,98.07848,weight,14.0,80.0,1.0603
inorganic_acid,无机酸,sulfuric,硫酸,H2SO4,98.07848,weight,15.0,80.0,1.0671
inorganic_acid,无机酸,sulfuric,硫酸,H2SO4,98.07848,weight,16.0,80.0,1.074
inorganic_acid,无机酸,sulfuric,硫酸,H2SO4,98.07848,weight,17.0,80.0,1.0809
inorganic_acid,无机酸,sulfuric,硫酸,H2SO4,98.07848,weight,18.0,80.0,1.0879
inorganic_acid,无机酸,sulfuric,硫酸,H2SO4,98.07848,weight,19.0,80.0,1.095
inorganic_acid,无机酸,sulfuric,硫酸,H2SO4,98.07848,weight,20.0,80.0,1.1021
inorganic_acid,无机酸,sulfuric,硫酸,H2SO4,98.07848,weight,21.0,80.0,1.1093
inorganic_acid,无机酸,sulfuric,硫酸,H2SO4,98.07848,weight,22.0,80.0,1.1166
inorganic_acid,无机酸,sulfuric,硫酸,H2SO4,98.07848,weight,23.0,80.0,1.1239
inorganic_acid,无机酸,sulfuric,硫酸,H2SO4,98.07848,weight,24.0,80.0,1.1313
inorganic_acid,无机酸,sulfuric,硫酸,H2SO4,98.07848,weight,25.0,80.0,1.1388
inorganic_acid,无机酸,sulfuric,硫酸,H2SO4,98.07848,weight,26.0,80.0,1.1463
inorganic_acid,无机酸,sulfuric,硫酸,H2SO4,98.07848,weight,27.0,80.0,1.1539
inorganic_acid,无机酸,sulfuric,硫酸,H2SO4,98.07848,weight,28.0,80.0,1.1616
inorganic_acid,无机酸,sulfuric,硫酸,H2SO4,98.07848,weight,29.0,80.0,1.1693
inorganic_acid,无机酸,sulfuric,硫酸,H2SO4,98.07848,weight,30.0,80.0,1.1771
inorganic_acid,无机酸,sulfuric,硫酸,H2SO4,98.07848,weight,31.0,80.0,1.1849
inorganic_acid,无机酸,sulfuric,硫酸,H2SO4,98.07848,weight,32.0,80.0,1.1928
inorganic_acid,无机酸,sulfuric,硫酸,H2SO4,98.07848,weight,33.0,80.0,1.2008
inorganic_acid,无机酸,sulfuric,硫酸,H2SO4,98.07848,weight,34.0,80.0,1.2088
inorganic_acid,无机酸,sulfuric,硫酸,H2SO4,98.07848,weight,35.0,80.0,1.2169
inorganic_acid,无机酸,sulfuric,硫酸,H2SO4,98.07848,weight,36.0,80.0,1.2251
inorganic_acid,无机酸,sulfuric,硫酸,H2SO4,98.07848,weight,37.0,80.0,1.2334
inorganic_acid,无机酸,sulfuric,硫酸,H2SO4,98.07848,weight,38.0,80.0,1.2418
inorganic_acid,无机酸,sulfuric,硫酸,H2SO4,98.07848,weight,39.0,80.0,1.2503
inorganic_acid,无机酸,sulfuric,硫酸,H2SO4,98.07848,weight,40.0,80.0,1.2589
inorganic_acid,无机酸,sulfuric,硫酸,H2SO4,98.07848,weight,41.0,80.0,1.2675
inorganic_acid,无机酸,sulfuric,硫酸,H2SO4,98.07848,weight,42.0,80.0,1.2762
inorganic_acid,无机酸,sulfuric,硫酸,H2SO4,98.07848,weight,43.0,80.0,1.285
inorganic_acid,无机酸,sulfuric,硫酸,H2SO4,98.07848,weight,44.0,80.0,1.2939
inorganic_acid,无机酸,sulfuric,硫酸,H2SO4,98.07848,weight,45.0,80.0,1.3029
inorganic_acid,无机酸,sulfuric,硫酸,H2SO4,98.07848,weight,46.0,80.0,1.312
inorganic_acid,无机酸,sulfuric,硫酸,H2SO4,98.07848,weight,47.0,80.0,1.3212
inorganic_acid,无机酸,sulfuric,硫酸,H2SO4,98.07848,weight,48.0,80.0,1.3305
inorganic_acid,无机酸,sulfuric,硫酸,H2SO4,98.07848,weight,49.0,80.0,1.3399
inorganic_acid,无机酸,sulfuric,硫酸,H2SO4,98.07848,weight,50.0,80.0,1.3494
inorganic_acid,无机酸,sulfuric,硫酸,H2SO4,98.07848,weight,51.0,80.0,1.359
inorganic_acid,无机酸,sulfuric,硫酸,H2SO4,98.07848,weight,52.0,80.0,1.3687
inorganic_acid,无机酸,sulfuric,硫酸,H2SO4,98.07848,weight,53.0,80.0,1.3785
inorganic_acid,无机酸,sulfuric,硫酸,H2SO4,98.07848,weight,54.0,80.0,1.3884
inorganic_acid,无机酸,sulfuric,硫酸,H2SO4,98.07848,weight,55.0,80.0,1.3984
inorganic_acid,无机酸,sulfuric,硫酸,H2SO4,98.07848,weight,56.0,80.0,1.4085
inorganic_acid,无机酸,sulfuric,硫酸,H2SO4,98.07848,weight,57.0,80.0,1.4187
inorganic_acid,无机酸,sulfuric,硫酸,H2SO4,98.07848,weight,58.0,80.0,1.429
inorganic_acid,无机酸,sulfuric,硫酸,H2SO4,98.07848,weight,59.0,80.0,1.4393
inorganic_acid,无机酸,sulfuric,硫酸,H2SO4,98.07848,weight,60.0,80.0,1.4497
inorganic_acid,无机酸,sulfuric,硫酸,H2SO4,98.07848,weight,61.0,80.0,1.4602
inorganic_acid,无机酸,sulfuric,硫酸,H2SO4,98.07848,weight,62.0,80.0,1.4708
inorganic_acid,无机酸,sulfuric,硫酸,H2SO4,98.07848,weight,63.0,80.0,1.4815
inorganic_acid,无机酸,sulfuric,硫酸,H2SO4,98.07848,weight,64.0,80.0,1.4923
inorganic_acid,无机酸,sulfuric,硫酸,H2SO4,98.07848,weight,65.0,80.0,1.5031
inorganic_acid,无机酸,sulfuric,硫酸,H2SO4,98.07848,weight,66.0,80.0,1.514
inorganic_acid,无机酸,sulfuric,硫酸,H2SO4,98.07848,weight,67.0,80.0,1.5249
inorganic_acid,无机酸,sulfuric,硫酸,H2SO4,98.07848,weight,68.0,80.0,1.5359
inorganic_acid,无机酸,sulfuric,硫酸,H2SO4,98.07848,weight,69.0,80.0,1.547
inorganic_acid,无机酸,sulfuric,硫酸,H2SO4,98.07848,weight,70.0,80.0,1.5582
inorganic_acid,无机酸,sulfuric,硫酸,H2SO4,98.07848,weight,71.0,80.0,1.5694
inorganic_acid,无机酸,sulfuric,硫酸,H2SO4,98.07848,weight,72.0,80.0,1.5806
inorganic_acid,无机酸,sulfuric,硫酸,H2SO4,98.07848,weight,73.0,80.0,1.5919
inorganic_acid,无机酸,sulfuric,硫酸,H2SO4,98.07848,weight,74.0,80.0,1.6031
inorganic_acid,无机酸,sulfuric,硫酸,H2SO4,98.07848,weight,75.0,80.0,1.6142
inorganic_acid,无机酸,sulfuric,硫酸,H2SO4,98.07848,weight,76.0,80.0,1.6252
inorganic_acid,无机酸,sulfuric,硫酸,H2SO4,98.07848,weight,77.0,80.0,1.6361
inorganic_acid,无机酸,sulfuric,硫酸,H2SO4,98.07848,weight,78.0,80.0,1.6469
inorganic_acid,无机酸,sulfuric,硫酸,H2SO4,98.07848,weight,79.0,80.0,1.6575
inorganic_acid,无机酸,sulfuric,硫酸,H2SO4,98.07848,weight,80.0,80.0,1.668
inorganic_acid,无机酸,sulfuric,硫酸,H2SO4,98.07848,weight,81.0,80.0,1.6782
inorganic_acid,无机酸,sulfuric,硫酸,H2SO4,98.07848,weight,82.0,80.0,1.6882
inorganic_acid,无机酸,sulfuric,硫酸,H2SO4,98.07848,weight,83.0,80.0,1.6979
inorganic_acid,无机酸,sulfuric,硫酸,H2SO4,98.07848,weight,84.0,80.0,1.7072
inorganic_acid,无机酸,sulfuric,硫酸,H2SO4,98.07848,weight,85.0,80.0,1.7161
inorganic_acid,无机酸,sulfuric,硫酸,H2SO4,98.07848,weight,86.0,80.0,1.7245
inorganic_acid,无机酸,sulfuric,硫酸,H2SO4,98.07848,weight,87.0,80.0,1.7324
inorganic_acid,无机酸,sulfuric,硫酸,H2SO4,98.07848,weight,88.0,80.0,1.7397
inorganic_acid,无机酸,sulfuric,硫酸,H2SO4,98.07848,weight,89.0,80.0,1.7464
inorganic_acid,无机酸,sulfuric,硫酸,H2SO4,98.07848,weight,90.0,80.0,1.7525
inorganic_acid,无机酸,sulfuric,硫酸,H2SO4,98.07848,weight,91.0,80.0,1.7581
inorganic_acid,无机酸,sulfuric,硫酸,H2SO4,98.07848,weight,92.0,80.0,1.7633
inorganic_acid,无机酸,sulfuric,硫酸,H2SO4,98.07848,weight,93.0,80.0,1.7681
inorganic_acid,无机酸,sulfuric,硫酸,H2SO4,98.07848,weight,1.0,100.0,0.9645
inorganic_acid,无机酸,sulfuric,硫酸,H2SO4,98.07848,weight,2.0,100.0,0.9705
inorganic_acid,无机酸,sulfuric,硫酸,H2SO4,98.07848,weight,3.0,100.0,0.9766
inorganic_acid,无机酸,sulfuric,硫酸,H2SO4,98.07848,weight,4.0,100.0,0.9827
inorganic_acid,无机酸,sulfuric,硫酸,H2SO4,98.07848,weight,5.0,100.0,0.9888
inorganic_acid,无机酸,sulfuric,硫酸,H2SO4,98.07848,weight,6.0,100.0,0.995
inorganic_acid,无机酸,sulfuric,硫酸,H2SO4,98.07848,weight,7.0,100.0,1.0013
inorganic_acid,无机酸,sulfuric,硫酸,H2SO4,98.07848,weight,8.0,100.0,1.0076
inorganic_acid,无机酸,sulfuric,硫酸,H2SO4,98.07848,weight,9.0,100.0,1.014
inorganic_acid,无机酸,sulfuric,硫酸,H2SO4,98.07848,weight,10.0,100.0,1.0204
inorganic_acid,无机酸,sulfuric,硫酸,H2SO4,98.07848,weight,11.0,100.0,1.0269
inorganic_acid,无机酸,sulfuric,硫酸,H2SO4,98.07848,weight,12.0,100.0,1.0335
inorganic_acid,无机酸,sulfuric,硫酸,H2SO4,98.07848,weight,13.0,100.0,1.0402
inorganic_acid,无机酸,sulfuric,硫酸,H2SO4,98.07848,weight,14.0,100.0,1.0469
inorganic_acid,无机酸,sulfuric,硫酸,H2SO4,98.07848,weight,15.0,100.0,1.0537
inorganic_acid,无机酸,sulfuric,硫酸,H2SO4,98.07848,weight,16.0,100.0,1.0605
inorganic_acid,无机酸,sulfuric,硫酸,H2SO4,98.07848,weight,17.0,100.0,1.0674
inorganic_acid,无机酸,sulfuric,硫酸,H2SO4,98.07848,weight,18.0,100.0,1.0744
inorganic_acid,无机酸,sulfuric,硫酸,H2SO4,98.07848,weight,19.0,100.0,1.0814
inorganic_acid,无机酸,sulfuric,硫酸,H2SO4,98.07848,weight,20.0,100.0,1.0885
inorganic_acid,无机酸,sulfuric,硫酸,H2SO4,98.07848,weight,21.0,100.0,1.0957
inorganic_acid,无机酸,sulfuric,硫酸,H2SO4,98.07848,weight,22.0,100.0,1.1029
inorganic_acid,无机酸,sulfuric,硫酸,H2SO4,98.07848,weight,23.0,100.0,1.1102
inorganic_acid,无机酸,sulfuric,硫酸,H2SO4,98.07848,weight,24.0,100.0,1.1176
inorganic_acid,无机酸,sulfuric,硫酸,H2SO4,98.07848,weight,25.0,100.0,1.125
inorganic_acid,无机酸,sulfuric,硫酸,H2SO4,98.07848,weight,26.0,100.0,1.1325
inorganic_acid,无机酸,sulfuric,硫酸,H2SO4,98.07848,weight,27.0,100.0,1.14
inorganic_acid,无机酸,sulfuric,硫酸,H2SO4,98.07848,weight,28.0,100.0,1.1476
inorganic_acid,无机酸,sulfuric,硫酸,H2SO4,98.07848,weight,29.0,100.0,1.1553
inorganic_acid,无机酸,sulfuric,硫酸,H2SO4,98.07848,weight,30.0,100.0,1.163
inorganic_acid,无机酸,sulfuric,硫酸,H2SO4,98.07848,weight,31.0,100.0,1.1708
inorganic_acid,无机酸,sulfuric,硫酸,H2SO4,98.07848,weight,32.0,100.0,1.1787
inorganic_acid,无机酸,sulfuric,硫酸,H2SO4,98.07848,weight,33.0,100.0,1.1866
inorganic_acid,无机酸,sulfuric,硫酸,H2SO4,98.07848,weight,34.0,100.0,1.1946
inorganic_acid,无机酸,sulfuric,硫酸,H2SO4,98.07848,weight,35.0,100.0,1.2027
inorganic_acid,无机酸,sulfuric,硫酸,H2SO4,98.07848,weight,36.0,100.0,1.2109
inorganic_acid,无机酸,sulfuric,硫酸,H2SO4,98.07848,weight,37.0,100.0,1.2192
inorganic_acid,无机酸,sulfuric,硫酸,H2SO4,98.07848,weight,38.0,100.0,1.2276
inorganic_acid,无机酸,sulfuric,硫酸,H2SO4,98.07848,weight,39.0,100.0,1.2361
inorganic_acid,无机酸,sulfuric,硫酸,H2SO4,98.07848,weight,40.0,100.0,1.2446
inorganic_acid,无机酸,sulfuric,硫酸,H2SO4,98.07848,weight,41.0,100.0,1.2532
inorganic_acid,无机酸,sulfuric,硫酸,H2SO4,98.07848,weight,42.0,100.0,1.2619
inorganic_acid,无机酸,sulfuric,硫酸,H2SO4,98.07848,weight,43.0,100.0,1.2707
inorganic_acid,无机酸,sulfuric,硫酸,H2SO4,98.07848,weight,44.0,100.0,1.2796
inorganic_acid,无机酸,sulfuric,硫酸,H2SO4,98.07848,weight,45.0,100.0,1.2886
inorganic_acid,无机酸,sulfuric,硫酸,H2SO4,98.07848,weight,46.0,100.0,1.2976
inorganic_acid,无机酸,sulfuric,硫酸,H2SO4,98.07848,weight,47.0,100.0,1.3067
inorganic_acid,无机酸,sulfuric,硫酸,H2SO4,98.07848,weight,48.0,100.0,1.3159
inorganic_acid,无机酸,sulfuric,硫酸,H2SO4,98.07848,weight,49.0,100.0,1.3253
inorganic_acid,无机酸,sulfuric,硫酸,H2SO4,98.07848,weight,50.0,100.0,1.3348
inorganic_acid,无机酸,sulfuric,硫酸,H2SO4,98.07848,weight,51.0,100.0,1.3444
inorganic_acid,无机酸,sulfuric,硫酸,H2SO4,98.07848,weight,52.0,100.0,1.354
inorganic_acid,无机酸,sulfuric,硫酸,H2SO4,98.07848,weight,53.0,100.0,1.3637
inorganic_acid,无机酸,sulfuric,硫酸,H2SO4,98.07848,weight,54.0,100.0,1.3735
inorganic_acid,无机酸,sulfuric,硫酸,H2SO4,98.07848,weight,55.0,100.0,1.3834
inorganic_acid,无机酸,sulfuric,硫酸,H2SO4,98.07848,weight,56.0,100.0,1.3934
inorganic_acid,无机酸,sulfuric,硫酸,H2SO4,98.07848,weight,57.0,100.0,1.4035
inorganic_acid,无机酸,sulfuric,硫酸,H2SO4,98.07848,weight,58.0,100.0,1.4137
inorganic_acid,无机酸,sulfuric,硫酸,H2SO4,98.07848,weight,59.0,100.0,1.424
inorganic_acid,无机酸,sulfuric,硫酸,H2SO4,98.07848,weight,60.0,100.0,1.4344
inorganic_acid,无机酸,sulfuric,硫酸,H2SO4,98.07848,weight,61.0,100.0,1.4449
inorganic_acid,无机酸,sulfuric,硫酸,H2SO4,98.07848,weight,62.0,100.0,1.4554
inorganic_acid,无机酸,sulfuric,硫酸,H2SO4,98.07848,weight,63.0,100.0,1.466
inorganic_acid,无机酸,sulfuric,硫酸,H2SO4,98.07848,weight,64.0,100.0,1.4766
inorganic_acid,无机酸,sulfuric,硫酸,H2SO4,98.07848,weight,65.0,100.0,1.4873
inorganic_acid,无机酸,sulfuric,硫酸,H2SO4,98.07848,weight,66.0,100.0,1.4981
inorganic_acid,无机酸,sulfuric,硫酸,H2SO4,98.07848,weight,67.0,100.0,1.5089
inorganic_acid,无机酸,sulfuric,硫酸,H2SO4,98.07848,weight,68.0,100.0,1.5198
inorganic_acid,无机酸,sulfuric,硫酸,H2SO4,98.07848,weight,69.0,100.0,1.5307
inorganic_acid,无机酸,sulfuric,硫酸,H2SO4,98.07848,weight,70.0,100.0,1.5417
inorganic_acid,无机酸,sulfuric,硫酸,H2SO4,98.07848,weight,71.0,100.0,1.5527
inorganic_acid,无机酸,sulfuric,硫酸,H2SO4,98.07848,weight,72.0,100.0,1.5637
inorganic_acid,无机酸,sulfuric,硫酸,H2SO4,98.07848,weight,73.0,100.0,1.5747
inorganic_acid,无机酸,sulfuric,硫酸,H2SO4,98.07848,weight,74.0,100.0,1.5857
inorganic_acid,无机酸,sulfuric,硫酸,H2SO4,98.07848,weight,75.0,100.0,1.5966
inorganic_acid,无机酸,sulfuric,硫酸,H2SO4,98.07848,weight,76.0,100.0,1.6074
inorganic_acid,无机酸,sulfuric,硫酸,H2SO4,98.07848,weight,77.0,100.0,1.6181
inorganic_acid,无机酸,sulfuric,硫酸,H2SO4,98.07848,weight,78.0,100.0,1.6286
inorganic_acid,无机酸,sulfuric,硫酸,H2SO4,98.07848,weight,79.0,100.0,1.639
inorganic_acid,无机酸,sulfuric,硫酸,H2SO4,98.07848,weight,80.0,100.0,1.6493
inorganic_acid,无机酸,sulfuric,硫酸,H2SO4,98.07848,weight,81.0,100.0,1.6594
inorganic_acid,无机酸,sulfuric,硫酸,H2SO4,98.07848,weight,82.0,100.0,1.6692
inorganic_acid,无机酸,sulfuric,硫酸,H2SO4,98.07848,weight,83.0,100.0,1.6787
inorganic_acid,无机酸,sulfuric,硫酸,H2SO4,98.07848,weight,84.0,100.0,1.6878
inorganic_acid,无机酸,sulfuric,硫酸,H2SO4,98.07848,weight,85.0,100.0,1.6966
inorganic_acid,无机酸,sulfuric,硫酸,H2SO4,98.07848,weight,86.0,100.0,1.705
inorganic_acid,无机酸,sulfuric,硫酸,H2SO4,98.07848,weight,87.0,100.0,1.7129
inorganic_acid,无机酸,sulfuric,硫酸,H2SO4,98.07848,weight,88.0,100.0,1.7202
inorganic_acid,无机酸,sulfuric,硫酸,H2SO4,98.07848,weight,89.0,100.0,1.7269
inorganic_acid,无机酸,sulfuric,硫酸,H2SO4,98.07848,weight,90.0,100.0,1.7331
inorganic_acid,无机酸,sulfuric,硫酸,H2SO4,98.07848,weight,91.0,100.0,1.7388
inorganic_acid,无机酸,sulfuric,硫酸,H2SO4,98.07848,weight,92.0,100.0,1.7439
inorganic_acid,无机酸,sulfuric,硫酸,H2SO4,98.07848,weight,93.0,100.0,1.7485
inorganic_acid,无机酸,nitric,硝酸,HNO3,63.01284,weight,0,0,0.99984283
inorganic_acid,无机酸,nitric,硝酸,HNO3,63.01284,weight,1.0,0.0,1.0058
inorganic_acid,无机酸,nitric,硝酸,HNO3,63.01284,weight,2.0,0.0,1.0117
inorganic_acid,无机酸,nitric,硝酸,HNO3,63.01284,weight,3.0,0.0,1.0176
inorganic_acid,无机酸,nitric,硝酸,HNO3,63.01284,weight,4.0,0.0,1.0236
inorganic_acid,无机酸,nitric,硝酸,HNO3,63.01284,weight,5.0,0.0,1.0296
inorganic_acid,无机酸,nitric,硝酸,HNO3,63.01284,weight,6.0,0.0,1.0357
inorganic_acid,无机酸,nitric,硝酸,HNO3,63.01284,weight,7.0,0.0,1.0418
inorganic_acid,无机酸,nitric,硝酸,HNO3,63.01284,weight,8.0,0.0,1.048
inorganic_acid,无机酸,nitric,硝酸,HNO3,63.01284,weight,9.0,0.0,1.0543
inorganic_acid,无机酸,nitric,硝酸,HNO3,63.01284,weight,10.0,0.0,1.0606
inorganic_acid,无机酸,nitric,硝酸,HNO3,63.01284,weight,11.0,0.0,1.0669
inorganic_acid,无机酸,nitric,硝酸,HNO3,63.01284,weight,12.0,0.0,1.0733
inorganic_acid,无机酸,nitric,硝酸,HNO3,63.01284,weight,13.0,0.0,1.0797
inorganic_acid,无机酸,nitric,硝酸,HNO3,63.01284,weight,14.0,0.0,1.0862
inorganic_acid,无机酸,nitric,硝酸,HNO3,63.01284,weight,15.0,0.0,1.0927
inorganic_acid,无机酸,nitric,硝酸,HNO3,63.01284,weight,16.0,0.0,1.0992
inorganic_acid,无机酸,nitric,硝酸,HNO3,63.01284,weight,17.0,0.0,1.1057
inorganic_acid,无机酸,nitric,硝酸,HNO3,63.01284,weight,18.0,0.0,1.1123
inorganic_acid,无机酸,nitric,硝酸,HNO3,63.01284,weight,19.0,0.0,1.1189
inorganic_acid,无机酸,nitric,硝酸,HNO3,63.01284,weight,20.0,0.0,1.1255
inorganic_acid,无机酸,nitric,硝酸,HNO3,63.01284,weight,21.0,0.0,1.1322
inorganic_acid,无机酸,nitric,硝酸,HNO3,63.01284,weight,22.0,0.0,1.1389
inorganic_acid,无机酸,nitric,硝酸,HNO3,63.01284,weight,23.0,0.0,1.1457
inorganic_acid,无机酸,nitric,硝酸,HNO3,63.01284,weight,24.0,0.0,1.1525
inorganic_acid,无机酸,nitric,硝酸,HNO3,63.01284,weight,25.0,0.0,1.1594
inorganic_acid,无机酸,nitric,硝酸,HNO3,63.01284,weight,26.0,0.0,1.1663
inorganic_acid,无机酸,nitric,硝酸,HNO3,63.01284,weight,27.0,0.0,1.1733
inorganic_acid,无机酸,nitric,硝酸,HNO3,63.01284,weight,28.0,0.0,1.1803
inorganic_acid,无机酸,nitric,硝酸,HNO3,63.01284,weight,29.0,0.0,1.1874
inorganic_acid,无机酸,nitric,硝酸,HNO3,63.01284,weight,30.0,0.0,1.1945
inorganic_acid,无机酸,nitric,硝酸,HNO3,63.01284,weight,31.0,0.0,1.2016
inorganic_acid,无机酸,nitric,硝酸,HNO3,63.01284,weight,32.0,0.0,1.2088
inorganic_acid,无机酸,nitric,硝酸,HNO3,63.01284,weight,33.0,0.0,1.216
inorganic_acid,无机酸,nitric,硝酸,HNO3,63.01284,weight,34.0,0.0,1.2233
inorganic_acid,无机酸,nitric,硝酸,HNO3,63.01284,weight,35.0,0.0,1.2306
inorganic_acid,无机酸,nitric,硝酸,HNO3,63.01284,weight,36.0,0.0,1.2375
inorganic_acid,无机酸,nitric,硝酸,HNO3,63.01284,weight,37.0,0.0,1.2444
inorganic_acid,无机酸,nitric,硝酸,HNO3,63.01284,weight,38.0,0.0,1.2513
inorganic_acid,无机酸,nitric,硝酸,HNO3,63.01284,weight,39.0,0.0,1.2581
inorganic_acid,无机酸,nitric,硝酸,HNO3,63.01284,weight,40.0,0.0,1.2649
inorganic_acid,无机酸,nitric,硝酸,HNO3,63.01284,weight,41.0,0.0,1.2717
inorganic_acid,无机酸,nitric,硝酸,HNO3,63.01284,weight,42.0,0.0,1.2786
inorganic_acid,无机酸,nitric,硝酸,HNO3,63.01284,weight,43.0,0.0,1.2854
inorganic_acid,无机酸,nitric,硝酸,HNO3,63.01284,weight,44.0,0.0,1.2922
inorganic_acid,无机酸,nitric,硝酸,HNO3,63.01284,weight,45.0,0.0,1.299
inorganic_acid,无机酸,nitric,硝酸,HNO3,63.01284,weight,46.0,0.0,1.3058
inorganic_acid,无机酸,nitric,硝酸,HNO3,63.01284,weight,47.0,0.0,1.3126
inorganic_acid,无机酸,nitric,硝酸,HNO3,63.01284,weight,48.0,0.0,1.3194
inorganic_acid,无机酸,nitric,硝酸,HNO3,63.01284,weight,49.0,0.0,1.3263
inorganic_acid,无机酸,nitric,硝酸,HNO3,63.01284,weight,50.0,0.0,1.3327
inorganic_acid,无机酸,nitric,硝酸,HNO3,63.01284,weight,51.0,0.0,1.3391
inorganic_acid,无机酸,nitric,硝酸,HNO3,63.01284,weight,52.0,0.0,1.3454
inorganic_acid,无机酸,nitric,硝酸,HNO3,63.01284,weight,53.0,0.0,1.3517
inorganic_acid,无机酸,nitric,硝酸,HNO3,63.01284,weight,54.0,0.0,1.3579
inorganic_acid,无机酸,nitric,硝酸,HNO3,63.01284,weight,55.0,0.0,1.364
inorganic_acid,无机酸,nitric,硝酸,HNO3,63.01284,weight,56.0,0.0,1.37
inorganic_acid,无机酸,nitric,硝酸,HNO3,63.01284,weight,57.0,0.0,1.3759
inorganic_acid,无机酸,nitric,硝酸,HNO3,63.01284,weight,58.0,0.0,1.3818
inorganic_acid,无机酸,nitric,硝酸,HNO3,63.01284,weight,59.0,0.0,1.3875
inorganic_acid,无机酸,nitric,硝酸,HNO3,63.01284,weight,60.0,0.0,1.3931
inorganic_acid,无机酸,nitric,硝酸,HNO3,63.01284,weight,61.0,0.0,1.3986
inorganic_acid,无机酸,nitric,硝酸,HNO3,63.01284,weight,62.0,0.0,1.4039
inorganic_acid,无机酸,nitric,硝酸,HNO3,63.01284,weight,63.0,0.0,1.4091
inorganic_acid,无机酸,nitric,硝酸,HNO3,63.01284,weight,0,5,0.9999668
inorganic_acid,无机酸,nitric,硝酸,HNO3,63.01284,weight,1.0,5.0,1.00572
inorganic_acid,无机酸,nitric,硝酸,HNO3,63.01284,weight,2.0,5.0,1.01149
inorganic_acid,无机酸,nitric,硝酸,HNO3,63.01284,weight,3.0,5.0,1.0173
inorganic_acid,无机酸,nitric,硝酸,HNO3,63.01284,weight,4.0,5.0,1.02315
inorganic_acid,无机酸,nitric,硝酸,HNO3,63.01284,weight,5.0,5.0,1.02904
inorganic_acid,无机酸,nitric,硝酸,HNO3,63.01284,weight,6.0,5.0,1.03497
inorganic_acid,无机酸,nitric,硝酸,HNO3,63.01284,weight,7.0,5.0,1.041
inorganic_acid,无机酸,nitric,硝酸,HNO3,63.01284,weight,8.0,5.0,1.0471
inorganic_acid,无机酸,nitric,硝酸,HNO3,63.01284,weight,9.0,5.0,1.0532
inorganic_acid,无机酸,nitric,硝酸,HNO3,63.01284,weight,10.0,5.0,1.0594
inorganic_acid,无机酸,nitric,硝酸,HNO3,63.01284,weight,11.0,5.0,1.0656
inorganic_acid,无机酸,nitric,硝酸,HNO3,63.01284,weight,12.0,5.0,1.0718
inorganic_acid,无机酸,nitric,硝酸,HNO3,63.01284,weight,13.0,5.0,1.0781
inorganic_acid,无机酸,nitric,硝酸,HNO3,63.01284,weight,14.0,5.0,1.0845
inorganic_acid,无机酸,nitric,硝酸,HNO3,63.01284,weight,15.0,5.0,1.0909
inorganic_acid,无机酸,nitric,硝酸,HNO3,63.01284,weight,16.0,5.0,1.0973
inorganic_acid,无机酸,nitric,硝酸,HNO3,63.01284,weight,17.0,5.0,1.1038
inorganic_acid,无机酸,nitric,硝酸,HNO3,63.01284,weight,18.0,5.0,1.1103
inorganic_acid,无机酸,nitric,硝酸,HNO3,63.01284,weight,19.0,5.0,1.1168
inorganic_acid,无机酸,nitric,硝酸,HNO3,63.01284,weight,20.0,5.0,1.1234
inorganic_acid,无机酸,nitric,硝酸,HNO3,63.01284,weight,21.0,5.0,1.13
inorganic_acid,无机酸,nitric,硝酸,HNO3,63.01284,weight,22.0,5.0,1.1366
inorganic_acid,无机酸,nitric,硝酸,HNO3,63.01284,weight,23.0,5.0,1.1433
inorganic_acid,无机酸,nitric,硝酸,HNO3,63.01284,weight,24.0,5.0,1.1501
inorganic_acid,无机酸,nitric,硝酸,HNO3,63.01284,weight,25.0,5.0,1.1569
inorganic_acid,无机酸,nitric,硝酸,HNO3,63.01284,weight,26.0,5.0,1.1638
inorganic_acid,无机酸,nitric,硝酸,HNO3,63.01284,weight,27.0,5.0,1.1707
inorganic_acid,无机酸,nitric,硝酸,HNO3,63.01284,weight,28.0,5.0,1.1777
inorganic_acid,无机酸,nitric,硝酸,HNO3,63.01284,weight,29.0,5.0,1.1847
inorganic_acid,无机酸,nitric,硝酸,HNO3,63.01284,weight,30.0,5.0,1.1917
inorganic_acid,无机酸,nitric,硝酸,HNO3,63.01284,weight,31.0,5.0,1.1988
inorganic_acid,无机酸,nitric,硝酸,HNO3,63.01284,weight,32.0,5.0,1.2059
inorganic_acid,无机酸,nitric,硝酸,HNO3,63.01284,weight,33.0,5.0,1.2131
inorganic_acid,无机酸,nitric,硝酸,HNO3,63.01284,weight,34.0,5.0,1.2203
inorganic_acid,无机酸,nitric,硝酸,HNO3,63.01284,weight,35.0,5.0,1.2275
inorganic_acid,无机酸,nitric,硝酸,HNO3,63.01284,weight,36.0,5.0,1.2344
inorganic_acid,无机酸,nitric,硝酸,HNO3,63.01284,weight,37.0,5.0,1.2412
inorganic_acid,无机酸,nitric,硝酸,HNO3,63.01284,weight,38.0,5.0,1.2479
inorganic_acid,无机酸,nitric,硝酸,HNO3,63.01284,weight,39.0,5.0,1.2546
inorganic_acid,无机酸,nitric,硝酸,HNO3,63.01284,weight,40.0,5.0,1.2613
inorganic_acid,无机酸,nitric,硝酸,HNO3,63.01284,weight,41.0,5.0,1.268
inorganic_acid,无机酸,nitric,硝酸,HNO3,63.01284,weight,42.0,5.0,1.2747
inorganic_acid,无机酸,nitric,硝酸,HNO3,63.01284,weight,43.0,5.0,1.2814
inorganic_acid,无机酸,nitric,硝酸,HNO3,63.01284,weight,44.0,5.0,1.288
inorganic_acid,无机酸,nitric,硝酸,HNO3,63.01284,weight,45.0,5.0,1.2947
inorganic_acid,无机酸,nitric,硝酸,HNO3,63.01284,weight,46.0,5.0,1.3014
inorganic_acid,无机酸,nitric,硝酸,HNO3,63.01284,weight,47.0,5.0,1.308
inorganic_acid,无机酸,nitric,硝酸,HNO3,63.01284,weight,48.0,5.0,1.3147
inorganic_acid,无机酸,nitric,硝酸,HNO3,63.01284,weight,49.0,5.0,1.3214
inorganic_acid,无机酸,nitric,硝酸,HNO3,63.01284,weight,50.0,5.0,1.3277
inorganic_acid,无机酸,nitric,硝酸,HNO3,63.01284,weight,51.0,5.0,1.3339
inorganic_acid,无机酸,nitric,硝酸,HNO3,63.01284,weight,52.0,5.0,1.3401
inorganic_acid,无机酸,nitric,硝酸,HNO3,63.01284,weight,53.0,5.0,1.3462
inorganic_acid,无机酸,nitric,硝酸,HNO3,63.01284,weight,54.0,5.0,1.3523
inorganic_acid,无机酸,nitric,硝酸,HNO3,63.01284,weight,55.0,5.0,1.3583
inorganic_acid,无机酸,nitric,硝酸,HNO3,63.01284,weight,56.0,5.0,1.3642
inorganic_acid,无机酸,nitric,硝酸,HNO3,63.01284,weight,57.0,5.0,1.37
inorganic_acid,无机酸,nitric,硝酸,HNO3,63.01284,weight,58.0,5.0,1.3757
inorganic_acid,无机酸,nitric,硝酸,HNO3,63.01284,weight,59.0,5.0,1.3813
inorganic_acid,无机酸,nitric,硝酸,HNO3,63.01284,weight,60.0,5.0,1.3868
inorganic_acid,无机酸,nitric,硝酸,HNO3,63.01284,weight,61.0,5.0,1.3922
inorganic_acid,无机酸,nitric,硝酸,HNO3,63.01284,weight,62.0,5.0,1.3975
inorganic_acid,无机酸,nitric,硝酸,HNO3,63.01284,weight,63.0,5.0,1.4027
inorganic_acid,无机酸,nitric,硝酸,HNO3,63.01284,weight,64.0,5.0,1.4078
inorganic_acid,无机酸,nitric,硝酸,HNO3,63.01284,weight,65.0,5.0,1.4128
inorganic_acid,无机酸,nitric,硝酸,HNO3,63.01284,weight,66.0,5.0,1.4177
inorganic_acid,无机酸,nitric,硝酸,HNO3,63.01284,weight,67.0,5.0,1.4224
inorganic_acid,无机酸,nitric,硝酸,HNO3,63.01284,weight,68.0,5.0,1.4271
inorganic_acid,无机酸,nitric,硝酸,HNO3,63.01284,weight,69.0,5.0,1.4317
inorganic_acid,无机酸,nitric,硝酸,HNO3,63.01284,weight,70.0,5.0,1.4362
inorganic_acid,无机酸,nitric,硝酸,HNO3,63.01284,weight,71.0,5.0,1.4406
inorganic_acid,无机酸,nitric,硝酸,HNO3,63.01284,weight,72.0,5.0,1.4449
inorganic_acid,无机酸,nitric,硝酸,HNO3,63.01284,weight,73.0,5.0,1.4491
inorganic_acid,无机酸,nitric,硝酸,HNO3,63.01284,weight,74.0,5.0,1.4532
inorganic_acid,无机酸,nitric,硝酸,HNO3,63.01284,weight,75.0,5.0,1.4573
inorganic_acid,无机酸,nitric,硝酸,HNO3,63.01284,weight,76.0,5.0,1.4613
inorganic_acid,无机酸,nitric,硝酸,HNO3,63.01284,weight,77.0,5.0,1.4652
inorganic_acid,无机酸,nitric,硝酸,HNO3,63.01284,weight,78.0,5.0,1.469
inorganic_acid,无机酸,nitric,硝酸,HNO3,63.01284,weight,79.0,5.0,1.4727
inorganic_acid,无机酸,nitric,硝酸,HNO3,63.01284,weight,80.0,5.0,1.4764
inorganic_acid,无机酸,nitric,硝酸,HNO3,63.01284,weight,81.0,5.0,1.48
inorganic_acid,无机酸,nitric,硝酸,HNO3,63.01284,weight,82.0,5.0,1.4835
inorganic_acid,无机酸,nitric,硝酸,HNO3,63.01284,weight,83.0,5.0,1.4869
inorganic_acid,无机酸,nitric,硝酸,HNO3,63.01284,weight,84.0,5.0,1.4903
inorganic_acid,无机酸,nitric,硝酸,HNO3,63.01284,weight,85.0,5.0,1.4936
inorganic_acid,无机酸,nitric,硝酸,HNO3,63.01284,weight,86.0,5.0,1.4968
inorganic_acid,无机酸,nitric,硝酸,HNO3,63.01284,weight,87.0,5.0,1.4999
inorganic_acid,无机酸,nitric,硝酸,HNO3,63.01284,weight,88.0,5.0,1.5029
inorganic_acid,无机酸,nitric,硝酸,HNO3,63.01284,weight,89.0,5.0,1.5058
inorganic_acid,无机酸,nitric,硝酸,HNO3,63.01284,weight,90.0,5.0,1.5085
inorganic_acid,无机酸,nitric,硝酸,HNO3,63.01284,weight,91.0,5.0,1.5111
inorganic_acid,无机酸,nitric,硝酸,HNO3,63.01284,weight,92.0,5.0,1.5136
inorganic_acid,无机酸,nitric,硝酸,HNO3,63.01284,weight,93.0,5.0,1.5156
inorganic_acid,无机酸,nitric,硝酸,HNO3,63.01284,weight,94.0,5.0,1.5177
inorganic_acid,无机酸,nitric,硝酸,HNO3,63.01284,weight,95.0,5.0,1.5198
inorganic_acid,无机酸,nitric,硝酸,HNO3,63.01284,weight,96.0,5.0,1.522
inorganic_acid,无机酸,nitric,硝酸,HNO3,63.01284,weight,97.0,5.0,1.5244
inorganic_acid,无机酸,nitric,硝酸,HNO3,63.01284,weight,98.0,5.0,1.5278
inorganic_acid,无机酸,nitric,硝酸,HNO3,63.01284,weight,99.0,5.0,1.5327
inorganic_acid,无机酸,nitric,硝酸,HNO3,63.01284,weight,100.0,5.0,1.5402
inorganic_acid,无机酸,nitric,硝酸,HNO3,63.01284,weight,0,10,0.9997021
inorganic_acid,无机酸,nitric,硝酸,HNO3,63.01284,weight,1.0,10.0,1.00534
inorganic_acid,无机酸,nitric,硝酸,HNO3,63.01284,weight,2.0,10.0,1.01099
inorganic_acid,无机酸,nitric,硝酸,HNO3,63.01284,weight,3.0,10.0,1.01668
inorganic_acid,无机酸,nitric,硝酸,HNO3,63.01284,weight,4.0,10.0,1.0224
inorganic_acid,无机酸,nitric,硝酸,HNO3,63.01284,weight,5.0,10.0,1.02816
inorganic_acid,无机酸,nitric,硝酸,HNO3,63.01284,weight,6.0,10.0,1.03397
inorganic_acid,无机酸,nitric,硝酸,HNO3,63.01284,weight,7.0,10.0,1.0399
inorganic_acid,无机酸,nitric,硝酸,HNO3,63.01284,weight,8.0,10.0,1.0458
inorganic_acid,无机酸,nitric,硝酸,HNO3,63.01284,weight,9.0,10.0,1.0518
inorganic_acid,无机酸,nitric,硝酸,HNO3,63.01284,weight,10.0,10.0,1.0578
inorganic_acid,无机酸,nitric,硝酸,HNO3,63.01284,weight,11.0,10.0,1.0639
inorganic_acid,无机酸,nitric,硝酸,HNO3,63.01284,weight,12.0,10.0,1.07
inorganic_acid,无机酸,nitric,硝酸,HNO3,63.01284,weight,13.0,10.0,1.0762
inorganic_acid,无机酸,nitric,硝酸,HNO3,63.01284,weight,14.0,10.0,1.0824
inorganic_acid,无机酸,nitric,硝酸,HNO3,63.01284,weight,15.0,10.0,1.0887
inorganic_acid,无机酸,nitric,硝酸,HNO3,63.01284,weight,16.0,10.0,1.095
inorganic_acid,无机酸,nitric,硝酸,HNO3,63.01284,weight,17.0,10.0,1.1014
inorganic_acid,无机酸,nitric,硝酸,HNO3,63.01284,weight,18.0,10.0,1.1078
inorganic_acid,无机酸,nitric,硝酸,HNO3,63.01284,weight,19.0,10.0,1.1142
inorganic_acid,无机酸,nitric,硝酸,HNO3,63.01284,weight,20.0,10.0,1.1206
inorganic_acid,无机酸,nitric,硝酸,HNO3,63.01284,weight,21.0,10.0,1.1271
inorganic_acid,无机酸,nitric,硝酸,HNO3,63.01284,weight,22.0,10.0,1.1336
inorganic_acid,无机酸,nitric,硝酸,HNO3,63.01284,weight,23.0,10.0,1.1402
inorganic_acid,无机酸,nitric,硝酸,HNO3,63.01284,weight,24.0,10.0,1.1469
inorganic_acid,无机酸,nitric,硝酸,HNO3,63.01284,weight,25.0,10.0,1.1536
inorganic_acid,无机酸,nitric,硝酸,HNO3,63.01284,weight,26.0,10.0,1.1603
inorganic_acid,无机酸,nitric,硝酸,HNO3,63.01284,weight,27.0,10.0,1.167
inorganic_acid,无机酸,nitric,硝酸,HNO3,63.01284,weight,28.0,10.0,1.1738
inorganic_acid,无机酸,nitric,硝酸,HNO3,63.01284,weight,29.0,10.0,1.1807
inorganic_acid,无机酸,nitric,硝酸,HNO3,63.01284,weight,30.0,10.0,1.1876
inorganic_acid,无机酸,nitric,硝酸,HNO3,63.01284,weight,31.0,10.0,1.1945
inorganic_acid,无机酸,nitric,硝酸,HNO3,63.01284,weight,32.0,10.0,1.2014
inorganic_acid,无机酸,nitric,硝酸,HNO3,63.01284,weight,33.0,10.0,1.2084
inorganic_acid,无机酸,nitric,硝酸,HNO3,63.01284,weight,34.0,10.0,1.2155
inorganic_acid,无机酸,nitric,硝酸,HNO3,63.01284,weight,35.0,10.0,1.2227
inorganic_acid,无机酸,nitric,硝酸,HNO3,63.01284,weight,36.0,10.0,1.2294
inorganic_acid,无机酸,nitric,硝酸,HNO3,63.01284,weight,37.0,10.0,1.2361
inorganic_acid,无机酸,nitric,硝酸,HNO3,63.01284,weight,38.0,10.0,1.2428
inorganic_acid,无机酸,nitric,硝酸,HNO3,63.01284,weight,39.0,10.0,1.2494
inorganic_acid,无机酸,nitric,硝酸,HNO3,63.01284,weight,40.0,10.0,1.256
inorganic_acid,无机酸,nitric,硝酸,HNO3,63.01284,weight,41.0,10.0,1.2626
inorganic_acid,无机酸,nitric,硝酸,HNO3,63.01284,weight,42.0,10.0,1.2692
inorganic_acid,无机酸,nitric,硝酸,HNO3,63.01284,weight,43.0,10.0,1.2758
inorganic_acid,无机酸,nitric,硝酸,HNO3,63.01284,weight,44.0,10.0,1.2824
inorganic_acid,无机酸,nitric,硝酸,HNO3,63.01284,weight,45.0,10.0,1.289
inorganic_acid,无机酸,nitric,硝酸,HNO3,63.01284,weight,46.0,10.0,1.2955
inorganic_acid,无机酸,nitric,硝酸,HNO3,63.01284,weight,47.0,10.0,1.3021
inorganic_acid,无机酸,nitric,硝酸,HNO3,63.01284,weight,48.0,10.0,1.3087
inorganic_acid,无机酸,nitric,硝酸,HNO3,63.01284,weight,49.0,10.0,1.3153
inorganic_acid,无机酸,nitric,硝酸,HNO3,63.01284,weight,50.0,10.0,1.3215
inorganic_acid,无机酸,nitric,硝酸,HNO3,63.01284,weight,51.0,10.0,1.3277
inorganic_acid,无机酸,nitric,硝酸,HNO3,63.01284,weight,52.0,10.0,1.3338
inorganic_acid,无机酸,nitric,硝酸,HNO3,63.01284,weight,53.0,10.0,1.3399
inorganic_acid,无机酸,nitric,硝酸,HNO3,63.01284,weight,54.0,10.0,1.3459
inorganic_acid,无机酸,nitric,硝酸,HNO3,63.01284,weight,55.0,10.0,1.3518
inorganic_acid,无机酸,nitric,硝酸,HNO3,63.01284,weight,56.0,10.0,1.3576
inorganic_acid,无机酸,nitric,硝酸,HNO3,63.01284,weight,57.0,10.0,1.3634
inorganic_acid,无机酸,nitric,硝酸,HNO3,63.01284,weight,58.0,10.0,1.3691
inorganic_acid,无机酸,nitric,硝酸,HNO3,63.01284,weight,59.0,10.0,1.3747
inorganic_acid,无机酸,nitric,硝酸,HNO3,63.01284,weight,60.0,10.0,1.3801
inorganic_acid,无机酸,nitric,硝酸,HNO3,63.01284,weight,61.0,10.0,1.3855
inorganic_acid,无机酸,nitric,硝酸,HNO3,63.01284,weight,62.0,10.0,1.3907
inorganic_acid,无机酸,nitric,硝酸,HNO3,63.01284,weight,63.0,10.0,1.3958
inorganic_acid,无机酸,nitric,硝酸,HNO3,63.01284,weight,64.0,10.0,1.4007
inorganic_acid,无机酸,nitric,硝酸,HNO3,63.01284,weight,65.0,10.0,1.4055
inorganic_acid,无机酸,nitric,硝酸,HNO3,63.01284,weight,66.0,10.0,1.4103
inorganic_acid,无机酸,nitric,硝酸,HNO3,63.01284,weight,67.0,10.0,1.415
inorganic_acid,无机酸,nitric,硝酸,HNO3,63.01284,weight,68.0,10.0,1.4196
inorganic_acid,无机酸,nitric,硝酸,HNO3,63.01284,weight,69.0,10.0,1.4241
inorganic_acid,无机酸,nitric,硝酸,HNO3,63.01284,weight,70.0,10.0,1.4285
inorganic_acid,无机酸,nitric,硝酸,HNO3,63.01284,weight,71.0,10.0,1.4328
inorganic_acid,无机酸,nitric,硝酸,HNO3,63.01284,weight,72.0,10.0,1.4371
inorganic_acid,无机酸,nitric,硝酸,HNO3,63.01284,weight,73.0,10.0,1.4413
inorganic_acid,无机酸,nitric,硝酸,HNO3,63.01284,weight,74.0,10.0,1.4454
inorganic_acid,无机酸,nitric,硝酸,HNO3,63.01284,weight,75.0,10.0,1.4494
inorganic_acid,无机酸,nitric,硝酸,HNO3,63.01284,weight,76.0,10.0,1.4533
inorganic_acid,无机酸,nitric,硝酸,HNO3,63.01284,weight,77.0,10.0,1.4572
inorganic_acid,无机酸,nitric,硝酸,HNO3,63.01284,weight,78.0,10.0,1.461
inorganic_acid,无机酸,nitric,硝酸,HNO3,63.01284,weight,79.0,10.0,1.4647
inorganic_acid,无机酸,nitric,硝酸,HNO3,63.01284,weight,80.0,10.0,1.4683
inorganic_acid,无机酸,nitric,硝酸,HNO3,63.01284,weight,81.0,10.0,1.4718
inorganic_acid,无机酸,nitric,硝酸,HNO3,63.01284,weight,82.0,10.0,1.4753
inorganic_acid,无机酸,nitric,硝酸,HNO3,63.01284,weight,83.0,10.0,1.4787
inorganic_acid,无机酸,nitric,硝酸,HNO3,63.01284,weight,84.0,10.0,1.482
inorganic_acid,无机酸,nitric,硝酸,HNO3,63.01284,weight,85.0,10.0,1.4852
inorganic_acid,无机酸,nitric,硝酸,HNO3,63.01284,weight,86.0,10.0,1.4883
inorganic_acid,无机酸,nitric,硝酸,HNO3,63.01284,weight,87.0,10.0,1.4913
inorganic_acid,无机酸,nitric,硝酸,HNO3,63.01284,weight,88.0,10.0,1.4942
inorganic_acid,无机酸,nitric,硝酸,HNO3,63.01284,weight,89.0,10.0,1.497
inorganic_acid,无机酸,nitric,硝酸,HNO3,63.01284,weight,90.0,10.0,1.4997
inorganic_acid,无机酸,nitric,硝酸,HNO3,63.01284,weight,91.0,10.0,1.5023
inorganic_acid,无机酸,nitric,硝酸,HNO3,63.01284,weight,92.0,10.0,1.5048
inorganic_acid,无机酸,nitric,硝酸,HNO3,63.01284,weight,93.0,10.0,1.5068
inorganic_acid,无机酸,nitric,硝酸,HNO3,63.01284,weight,94.0,10.0,1.5088
inorganic_acid,无机酸,nitric,硝酸,HNO3,63.01284,weight,95.0,10.0,1.5109
inorganic_acid,无机酸,nitric,硝酸,HNO3,63.01284,weight,96.0,10.0,1.513
inorganic_acid,无机酸,nitric,硝酸,HNO3,63.01284,weight,97.0,10.0,1.5152
inorganic_acid,无机酸,nitric,硝酸,HNO3,63.01284,weight,98.0,10.0,1.5187
inorganic_acid,无机酸,nitric,硝酸,HNO3,63.01284,weight,99.0,10.0,1.5235
inorganic_acid,无机酸,nitric,硝酸,HNO3,63.01284,weight,100.0,10.0,1.531
inorganic_acid,无机酸,nitric,硝酸,HNO3,63.01284,weight,0,15,0.9991016
inorganic_acid,无机酸,nitric,硝酸,HNO3,63.01284,weight,1.0,15.0,1.00464
inorganic_acid,无机酸,nitric,硝酸,HNO3,63.01284,weight,2.0,15.0,1.01018
inorganic_acid,无机酸,nitric,硝酸,HNO3,63.01284,weight,3.0,15.0,1.01576
inorganic_acid,无机酸,nitric,硝酸,HNO3,63.01284,weight,4.0,15.0,1.02137
inorganic_acid,无机酸,nitric,硝酸,HNO3,63.01284,weight,5.0,15.0,1.02702
inorganic_acid,无机酸,nitric,硝酸,HNO3,63.01284,weight,6.0,15.0,1.03272
inorganic_acid,无机酸,nitric,硝酸,HNO3,63.01284,weight,7.0,15.0,1.0385
inorganic_acid,无机酸,nitric,硝酸,HNO3,63.01284,weight,8.0,15.0,1.0443
inorganic_acid,无机酸,nitric,硝酸,HNO3,63.01284,weight,9.0,15.0,1.0502
inorganic_acid,无机酸,nitric,硝酸,HNO3,63.01284,weight,10.0,15.0,1.0561
inorganic_acid,无机酸,nitric,硝酸,HNO3,63.01284,weight,11.0,15.0,1.0621
inorganic_acid,无机酸,nitric,硝酸,HNO3,63.01284,weight,12.0,15.0,1.0681
inorganic_acid,无机酸,nitric,硝酸,HNO3,63.01284,weight,13.0,15.0,1.0742
inorganic_acid,无机酸,nitric,硝酸,HNO3,63.01284,weight,14.0,15.0,1.0803
inorganic_acid,无机酸,nitric,硝酸,HNO3,63.01284,weight,15.0,15.0,1.0865
inorganic_acid,无机酸,nitric,硝酸,HNO3,63.01284,weight,16.0,15.0,1.0927
inorganic_acid,无机酸,nitric,硝酸,HNO3,63.01284,weight,17.0,15.0,1.0989
inorganic_acid,无机酸,nitric,硝酸,HNO3,63.01284,weight,18.0,15.0,1.1052
inorganic_acid,无机酸,nitric,硝酸,HNO3,63.01284,weight,19.0,15.0,1.1115
inorganic_acid,无机酸,nitric,硝酸,HNO3,63.01284,weight,20.0,15.0,1.1178
inorganic_acid,无机酸,nitric,硝酸,HNO3,63.01284,weight,21.0,15.0,1.1242
inorganic_acid,无机酸,nitric,硝酸,HNO3,63.01284,weight,22.0,15.0,1.1306
inorganic_acid,无机酸,nitric,硝酸,HNO3,63.01284,weight,23.0,15.0,1.1371
inorganic_acid,无机酸,nitric,硝酸,HNO3,63.01284,weight,24.0,15.0,1.1437
inorganic_acid,无机酸,nitric,硝酸,HNO3,63.01284,weight,25.0,15.0,1.1503
inorganic_acid,无机酸,nitric,硝酸,HNO3,63.01284,weight,26.0,15.0,1.1569
inorganic_acid,无机酸,nitric,硝酸,HNO3,63.01284,weight,27.0,15.0,1.1635
inorganic_acid,无机酸,nitric,硝酸,HNO3,63.01284,weight,28.0,15.0,1.1702
inorganic_acid,无机酸,nitric,硝酸,HNO3,63.01284,weight,29.0,15.0,1.177
inorganic_acid,无机酸,nitric,硝酸,HNO3,63.01284,weight,30.0,15.0,1.1838
inorganic_acid,无机酸,nitric,硝酸,HNO3,63.01284,weight,31.0,15.0,1.1906
inorganic_acid,无机酸,nitric,硝酸,HNO3,63.01284,weight,32.0,15.0,1.1974
inorganic_acid,无机酸,nitric,硝酸,HNO3,63.01284,weight,33.0,15.0,1.2043
inorganic_acid,无机酸,nitric,硝酸,HNO3,63.01284,weight,34.0,15.0,1.2113
inorganic_acid,无机酸,nitric,硝酸,HNO3,63.01284,weight,35.0,15.0,1.2183
inorganic_acid,无机酸,nitric,硝酸,HNO3,63.01284,weight,36.0,15.0,1.2249
inorganic_acid,无机酸,nitric,硝酸,HNO3,63.01284,weight,37.0,15.0,1.2315
inorganic_acid,无机酸,nitric,硝酸,HNO3,63.01284,weight,38.0,15.0,1.2381
inorganic_acid,无机酸,nitric,硝酸,HNO3,63.01284,weight,39.0,15.0,1.2446
inorganic_acid,无机酸,nitric,硝酸,HNO3,63.01284,weight,40.0,15.0,1.2511
inorganic_acid,无机酸,nitric,硝酸,HNO3,63.01284,weight,41.0,15.0,1.2576
inorganic_acid,无机酸,nitric,硝酸,HNO3,63.01284,weight,42.0,15.0,1.2641
inorganic_acid,无机酸,nitric,硝酸,HNO3,63.01284,weight,43.0,15.0,1.2706
inorganic_acid,无机酸,nitric,硝酸,HNO3,63.01284,weight,44.0,15.0,1.2771
inorganic_acid,无机酸,nitric,硝酸,HNO3,63.01284,weight,45.0,15.0,1.2836
inorganic_acid,无机酸,nitric,硝酸,HNO3,63.01284,weight,46.0,15.0,1.2901
inorganic_acid,无机酸,nitric,硝酸,HNO3,63.01284,weight,47.0,15.0,1.2966
inorganic_acid,无机酸,nitric,硝酸,HNO3,63.01284,weight,48.0,15.0,1.3031
inorganic_acid,无机酸,nitric,硝酸,HNO3,63.01284,weight,49.0,15.0,1.3096
inorganic_acid,无机酸,nitric,硝酸,HNO3,63.01284,weight,50.0,15.0,1.3157
inorganic_acid,无机酸,nitric,硝酸,HNO3,63.01284,weight,51.0,15.0,1.3218
inorganic_acid,无机酸,nitric,硝酸,HNO3,63.01284,weight,52.0,15.0,1.3278
inorganic_acid,无机酸,nitric,硝酸,HNO3,63.01284,weight,53.0,15.0,1.3338
inorganic_acid,无机酸,nitric,硝酸,HNO3,63.01284,weight,54.0,15.0,1.3397
inorganic_acid,无机酸,nitric,硝酸,HNO3,63.01284,weight,55.0,15.0,1.3455
inorganic_acid,无机酸,nitric,硝酸,HNO3,63.01284,weight,56.0,15.0,1.3512
inorganic_acid,无机酸,nitric,硝酸,HNO3,63.01284,weight,57.0,15.0,1.3569
inorganic_acid,无机酸,nitric,硝酸,HNO3,63.01284,weight,58.0,15.0,1.3625
inorganic_acid,无机酸,nitric,硝酸,HNO3,63.01284,weight,59.0,15.0,1.368
inorganic_acid,无机酸,nitric,硝酸,HNO3,63.01284,weight,60.0,15.0,1.3734
inorganic_acid,无机酸,nitric,硝酸,HNO3,63.01284,weight,61.0,15.0,1.3787
inorganic_acid,无机酸,nitric,硝酸,HNO3,63.01284,weight,62.0,15.0,1.3838
inorganic_acid,无机酸,nitric,硝酸,HNO3,63.01284,weight,63.0,15.0,1.3888
inorganic_acid,无机酸,nitric,硝酸,HNO3,63.01284,weight,64.0,15.0,1.3936
inorganic_acid,无机酸,nitric,硝酸,HNO3,63.01284,weight,65.0,15.0,1.3984
inorganic_acid,无机酸,nitric,硝酸,HNO3,63.01284,weight,66.0,15.0,1.4031
inorganic_acid,无机酸,nitric,硝酸,HNO3,63.01284,weight,67.0,15.0,1.4077
inorganic_acid,无机酸,nitric,硝酸,HNO3,63.01284,weight,68.0,15.0,1.4122
inorganic_acid,无机酸,nitric,硝酸,HNO3,63.01284,weight,69.0,15.0,1.4166
inorganic_acid,无机酸,nitric,硝酸,HNO3,63.01284,weight,70.0,15.0,1.421
inorganic_acid,无机酸,nitric,硝酸,HNO3,63.01284,weight,71.0,15.0,1.4252
inorganic_acid,无机酸,nitric,硝酸,HNO3,63.01284,weight,72.0,15.0,1.4294
inorganic_acid,无机酸,nitric,硝酸,HNO3,63.01284,weight,73.0,15.0,1.4335
inorganic_acid,无机酸,nitric,硝酸,HNO3,63.01284,weight,74.0,15.0,1.4376
inorganic_acid,无机酸,nitric,硝酸,HNO3,63.01284,weight,75.0,15.0,1.4415
inorganic_acid,无机酸,nitric,硝酸,HNO3,63.01284,weight,76.0,15.0,1.4454
inorganic_acid,无机酸,nitric,硝酸,HNO3,63.01284,weight,77.0,15.0,1.4492
inorganic_acid,无机酸,nitric,硝酸,HNO3,63.01284,weight,78.0,15.0,1.4529
inorganic_acid,无机酸,nitric,硝酸,HNO3,63.01284,weight,79.0,15.0,1.4565
inorganic_acid,无机酸,nitric,硝酸,HNO3,63.01284,weight,80.0,15.0,1.4601
inorganic_acid,无机酸,nitric,硝酸,HNO3,63.01284,weight,81.0,15.0,1.4636
inorganic_acid,无机酸,nitric,硝酸,HNO3,63.01284,weight,82.0,15.0,1.467
inorganic_acid,无机酸,nitric,硝酸,HNO3,63.01284,weight,83.0,15.0,1.4704
inorganic_acid,无机酸,nitric,硝酸,HNO3,63.01284,weight,84.0,15.0,1.4737
inorganic_acid,无机酸,nitric,硝酸,HNO3,63.01284,weight,85.0,15.0,1.4769
inorganic_acid,无机酸,nitric,硝酸,HNO3,63.01284,weight,86.0,15.0,1.4799
inorganic_acid,无机酸,nitric,硝酸,HNO3,63.01284,weight,87.0,15.0,1.4829
inorganic_acid,无机酸,nitric,硝酸,HNO3,63.01284,weight,88.0,15.0,1.4858
inorganic_acid,无机酸,nitric,硝酸,HNO3,63.01284,weight,89.0,15.0,1.4885
inorganic_acid,无机酸,nitric,硝酸,HNO3,63.01284,weight,90.0,15.0,1.4911
inorganic_acid,无机酸,nitric,硝酸,HNO3,63.01284,weight,91.0,15.0,1.4936
inorganic_acid,无机酸,nitric,硝酸,HNO3,63.01284,weight,92.0,15.0,1.496
inorganic_acid,无机酸,nitric,硝酸,HNO3,63.01284,weight,93.0,15.0,1.4979
inorganic_acid,无机酸,nitric,硝酸,HNO3,63.01284,weight,94.0,15.0,1.4999
inorganic_acid,无机酸,nitric,硝酸,HNO3,63.01284,weight,95.0,15.0,1.5019
inorganic_acid,无机酸,nitric,硝酸,HNO3,63.01284,weight,96.0,15.0,1.504
inorganic_acid,无机酸,nitric,硝酸,HNO3,63.01284,weight,97.0,15.0,1.5062
inorganic_acid,无机酸,nitric,硝酸,HNO3,63.01284,weight,98.0,15.0,1.5096
inorganic_acid,无机酸,nitric,硝酸,HNO3,63.01284,weight,99.0,15.0,1.5144
inorganic_acid,无机酸,nitric,硝酸,HNO3,63.01284,weight,100.0,15.0,1.5217
inorganic_acid,无机酸,nitric,硝酸,HNO3,63.01284,weight,0,20,0.9982063
inorganic_acid,无机酸,nitric,硝酸,HNO3,63.01284,weight,1.0,20.0,1.00364
inorganic_acid,无机酸,nitric,硝酸,HNO3,63.01284,weight,2.0,20.0,1.00909
inorganic_acid,无机酸,nitric,硝酸,HNO3,63.01284,weight,3.0,20.0,1.01457
inorganic_acid,无机酸,nitric,硝酸,HNO3,63.01284,weight,4.0,20.0,1.02008
inorganic_acid,无机酸,nitric,硝酸,HNO3,63.01284,weight,5.0,20.0,1.02563
inorganic_acid,无机酸,nitric,硝酸,HNO3,63.01284,weight,6.0,20.0,1.03122
inorganic_acid,无机酸,nitric,硝酸,HNO3,63.01284,weight,7.0,20.0,1.0369
inorganic_acid,无机酸,nitric,硝酸,HNO3,63.01284,weight,8.0,20.0,1.0427
inorganic_acid,无机酸,nitric,硝酸,HNO3,63.01284,weight,9.0,20.0,1.0485
inorganic_acid,无机酸,nitric,硝酸,HNO3,63.01284,weight,10.0,20.0,1.0543
inorganic_acid,无机酸,nitric,硝酸,HNO3,63.01284,weight,11.0,20.0,1.0602
inorganic_acid,无机酸,nitric,硝酸,HNO3,63.01284,weight,12.0,20.0,1.0661
inorganic_acid,无机酸,nitric,硝酸,HNO3,63.01284,weight,13.0,20.0,1.0721
inorganic_acid,无机酸,nitric,硝酸,HNO3,63.01284,weight,14.0,20.0,1.0781
inorganic_acid,无机酸,nitric,硝酸,HNO3,63.01284,weight,15.0,20.0,1.0842
inorganic_acid,无机酸,nitric,硝酸,HNO3,63.01284,weight,16.0,20.0,1.0903
inorganic_acid,无机酸,nitric,硝酸,HNO3,63.01284,weight,17.0,20.0,1.0964
inorganic_acid,无机酸,nitric,硝酸,HNO3,63.01284,weight,18.0,20.0,1.1026
inorganic_acid,无机酸,nitric,硝酸,HNO3,63.01284,weight,19.0,20.0,1.1088
inorganic_acid,无机酸,nitric,硝酸,HNO3,63.01284,weight,20.0,20.0,1.115
inorganic_acid,无机酸,nitric,硝酸,HNO3,63.01284,weight,21.0,20.0,1.1213
inorganic_acid,无机酸,nitric,硝酸,HNO3,63.01284,weight,22.0,20.0,1.1276
inorganic_acid,无机酸,nitric,硝酸,HNO3,63.01284,weight,23.0,20.0,1.134
inorganic_acid,无机酸,nitric,硝酸,HNO3,63.01284,weight,24.0,20.0,1.1404
inorganic_acid,无机酸,nitric,硝酸,HNO3,63.01284,weight,25.0,20.0,1.1469
inorganic_acid,无机酸,nitric,硝酸,HNO3,63.01284,weight,26.0,20.0,1.1534
inorganic_acid,无机酸,nitric,硝酸,HNO3,63.01284,weight,27.0,20.0,1.16
inorganic_acid,无机酸,nitric,硝酸,HNO3,63.01284,weight,28.0,20.0,1.1666
inorganic_acid,无机酸,nitric,硝酸,HNO3,63.01284,weight,29.0,20.0,1.1733
inorganic_acid,无机酸,nitric,硝酸,HNO3,63.01284,weight,30.0,20.0,1.18
inorganic_acid,无机酸,nitric,硝酸,HNO3,63.01284,weight,31.0,20.0,1.1867
inorganic_acid,无机酸,nitric,硝酸,HNO3,63.01284,weight,32.0,20.0,1.1934
inorganic_acid,无机酸,nitric,硝酸,HNO3,63.01284,weight,33.0,20.0,1.2002
inorganic_acid,无机酸,nitric,硝酸,HNO3,63.01284,weight,34.0,20.0,1.2071
inorganic_acid,无机酸,nitric,硝酸,HNO3,63.01284,weight,35.0,20.0,1.214
inorganic_acid,无机酸,nitric,硝酸,HNO3,63.01284,weight,36.0,20.0,1.2205
inorganic_acid,无机酸,nitric,硝酸,HNO3,63.01284,weight,37.0,20.0,1.227
inorganic_acid,无机酸,nitric,硝酸,HNO3,63.01284,weight,38.0,20.0,1.2335
inorganic_acid,无机酸,nitric,硝酸,HNO3,63.01284,weight,39.0,20.0,1.2399
inorganic_acid,无机酸,nitric,硝酸,HNO3,63.01284,weight,40.0,20.0,1.2463
inorganic_acid,无机酸,nitric,硝酸,HNO3,63.01284,weight,41.0,20.0,1.2527
inorganic_acid,无机酸,nitric,硝酸,HNO3,63.01284,weight,42.0,20.0,1.2591
inorganic_acid,无机酸,nitric,硝酸,HNO3,63.01284,weight,43.0,20.0,1.2655
inorganic_acid,无机酸,nitric,硝酸,HNO3,63.01284,weight,44.0,20.0,1.2719
inorganic_acid,无机酸,nitric,硝酸,HNO3,63.01284,weight,45.0,20.0,1.2783
inorganic_acid,无机酸,nitric,硝酸,HNO3,63.01284,weight,46.0,20.0,1.2847
inorganic_acid,无机酸,nitric,硝酸,HNO3,63.01284,weight,47.0,20.0,1.2911
inorganic_acid,无机酸,nitric,硝酸,HNO3,63.01284,weight,48.0,20.0,1.2975
inorganic_acid,无机酸,nitric,硝酸,HNO3,63.01284,weight,49.0,20.0,1.304
inorganic_acid,无机酸,nitric,硝酸,HNO3,63.01284,weight,50.0,20.0,1.31
inorganic_acid,无机酸,nitric,硝酸,HNO3,63.01284,weight,51.0,20.0,1.316
inorganic_acid,无机酸,nitric,硝酸,HNO3,63.01284,weight,52.0,20.0,1.3219
inorganic_acid,无机酸,nitric,硝酸,HNO3,63.01284,weight,53.0,20.0,1.3278
inorganic_acid,无机酸,nitric,硝酸,HNO3,63.01284,weight,54.0,20.0,1.3336
inorganic_acid,无机酸,nitric,硝酸,HNO3,63.01284,weight,55.0,20.0,1.3393
inorganic_acid,无机酸,nitric,硝酸,HNO3,63.01284,weight,56.0,20.0,1.3449
inorganic_acid,无机酸,nitric,硝酸,HNO3,63.01284,weight,57.0,20.0,1.3505
inorganic_acid,无机酸,nitric,硝酸,HNO3,63.01284,weight,58.0,20.0,1.356
inorganic_acid,无机酸,nitric,硝酸,HNO3,63.01284,weight,59.0,20.0,1.3614
inorganic_acid,无机酸,nitric,硝酸,HNO3,63.01284,weight,60.0,20.0,1.3667
inorganic_acid,无机酸,nitric,硝酸,HNO3,63.01284,weight,61.0,20.0,1.3719
inorganic_acid,无机酸,nitric,硝酸,HNO3,63.01284,weight,62.0,20.0,1.3769
inorganic_acid,无机酸,nitric,硝酸,HNO3,63.01284,weight,63.0,20.0,1.3818
inorganic_acid,无机酸,nitric,硝酸,HNO3,63.01284,weight,64.0,20.0,1.3866
inorganic_acid,无机酸,nitric,硝酸,HNO3,63.01284,weight,65.0,20.0,1.3913
inorganic_acid,无机酸,nitric,硝酸,HNO3,63.01284,weight,66.0,20.0,1.3959
inorganic_acid,无机酸,nitric,硝酸,HNO3,63.01284,weight,67.0,20.0,1.4004
inorganic_acid,无机酸,nitric,硝酸,HNO3,63.01284,weight,68.0,20.0,1.4048
inorganic_acid,无机酸,nitric,硝酸,HNO3,63.01284,weight,69.0,20.0,1.4091
inorganic_acid,无机酸,nitric,硝酸,HNO3,63.01284,weight,70.0,20.0,1.4134
inorganic_acid,无机酸,nitric,硝酸,HNO3,63.01284,weight,71.0,20.0,1.4176
inorganic_acid,无机酸,nitric,硝酸,HNO3,63.01284,weight,72.0,20.0,1.4218
inorganic_acid,无机酸,nitric,硝酸,HNO3,63.01284,weight,73.0,20.0,1.4258
inorganic_acid,无机酸,nitric,硝酸,HNO3,63.01284,weight,74.0,20.0,1.4298
inorganic_acid,无机酸,nitric,硝酸,HNO3,63.01284,weight,75.0,20.0,1.4337
inorganic_acid,无机酸,nitric,硝酸,HNO3,63.01284,weight,76.0,20.0,1.4375
inorganic_acid,无机酸,nitric,硝酸,HNO3,63.01284,weight,77.0,20.0,1.4413
inorganic_acid,无机酸,nitric,硝酸,HNO3,63.01284,weight,78.0,20.0,1.445
inorganic_acid,无机酸,nitric,硝酸,HNO3,63.01284,weight,79.0,20.0,1.4486
inorganic_acid,无机酸,nitric,硝酸,HNO3,63.01284,weight,80.0,20.0,1.4521
inorganic_acid,无机酸,nitric,硝酸,HNO3,63.01284,weight,81.0,20.0,1.4555
inorganic_acid,无机酸,nitric,硝酸,HNO3,63.01284,weight,82.0,20.0,1.4589
inorganic_acid,无机酸,nitric,硝酸,HNO3,63.01284,weight,83.0,20.0,1.4622
inorganic_acid,无机酸,nitric,硝酸,HNO3,63.01284,weight,84.0,20.0,1.4655
inorganic_acid,无机酸,nitric,硝酸,HNO3,63.01284,weight,85.0,20.0,1.4686
inorganic_acid,无机酸,nitric,硝酸,HNO3,63.01284,weight,86.0,20.0,1.4716
inorganic_acid,无机酸,nitric,硝酸,HNO3,63.01284,weight,87.0,20.0,1.4745
inorganic_acid,无机酸,nitric,硝酸,HNO3,63.01284,weight,88.0,20.0,1.4773
inorganic_acid,无机酸,nitric,硝酸,HNO3,63.01284,weight,89.0,20.0,1.48
inorganic_acid,无机酸,nitric,硝酸,HNO3,63.01284,weight,90.0,20.0,1.4826
inorganic_acid,无机酸,nitric,硝酸,HNO3,63.01284,weight,91.0,20.0,1.485
inorganic_acid,无机酸,nitric,硝酸,HNO3,63.01284,weight,92.0,20.0,1.4873
inorganic_acid,无机酸,nitric,硝酸,HNO3,63.01284,weight,93.0,20.0,1.4892
inorganic_acid,无机酸,nitric,硝酸,HNO3,63.01284,weight,94.0,20.0,1.4912
inorganic_acid,无机酸,nitric,硝酸,HNO3,63.01284,weight,95.0,20.0,1.4932
inorganic_acid,无机酸,nitric,硝酸,HNO3,63.01284,weight,96.0,20.0,1.4952
inorganic_acid,无机酸,nitric,硝酸,HNO3,63.01284,weight,97.0,20.0,1.4974
inorganic_acid,无机酸,nitric,硝酸,HNO3,63.01284,weight,98.0,20.0,1.5008
inorganic_acid,无机酸,nitric,硝酸,HNO3,63.01284,weight,99.0,20.0,1.5056
inorganic_acid,无机酸,nitric,硝酸,HNO3,63.01284,weight,100.0,20.0,1.5129
inorganic_acid,无机酸,nitric,硝酸,HNO3,63.01284,weight,0,25,0.997048
inorganic_acid,无机酸,nitric,硝酸,HNO3,63.01284,weight,1.0,25.0,1.00241
inorganic_acid,无机酸,nitric,硝酸,HNO3,63.01284,weight,2.0,25.0,1.00778
inorganic_acid,无机酸,nitric,硝酸,HNO3,63.01284,weight,3.0,25.0,1.01318
inorganic_acid,无机酸,nitric,硝酸,HNO3,63.01284,weight,4.0,25.0,1.01861
inorganic_acid,无机酸,nitric,硝酸,HNO3,63.01284,weight,5.0,25.0,1.02408
inorganic_acid,无机酸,nitric,硝酸,HNO3,63.01284,weight,6.0,25.0,1.02958
inorganic_acid,无机酸,nitric,硝酸,HNO3,63.01284,weight,7.0,25.0,1.0352
inorganic_acid,无机酸,nitric,硝酸,HNO3,63.01284,weight,8.0,25.0,1.0409
inorganic_acid,无机酸,nitric,硝酸,HNO3,63.01284,weight,9.0,25.0,1.0466
inorganic_acid,无机酸,nitric,硝酸,HNO3,63.01284,weight,10.0,25.0,1.0523
inorganic_acid,无机酸,nitric,硝酸,HNO3,63.01284,weight,11.0,25.0,1.0581
inorganic_acid,无机酸,nitric,硝酸,HNO3,63.01284,weight,12.0,25.0,1.064
inorganic_acid,无机酸,nitric,硝酸,HNO3,63.01284,weight,13.0,25.0,1.0699
inorganic_acid,无机酸,nitric,硝酸,HNO3,63.01284,weight,14.0,25.0,1.0758
inorganic_acid,无机酸,nitric,硝酸,HNO3,63.01284,weight,15.0,25.0,1.0818
inorganic_acid,无机酸,nitric,硝酸,HNO3,63.01284,weight,16.0,25.0,1.0879
inorganic_acid,无机酸,nitric,硝酸,HNO3,63.01284,weight,17.0,25.0,1.094
inorganic_acid,无机酸,nitric,硝酸,HNO3,63.01284,weight,18.0,25.0,1.1001
inorganic_acid,无机酸,nitric,硝酸,HNO3,63.01284,weight,19.0,25.0,1.1062
inorganic_acid,无机酸,nitric,硝酸,HNO3,63.01284,weight,20.0,25.0,1.1123
inorganic_acid,无机酸,nitric,硝酸,HNO3,63.01284,weight,21.0,25.0,1.1185
inorganic_acid,无机酸,nitric,硝酸,HNO3,63.01284,weight,22.0,25.0,1.1247
inorganic_acid,无机酸,nitric,硝酸,HNO3,63.01284,weight,23.0,25.0,1.131
inorganic_acid,无机酸,nitric,硝酸,HNO3,63.01284,weight,24.0,25.0,1.1374
inorganic_acid,无机酸,nitric,硝酸,HNO3,63.01284,weight,25.0,25.0,1.1438
inorganic_acid,无机酸,nitric,硝酸,HNO3,63.01284,weight,26.0,25.0,1.1502
inorganic_acid,无机酸,nitric,硝酸,HNO3,63.01284,weight,27.0,25.0,1.1566
inorganic_acid,无机酸,nitric,硝酸,HNO3,63.01284,weight,28.0,25.0,1.1631
inorganic_acid,无机酸,nitric,硝酸,HNO3,63.01284,weight,29.0,25.0,1.1697
inorganic_acid,无机酸,nitric,硝酸,HNO3,63.01284,weight,30.0,25.0,1.1763
inorganic_acid,无机酸,nitric,硝酸,HNO3,63.01284,weight,31.0,25.0,1.1829
inorganic_acid,无机酸,nitric,硝酸,HNO3,63.01284,weight,32.0,25.0,1.1896
inorganic_acid,无机酸,nitric,硝酸,HNO3,63.01284,weight,33.0,25.0,1.1963
inorganic_acid,无机酸,nitric,硝酸,HNO3,63.01284,weight,34.0,25.0,1.203
inorganic_acid,无机酸,nitric,硝酸,HNO3,63.01284,weight,35.0,25.0,1.2098
inorganic_acid,无机酸,nitric,硝酸,HNO3,63.01284,weight,36.0,25.0,1.2163
inorganic_acid,无机酸,nitric,硝酸,HNO3,63.01284,weight,37.0,25.0,1.2227
inorganic_acid,无机酸,nitric,硝酸,HNO3,63.01284,weight,38.0,25.0,1.2291
inorganic_acid,无机酸,nitric,硝酸,HNO3,63.01284,weight,39.0,25.0,1.2354
inorganic_acid,无机酸,nitric,硝酸,HNO3,63.01284,weight,40.0,25.0,1.2417
inorganic_acid,无机酸,nitric,硝酸,HNO3,63.01284,weight,41.0,25.0,1.248
inorganic_acid,无机酸,nitric,硝酸,HNO3,63.01284,weight,42.0,25.0,1.2543
inorganic_acid,无机酸,nitric,硝酸,HNO3,63.01284,weight,43.0,25.0,1.2606
inorganic_acid,无机酸,nitric,硝酸,HNO3,63.01284,weight,44.0,25.0,1.2669
inorganic_acid,无机酸,nitric,硝酸,HNO3,63.01284,weight,45.0,25.0,1.2732
inorganic_acid,无机酸,nitric,硝酸,HNO3,63.01284,weight,46.0,25.0,1.2795
inorganic_acid,无机酸,nitric,硝酸,HNO3,63.01284,weight,47.0,25.0,1.2858
inorganic_acid,无机酸,nitric,硝酸,HNO3,63.01284,weight,48.0,25.0,1.2921
inorganic_acid,无机酸,nitric,硝酸,HNO3,63.01284,weight,49.0,25.0,1.2984
inorganic_acid,无机酸,nitric,硝酸,HNO3,63.01284,weight,50.0,25.0,1.3043
inorganic_acid,无机酸,nitric,硝酸,HNO3,63.01284,weight,51.0,25.0,1.3102
inorganic_acid,无机酸,nitric,硝酸,HNO3,63.01284,weight,52.0,25.0,1.316
inorganic_acid,无机酸,nitric,硝酸,HNO3,63.01284,weight,53.0,25.0,1.3218
inorganic_acid,无机酸,nitric,硝酸,HNO3,63.01284,weight,54.0,25.0,1.3275
inorganic_acid,无机酸,nitric,硝酸,HNO3,63.01284,weight,55.0,25.0,1.3331
inorganic_acid,无机酸,nitric,硝酸,HNO3,63.01284,weight,56.0,25.0,1.3386
inorganic_acid,无机酸,nitric,硝酸,HNO3,63.01284,weight,57.0,25.0,1.3441
inorganic_acid,无机酸,nitric,硝酸,HNO3,63.01284,weight,58.0,25.0,1.3495
inorganic_acid,无机酸,nitric,硝酸,HNO3,63.01284,weight,59.0,25.0,1.3548
inorganic_acid,无机酸,nitric,硝酸,HNO3,63.01284,weight,60.0,25.0,1.36
inorganic_acid,无机酸,nitric,硝酸,HNO3,63.01284,weight,61.0,25.0,1.3651
inorganic_acid,无机酸,nitric,硝酸,HNO3,63.01284,weight,62.0,25.0,1.37
inorganic_acid,无机酸,nitric,硝酸,HNO3,63.01284,weight,63.0,25.0,1.3748
inorganic_acid,无机酸,nitric,硝酸,HNO3,63.01284,weight,64.0,25.0,1.3795
inorganic_acid,无机酸,nitric,硝酸,HNO3,63.01284,weight,65.0,25.0,1.3841
inorganic_acid,无机酸,nitric,硝酸,HNO3,63.01284,weight,66.0,25.0,1.3887
inorganic_acid,无机酸,nitric,硝酸,HNO3,63.01284,weight,67.0,25.0,1.3932
inorganic_acid,无机酸,nitric,硝酸,HNO3,63.01284,weight,68.0,25.0,1.3976
inorganic_acid,无机酸,nitric,硝酸,HNO3,63.01284,weight,69.0,25.0,1.4019
inorganic_acid,无机酸,nitric,硝酸,HNO3,63.01284,weight,70.0,25.0,1.4061
inorganic_acid,无机酸,nitric,硝酸,HNO3,63.01284,weight,71.0,25.0,1.4102
inorganic_acid,无机酸,nitric,硝酸,HNO3,63.01284,weight,72.0,25.0,1.4142
inorganic_acid,无机酸,nitric,硝酸,HNO3,63.01284,weight,73.0,25.0,1.4182
inorganic_acid,无机酸,nitric,硝酸,HNO3,63.01284,weight,74.0,25.0,1.4221
inorganic_acid,无机酸,nitric,硝酸,HNO3,63.01284,weight,75.0,25.0,1.4259
inorganic_acid,无机酸,nitric,硝酸,HNO3,63.01284,weight,76.0,25.0,1.4296
inorganic_acid,无机酸,nitric,硝酸,HNO3,63.01284,weight,77.0,25.0,1.4333
inorganic_acid,无机酸,nitric,硝酸,HNO3,63.01284,weight,78.0,25.0,1.4369
inorganic_acid,无机酸,nitric,硝酸,HNO3,63.01284,weight,79.0,25.0,1.4404
inorganic_acid,无机酸,nitric,硝酸,HNO3,63.01284,weight,80.0,25.0,1.4439
inorganic_acid,无机酸,nitric,硝酸,HNO3,63.01284,weight,81.0,25.0,1.4473
inorganic_acid,无机酸,nitric,硝酸,HNO3,63.01284,weight,82.0,25.0,1.4507
inorganic_acid,无机酸,nitric,硝酸,HNO3,63.01284,weight,83.0,25.0,1.454
inorganic_acid,无机酸,nitric,硝酸,HNO3,63.01284,weight,84.0,25.0,1.4572
inorganic_acid,无机酸,nitric,硝酸,HNO3,63.01284,weight,85.0,25.0,1.4603
inorganic_acid,无机酸,nitric,硝酸,HNO3,63.01284,weight,86.0,25.0,1.4633
inorganic_acid,无机酸,nitric,硝酸,HNO3,63.01284,weight,87.0,25.0,1.4662
inorganic_acid,无机酸,nitric,硝酸,HNO3,63.01284,weight,88.0,25.0,1.469
inorganic_acid,无机酸,nitric,硝酸,HNO3,63.01284,weight,89.0,25.0,1.4716
inorganic_acid,无机酸,nitric,硝酸,HNO3,63.01284,weight,90.0,25.0,1.4741
inorganic_acid,无机酸,nitric,硝酸,HNO3,63.01284,weight,91.0,25.0,1.4766
inorganic_acid,无机酸,nitric,硝酸,HNO3,63.01284,weight,92.0,25.0,1.4789
inorganic_acid,无机酸,nitric,硝酸,HNO3,63.01284,weight,93.0,25.0,1.4807
inorganic_acid,无机酸,nitric,硝酸,HNO3,63.01284,weight,94.0,25.0,1.4826
inorganic_acid,无机酸,nitric,硝酸,HNO3,63.01284,weight,95.0,25.0,1.4846
inorganic_acid,无机酸,nitric,硝酸,HNO3,63.01284,weight,96.0,25.0,1.4867
inorganic_acid,无机酸,nitric,硝酸,HNO3,63.01284,weight,97.0,25.0,1.4889
inorganic_acid,无机酸,nitric,硝酸,HNO3,63.01284,weight,98.0,25.0,1.4922
inorganic_acid,无机酸,nitric,硝酸,HNO3,63.01284,weight,99.0,25.0,1.4969
inorganic_acid,无机酸,nitric,硝酸,HNO3,63.01284,weight,100.0,25.0,1.504
inorganic_acid,无机酸,nitric,硝酸,HNO3,63.01284,weight,0,30,0.9956511
inorganic_acid,无机酸,nitric,硝酸,HNO3,63.01284,weight,1.0,30.0,1.0009
inorganic_acid,无机酸,nitric,硝酸,HNO3,63.01284,weight,2.0,30.0,1.0061
inorganic_acid,无机酸,nitric,硝酸,HNO3,63.01284,weight,3.0,30.0,1.0114
inorganic_acid,无机酸,nitric,硝酸,HNO3,63.01284,weight,4.0,30.0,1.0168
inorganic_acid,无机酸,nitric,硝酸,HNO3,63.01284,weight,5.0,30.0,1.0222
inorganic_acid,无机酸,nitric,硝酸,HNO3,63.01284,weight,6.0,30.0,1.0277
inorganic_acid,无机酸,nitric,硝酸,HNO3,63.01284,weight,7.0,30.0,1.0333
inorganic_acid,无机酸,nitric,硝酸,HNO3,63.01284,weight,8.0,30.0,1.0389
inorganic_acid,无机酸,nitric,硝酸,HNO3,63.01284,weight,9.0,30.0,1.0446
inorganic_acid,无机酸,nitric,硝酸,HNO3,63.01284,weight,10.0,30.0,1.0503
inorganic_acid,无机酸,nitric,硝酸,HNO3,63.01284,weight,11.0,30.0,1.056
inorganic_acid,无机酸,nitric,硝酸,HNO3,63.01284,weight,12.0,30.0,1.0618
inorganic_acid,无机酸,nitric,硝酸,HNO3,63.01284,weight,13.0,30.0,1.0676
inorganic_acid,无机酸,nitric,硝酸,HNO3,63.01284,weight,14.0,30.0,1.0735
inorganic_acid,无机酸,nitric,硝酸,HNO3,63.01284,weight,15.0,30.0,1.0794
inorganic_acid,无机酸,nitric,硝酸,HNO3,63.01284,weight,16.0,30.0,1.0854
inorganic_acid,无机酸,nitric,硝酸,HNO3,63.01284,weight,17.0,30.0,1.0914
inorganic_acid,无机酸,nitric,硝酸,HNO3,63.01284,weight,18.0,30.0,1.0974
inorganic_acid,无机酸,nitric,硝酸,HNO3,63.01284,weight,19.0,30.0,1.1034
inorganic_acid,无机酸,nitric,硝酸,HNO3,63.01284,weight,20.0,30.0,1.1094
inorganic_acid,无机酸,nitric,硝酸,HNO3,63.01284,weight,21.0,30.0,1.1155
inorganic_acid,无机酸,nitric,硝酸,HNO3,63.01284,weight,22.0,30.0,1.1217
inorganic_acid,无机酸,nitric,硝酸,HNO3,63.01284,weight,23.0,30.0,1.128
inorganic_acid,无机酸,nitric,硝酸,HNO3,63.01284,weight,24.0,30.0,1.1343
inorganic_acid,无机酸,nitric,硝酸,HNO3,63.01284,weight,25.0,30.0,1.1406
inorganic_acid,无机酸,nitric,硝酸,HNO3,63.01284,weight,26.0,30.0,1.1469
inorganic_acid,无机酸,nitric,硝酸,HNO3,63.01284,weight,27.0,30.0,1.1533
inorganic_acid,无机酸,nitric,硝酸,HNO3,63.01284,weight,28.0,30.0,1.1597
inorganic_acid,无机酸,nitric,硝酸,HNO3,63.01284,weight,29.0,30.0,1.1662
inorganic_acid,无机酸,nitric,硝酸,HNO3,63.01284,weight,30.0,30.0,1.1727
inorganic_acid,无机酸,nitric,硝酸,HNO3,63.01284,weight,31.0,30.0,1.1792
inorganic_acid,无机酸,nitric,硝酸,HNO3,63.01284,weight,32.0,30.0,1.1857
inorganic_acid,无机酸,nitric,硝酸,HNO3,63.01284,weight,33.0,30.0,1.1922
inorganic_acid,无机酸,nitric,硝酸,HNO3,63.01284,weight,34.0,30.0,1.1988
inorganic_acid,无机酸,nitric,硝酸,HNO3,63.01284,weight,35.0,30.0,1.2055
inorganic_acid,无机酸,nitric,硝酸,HNO3,63.01284,weight,36.0,30.0,1.2119
inorganic_acid,无机酸,nitric,硝酸,HNO3,63.01284,weight,37.0,30.0,1.2182
inorganic_acid,无机酸,nitric,硝酸,HNO3,63.01284,weight,38.0,30.0,1.2245
inorganic_acid,无机酸,nitric,硝酸,HNO3,63.01284,weight,39.0,30.0,1.2308
inorganic_acid,无机酸,nitric,硝酸,HNO3,63.01284,weight,40.0,30.0,1.237
inorganic_acid,无机酸,nitric,硝酸,HNO3,63.01284,weight,41.0,30.0,1.2432
inorganic_acid,无机酸,nitric,硝酸,HNO3,63.01284,weight,42.0,30.0,1.2494
inorganic_acid,无机酸,nitric,硝酸,HNO3,63.01284,weight,43.0,30.0,1.2556
inorganic_acid,无机酸,nitric,硝酸,HNO3,63.01284,weight,44.0,30.0,1.2618
inorganic_acid,无机酸,nitric,硝酸,HNO3,63.01284,weight,45.0,30.0,1.268
inorganic_acid,无机酸,nitric,硝酸,HNO3,63.01284,weight,46.0,30.0,1.2742
inorganic_acid,无机酸,nitric,硝酸,HNO3,63.01284,weight,47.0,30.0,1.2804
inorganic_acid,无机酸,nitric,硝酸,HNO3,63.01284,weight,48.0,30.0,1.2867
inorganic_acid,无机酸,nitric,硝酸,HNO3,63.01284,weight,49.0,30.0,1.2929
inorganic_acid,无机酸,nitric,硝酸,HNO3,63.01284,weight,50.0,30.0,1.2987
inorganic_acid,无机酸,nitric,硝酸,HNO3,63.01284,weight,51.0,30.0,1.3045
inorganic_acid,无机酸,nitric,硝酸,HNO3,63.01284,weight,52.0,30.0,1.3102
inorganic_acid,无机酸,nitric,硝酸,HNO3,63.01284,weight,53.0,30.0,1.3159
inorganic_acid,无机酸,nitric,硝酸,HNO3,63.01284,weight,54.0,30.0,1.3215
inorganic_acid,无机酸,nitric,硝酸,HNO3,63.01284,weight,55.0,30.0,1.327
inorganic_acid,无机酸,nitric,硝酸,HNO3,63.01284,weight,56.0,30.0,1.3324
inorganic_acid,无机酸,nitric,硝酸,HNO3,63.01284,weight,57.0,30.0,1.3377
inorganic_acid,无机酸,nitric,硝酸,HNO3,63.01284,weight,58.0,30.0,1.343
inorganic_acid,无机酸,nitric,硝酸,HNO3,63.01284,weight,59.0,30.0,1.3482
inorganic_acid,无机酸,nitric,硝酸,HNO3,63.01284,weight,60.0,30.0,1.3533
inorganic_acid,无机酸,nitric,硝酸,HNO3,63.01284,weight,61.0,30.0,1.3583
inorganic_acid,无机酸,nitric,硝酸,HNO3,63.01284,weight,62.0,30.0,1.3632
inorganic_acid,无机酸,nitric,硝酸,HNO3,63.01284,weight,63.0,30.0,1.3679
inorganic_acid,无机酸,nitric,硝酸,HNO3,63.01284,weight,64.0,30.0,1.3725
inorganic_acid,无机酸,nitric,硝酸,HNO3,63.01284,weight,65.0,30.0,1.377
inorganic_acid,无机酸,nitric,硝酸,HNO3,63.01284,weight,66.0,30.0,1.3814
inorganic_acid,无机酸,nitric,硝酸,HNO3,63.01284,weight,67.0,30.0,1.3857
inorganic_acid,无机酸,nitric,硝酸,HNO3,63.01284,weight,68.0,30.0,1.39
inorganic_acid,无机酸,nitric,硝酸,HNO3,63.01284,weight,69.0,30.0,1.3942
inorganic_acid,无机酸,nitric,硝酸,HNO3,63.01284,weight,70.0,30.0,1.3983
inorganic_acid,无机酸,nitric,硝酸,HNO3,63.01284,weight,71.0,30.0,1.4023
inorganic_acid,无机酸,nitric,硝酸,HNO3,63.01284,weight,72.0,30.0,1.4063
inorganic_acid,无机酸,nitric,硝酸,HNO3,63.01284,weight,73.0,30.0,1.4103
inorganic_acid,无机酸,nitric,硝酸,HNO3,63.01284,weight,74.0,30.0,1.4142
inorganic_acid,无机酸,nitric,硝酸,HNO3,63.01284,weight,75.0,30.0,1.418
inorganic_acid,无机酸,nitric,硝酸,HNO3,63.01284,weight,76.0,30.0,1.4217
inorganic_acid,无机酸,nitric,硝酸,HNO3,63.01284,weight,77.0,30.0,1.4253
inorganic_acid,无机酸,nitric,硝酸,HNO3,63.01284,weight,78.0,30.0,1.4288
inorganic_acid,无机酸,nitric,硝酸,HNO3,63.01284,weight,79.0,30.0,1.4323
inorganic_acid,无机酸,nitric,硝酸,HNO3,63.01284,weight,80.0,30.0,1.4357
inorganic_acid,无机酸,nitric,硝酸,HNO3,63.01284,weight,81.0,30.0,1.4391
inorganic_acid,无机酸,nitric,硝酸,HNO3,63.01284,weight,82.0,30.0,1.4424
inorganic_acid,无机酸,nitric,硝酸,HNO3,63.01284,weight,83.0,30.0,1.4456
inorganic_acid,无机酸,nitric,硝酸,HNO3,63.01284,weight,84.0,30.0,1.4487
inorganic_acid,无机酸,nitric,硝酸,HNO3,63.01284,weight,85.0,30.0,1.4518
inorganic_acid,无机酸,nitric,硝酸,HNO3,63.01284,weight,86.0,30.0,1.4548
inorganic_acid,无机酸,nitric,硝酸,HNO3,63.01284,weight,87.0,30.0,1.4577
inorganic_acid,无机酸,nitric,硝酸,HNO3,63.01284,weight,88.0,30.0,1.4605
inorganic_acid,无机酸,nitric,硝酸,HNO3,63.01284,weight,89.0,30.0,1.4631
inorganic_acid,无机酸,nitric,硝酸,HNO3,63.01284,weight,90.0,30.0,1.4656
inorganic_acid,无机酸,nitric,硝酸,HNO3,63.01284,weight,91.0,30.0,1.4681
inorganic_acid,无机酸,nitric,硝酸,HNO3,63.01284,weight,92.0,30.0,1.4704
inorganic_acid,无机酸,nitric,硝酸,HNO3,63.01284,weight,93.0,30.0,1.4722
inorganic_acid,无机酸,nitric,硝酸,HNO3,63.01284,weight,94.0,30.0,1.4741
inorganic_acid,无机酸,nitric,硝酸,HNO3,63.01284,weight,95.0,30.0,1.4761
inorganic_acid,无机酸,nitric,硝酸,HNO3,63.01284,weight,96.0,30.0,1.4781
inorganic_acid,无机酸,nitric,硝酸,HNO3,63.01284,weight,97.0,30.0,1.4802
inorganic_acid,无机酸,nitric,硝酸,HNO3,63.01284,weight,98.0,30.0,1.4835
inorganic_acid,无机酸,nitric,硝酸,HNO3,63.01284,weight,99.0,30.0,1.4881
inorganic_acid,无机酸,nitric,硝酸,HNO3,63.01284,weight,100.0,30.0,1.4952
inorganic_acid,无机酸,nitric,硝酸,HNO3,63.01284,weight,0,40,0.9922204
inorganic_acid,无机酸,nitric,硝酸,HNO3,63.01284,weight,1.0,40.0,0.9973
inorganic_acid,无机酸,nitric,硝酸,HNO3,63.01284,weight,2.0,40.0,1.0025
inorganic_acid,无机酸,nitric,硝酸,HNO3,63.01284,weight,3.0,40.0,1.0077
inorganic_acid,无机酸,nitric,硝酸,HNO3,63.01284,weight,4.0,40.0,1.0129
inorganic_acid,无机酸,nitric,硝酸,HNO3,63.01284,weight,5.0,40.0,1.0182
inorganic_acid,无机酸,nitric,硝酸,HNO3,63.01284,weight,6.0,40.0,1.0235
inorganic_acid,无机酸,nitric,硝酸,HNO3,63.01284,weight,7.0,40.0,1.0289
inorganic_acid,无机酸,nitric,硝酸,HNO3,63.01284,weight,8.0,40.0,1.0344
inorganic_acid,无机酸,nitric,硝酸,HNO3,63.01284,weight,9.0,40.0,1.0399
inorganic_acid,无机酸,nitric,硝酸,HNO3,63.01284,weight,10.0,40.0,1.0455
inorganic_acid,无机酸,nitric,硝酸,HNO3,63.01284,weight,11.0,40.0,1.0511
inorganic_acid,无机酸,nitric,硝酸,HNO3,63.01284,weight,12.0,40.0,1.0567
inorganic_acid,无机酸,nitric,硝酸,HNO3,63.01284,weight,13.0,40.0,1.0624
inorganic_acid,无机酸,nitric,硝酸,HNO3,63.01284,weight,14.0,40.0,1.0681
inorganic_acid,无机酸,nitric,硝酸,HNO3,63.01284,weight,15.0,40.0,1.0739
inorganic_acid,无机酸,nitric,硝酸,HNO3,63.01284,weight,16.0,40.0,1.0797
inorganic_acid,无机酸,nitric,硝酸,HNO3,63.01284,weight,17.0,40.0,1.0855
inorganic_acid,无机酸,nitric,硝酸,HNO3,63.01284,weight,18.0,40.0,1.0913
inorganic_acid,无机酸,nitric,硝酸,HNO3,63.01284,weight,19.0,40.0,1.0972
inorganic_acid,无机酸,nitric,硝酸,HNO3,63.01284,weight,20.0,40.0,1.1031
inorganic_acid,无机酸,nitric,硝酸,HNO3,63.01284,weight,21.0,40.0,1.109
inorganic_acid,无机酸,nitric,硝酸,HNO3,63.01284,weight,22.0,40.0,1.115
inorganic_acid,无机酸,nitric,硝酸,HNO3,63.01284,weight,23.0,40.0,1.121
inorganic_acid,无机酸,nitric,硝酸,HNO3,63.01284,weight,24.0,40.0,1.1271
inorganic_acid,无机酸,nitric,硝酸,HNO3,63.01284,weight,25.0,40.0,1.1332
inorganic_acid,无机酸,nitric,硝酸,HNO3,63.01284,weight,26.0,40.0,1.1394
inorganic_acid,无机酸,nitric,硝酸,HNO3,63.01284,weight,27.0,40.0,1.1456
inorganic_acid,无机酸,nitric,硝酸,HNO3,63.01284,weight,28.0,40.0,1.1519
inorganic_acid,无机酸,nitric,硝酸,HNO3,63.01284,weight,29.0,40.0,1.1582
inorganic_acid,无机酸,nitric,硝酸,HNO3,63.01284,weight,30.0,40.0,1.1645
inorganic_acid,无机酸,nitric,硝酸,HNO3,63.01284,weight,31.0,40.0,1.1708
inorganic_acid,无机酸,nitric,硝酸,HNO3,63.01284,weight,32.0,40.0,1.1772
inorganic_acid,无机酸,nitric,硝酸,HNO3,63.01284,weight,33.0,40.0,1.1836
inorganic_acid,无机酸,nitric,硝酸,HNO3,63.01284,weight,34.0,40.0,1.1901
inorganic_acid,无机酸,nitric,硝酸,HNO3,63.01284,weight,35.0,40.0,1.1966
inorganic_acid,无机酸,nitric,硝酸,HNO3,63.01284,weight,36.0,40.0,1.2028
inorganic_acid,无机酸,nitric,硝酸,HNO3,63.01284,weight,37.0,40.0,1.2089
inorganic_acid,无机酸,nitric,硝酸,HNO3,63.01284,weight,38.0,40.0,1.215
inorganic_acid,无机酸,nitric,硝酸,HNO3,63.01284,weight,39.0,40.0,1.221
inorganic_acid,无机酸,nitric,硝酸,HNO3,63.01284,weight,40.0,40.0,1.227
inorganic_acid,无机酸,nitric,硝酸,HNO3,63.01284,weight,41.0,40.0,1.233
inorganic_acid,无机酸,nitric,硝酸,HNO3,63.01284,weight,42.0,40.0,1.239
inorganic_acid,无机酸,nitric,硝酸,HNO3,63.01284,weight,43.0,40.0,1.245
inorganic_acid,无机酸,nitric,硝酸,HNO3,63.01284,weight,44.0,40.0,1.251
inorganic_acid,无机酸,nitric,硝酸,HNO3,63.01284,weight,45.0,40.0,1.257
inorganic_acid,无机酸,nitric,硝酸,HNO3,63.01284,weight,46.0,40.0,1.263
inorganic_acid,无机酸,nitric,硝酸,HNO3,63.01284,weight,47.0,40.0,1.269
inorganic_acid,无机酸,nitric,硝酸,HNO3,63.01284,weight,48.0,40.0,1.275
inorganic_acid,无机酸,nitric,硝酸,HNO3,63.01284,weight,49.0,40.0,1.2811
inorganic_acid,无机酸,nitric,硝酸,HNO3,63.01284,weight,50.0,40.0,1.2867
inorganic_acid,无机酸,nitric,硝酸,HNO3,63.01284,weight,51.0,40.0,1.2923
inorganic_acid,无机酸,nitric,硝酸,HNO3,63.01284,weight,52.0,40.0,1.2978
inorganic_acid,无机酸,nitric,硝酸,HNO3,63.01284,weight,53.0,40.0,1.3033
inorganic_acid,无机酸,nitric,硝酸,HNO3,63.01284,weight,54.0,40.0,1.3087
inorganic_acid,无机酸,nitric,硝酸,HNO3,63.01284,weight,55.0,40.0,1.3141
inorganic_acid,无机酸,nitric,硝酸,HNO3,63.01284,weight,56.0,40.0,1.3194
inorganic_acid,无机酸,nitric,硝酸,HNO3,63.01284,weight,57.0,40.0,1.3246
inorganic_acid,无机酸,nitric,硝酸,HNO3,63.01284,weight,58.0,40.0,1.3298
inorganic_acid,无机酸,nitric,硝酸,HNO3,63.01284,weight,59.0,40.0,1.3348
inorganic_acid,无机酸,nitric,硝酸,HNO3,63.01284,weight,60.0,40.0,1.3398
inorganic_acid,无机酸,nitric,硝酸,HNO3,63.01284,weight,61.0,40.0,1.3447
inorganic_acid,无机酸,nitric,硝酸,HNO3,63.01284,weight,62.0,40.0,1.3494
inorganic_acid,无机酸,nitric,硝酸,HNO3,63.01284,weight,63.0,40.0,1.354
inorganic_acid,无机酸,nitric,硝酸,HNO3,63.01284,weight,0,50,0.98804
inorganic_acid,无机酸,nitric,硝酸,HNO3,63.01284,weight,1.0,50.0,0.9931
inorganic_acid,无机酸,nitric,硝酸,HNO3,63.01284,weight,2.0,50.0,0.9982
inorganic_acid,无机酸,nitric,硝酸,HNO3,63.01284,weight,3.0,50.0,1.0033
inorganic_acid,无机酸,nitric,硝酸,HNO3,63.01284,weight,4.0,50.0,1.0084
inorganic_acid,无机酸,nitric,硝酸,HNO3,63.01284,weight,5.0,50.0,1.0136
inorganic_acid,无机酸,nitric,硝酸,HNO3,63.01284,weight,6.0,50.0,1.0188
inorganic_acid,无机酸,nitric,硝酸,HNO3,63.01284,weight,7.0,50.0,1.0241
inorganic_acid,无机酸,nitric,硝酸,HNO3,63.01284,weight,8.0,50.0,1.0295
inorganic_acid,无机酸,nitric,硝酸,HNO3,63.01284,weight,9.0,50.0,1.0349
inorganic_acid,无机酸,nitric,硝酸,HNO3,63.01284,weight,10.0,50.0,1.0403
inorganic_acid,无机酸,nitric,硝酸,HNO3,63.01284,weight,11.0,50.0,1.0458
inorganic_acid,无机酸,nitric,硝酸,HNO3,63.01284,weight,12.0,50.0,1.0513
inorganic_acid,无机酸,nitric,硝酸,HNO3,63.01284,weight,13.0,50.0,1.0568
inorganic_acid,无机酸,nitric,硝酸,HNO3,63.01284,weight,14.0,50.0,1.0624
inorganic_acid,无机酸,nitric,硝酸,HNO3,63.01284,weight,15.0,50.0,1.068
inorganic_acid,无机酸,nitric,硝酸,HNO3,63.01284,weight,16.0,50.0,1.0737
inorganic_acid,无机酸,nitric,硝酸,HNO3,63.01284,weight,17.0,50.0,1.0794
inorganic_acid,无机酸,nitric,硝酸,HNO3,63.01284,weight,18.0,50.0,1.0851
inorganic_acid,无机酸,nitric,硝酸,HNO3,63.01284,weight,19.0,50.0,1.0908
inorganic_acid,无机酸,nitric,硝酸,HNO3,63.01284,weight,20.0,50.0,1.0966
inorganic_acid,无机酸,nitric,硝酸,HNO3,63.01284,weight,21.0,50.0,1.1024
inorganic_acid,无机酸,nitric,硝酸,HNO3,63.01284,weight,22.0,50.0,1.1083
inorganic_acid,无机酸,nitric,硝酸,HNO3,63.01284,weight,23.0,50.0,1.1142
inorganic_acid,无机酸,nitric,硝酸,HNO3,63.01284,weight,24.0,50.0,1.1201
inorganic_acid,无机酸,nitric,硝酸,HNO3,63.01284,weight,25.0,50.0,1.126
inorganic_acid,无机酸,nitric,硝酸,HNO3,63.01284,weight,26.0,50.0,1.132
inorganic_acid,无机酸,nitric,硝酸,HNO3,63.01284,weight,27.0,50.0,1.1381
inorganic_acid,无机酸,nitric,硝酸,HNO3,63.01284,weight,28.0,50.0,1.1442
inorganic_acid,无机酸,nitric,硝酸,HNO3,63.01284,weight,29.0,50.0,1.1503
inorganic_acid,无机酸,nitric,硝酸,HNO3,63.01284,weight,30.0,50.0,1.1564
inorganic_acid,无机酸,nitric,硝酸,HNO3,63.01284,weight,31.0,50.0,1.1625
inorganic_acid,无机酸,nitric,硝酸,HNO3,63.01284,weight,32.0,50.0,1.1687
inorganic_acid,无机酸,nitric,硝酸,HNO3,63.01284,weight,33.0,50.0,1.1749
inorganic_acid,无机酸,nitric,硝酸,HNO3,63.01284,weight,34.0,50.0,1.1812
inorganic_acid,无机酸,nitric,硝酸,HNO3,63.01284,weight,35.0,50.0,1.1876
inorganic_acid,无机酸,nitric,硝酸,HNO3,63.01284,weight,36.0,50.0,1.1936
inorganic_acid,无机酸,nitric,硝酸,HNO3,63.01284,weight,37.0,50.0,1.1995
inorganic_acid,无机酸,nitric,硝酸,HNO3,63.01284,weight,38.0,50.0,1.2054
inorganic_acid,无机酸,nitric,硝酸,HNO3,63.01284,weight,39.0,50.0,1.2112
inorganic_acid,无机酸,nitric,硝酸,HNO3,63.01284,weight,40.0,50.0,1.217
inorganic_acid,无机酸,nitric,硝酸,HNO3,63.01284,weight,41.0,50.0,1.2229
inorganic_acid,无机酸,nitric,硝酸,HNO3,63.01284,weight,42.0,50.0,1.2287
inorganic_acid,无机酸,nitric,硝酸,HNO3,63.01284,weight,43.0,50.0,1.2345
inorganic_acid,无机酸,nitric,硝酸,HNO3,63.01284,weight,44.0,50.0,1.2403
inorganic_acid,无机酸,nitric,硝酸,HNO3,63.01284,weight,45.0,50.0,1.2461
inorganic_acid,无机酸,nitric,硝酸,HNO3,63.01284,weight,46.0,50.0,1.2519
inorganic_acid,无机酸,nitric,硝酸,HNO3,63.01284,weight,47.0,50.0,1.2577
inorganic_acid,无机酸,nitric,硝酸,HNO3,63.01284,weight,48.0,50.0,1.2635
inorganic_acid,无机酸,nitric,硝酸,HNO3,63.01284,weight,49.0,50.0,1.2693
inorganic_acid,无机酸,nitric,硝酸,HNO3,63.01284,weight,50.0,50.0,1.2748
inorganic_acid,无机酸,nitric,硝酸,HNO3,63.01284,weight,51.0,50.0,1.2802
inorganic_acid,无机酸,nitric,硝酸,HNO3,63.01284,weight,52.0,50.0,1.2856
inorganic_acid,无机酸,nitric,硝酸,HNO3,63.01284,weight,53.0,50.0,1.2909
inorganic_acid,无机酸,nitric,硝酸,HNO3,63.01284,weight,54.0,50.0,1.2961
inorganic_acid,无机酸,nitric,硝酸,HNO3,63.01284,weight,55.0,50.0,1.3013
inorganic_acid,无机酸,nitric,硝酸,HNO3,63.01284,weight,56.0,50.0,1.3064
inorganic_acid,无机酸,nitric,硝酸,HNO3,63.01284,weight,57.0,50.0,1.3114
inorganic_acid,无机酸,nitric,硝酸,HNO3,63.01284,weight,58.0,50.0,1.3164
inorganic_acid,无机酸,nitric,硝酸,HNO3,63.01284,weight,59.0,50.0,1.3213
inorganic_acid,无机酸,nitric,硝酸,HNO3,63.01284,weight,60.0,50.0,1.3261
inorganic_acid,无机酸,nitric,硝酸,HNO3,63.01284,weight,61.0,50.0,1.3308
inorganic_acid,无机酸,nitric,硝酸,HNO3,63.01284,weight,62.0,50.0,1.3354
inorganic_acid,无机酸,nitric,硝酸,HNO3,63.01284,weight,63.0,50.0,1.3398
inorganic_acid,无机酸,nitric,硝酸,HNO3,63.01284,weight,0,60,0.9832
inorganic_acid,无机酸,nitric,硝酸,HNO3,63.01284,weight,1.0,60.0,0.9882
inorganic_acid,无机酸,nitric,硝酸,HNO3,63.01284,weight,2.0,60.0,0.9932
inorganic_acid,无机酸,nitric,硝酸,HNO3,63.01284,weight,3.0,60.0,0.9982
inorganic_acid,无机酸,nitric,硝酸,HNO3,63.01284,weight,4.0,60.0,1.0033
inorganic_acid,无机酸,nitric,硝酸,HNO3,63.01284,weight,5.0,60.0,1.0084
inorganic_acid,无机酸,nitric,硝酸,HNO3,63.01284,weight,6.0,60.0,1.0136
inorganic_acid,无机酸,nitric,硝酸,HNO3,63.01284,weight,7.0,60.0,1.0188
inorganic_acid,无机酸,nitric,硝酸,HNO3,63.01284,weight,8.0,60.0,1.0241
inorganic_acid,无机酸,nitric,硝酸,HNO3,63.01284,weight,9.0,60.0,1.0294
inorganic_acid,无机酸,nitric,硝酸,HNO3,63.01284,weight,10.0,60.0,1.0347
inorganic_acid,无机酸,nitric,硝酸,HNO3,63.01284,weight,11.0,60.0,1.0401
inorganic_acid,无机酸,nitric,硝酸,HNO3,63.01284,weight,12.0,60.0,1.0455
inorganic_acid,无机酸,nitric,硝酸,HNO3,63.01284,weight,13.0,60.0,1.0509
inorganic_acid,无机酸,nitric,硝酸,HNO3,63.01284,weight,14.0,60.0,1.0564
inorganic_acid,无机酸,nitric,硝酸,HNO3,63.01284,weight,15.0,60.0,1.0619
inorganic_acid,无机酸,nitric,硝酸,HNO3,63.01284,weight,16.0,60.0,1.0675
inorganic_acid,无机酸,nitric,硝酸,HNO3,63.01284,weight,17.0,60.0,1.0731
inorganic_acid,无机酸,nitric,硝酸,HNO3,63.01284,weight,18.0,60.0,1.0787
inorganic_acid,无机酸,nitric,硝酸,HNO3,63.01284,weight,19.0,60.0,1.0843
inorganic_acid,无机酸,nitric,硝酸,HNO3,63.01284,weight,20.0,60.0,1.0899
inorganic_acid,无机酸,nitric,硝酸,HNO3,63.01284,weight,21.0,60.0,1.0956
inorganic_acid,无机酸,nitric,硝酸,HNO3,63.01284,weight,22.0,60.0,1.1013
inorganic_acid,无机酸,nitric,硝酸,HNO3,63.01284,weight,23.0,60.0,1.107
inorganic_acid,无机酸,nitric,硝酸,HNO3,63.01284,weight,24.0,60.0,1.1127
inorganic_acid,无机酸,nitric,硝酸,HNO3,63.01284,weight,25.0,60.0,1.1185
inorganic_acid,无机酸,nitric,硝酸,HNO3,63.01284,weight,26.0,60.0,1.1244
inorganic_acid,无机酸,nitric,硝酸,HNO3,63.01284,weight,27.0,60.0,1.1303
inorganic_acid,无机酸,nitric,硝酸,HNO3,63.01284,weight,28.0,60.0,1.1362
inorganic_acid,无机酸,nitric,硝酸,HNO3,63.01284,weight,29.0,60.0,1.1422
inorganic_acid,无机酸,nitric,硝酸,HNO3,63.01284,weight,30.0,60.0,1.1482
inorganic_acid,无机酸,nitric,硝酸,HNO3,63.01284,weight,31.0,60.0,1.1542
inorganic_acid,无机酸,nitric,硝酸,HNO3,63.01284,weight,32.0,60.0,1.1602
inorganic_acid,无机酸,nitric,硝酸,HNO3,63.01284,weight,33.0,60.0,1.1662
inorganic_acid,无机酸,nitric,硝酸,HNO3,63.01284,weight,34.0,60.0,1.1723
inorganic_acid,无机酸,nitric,硝酸,HNO3,63.01284,weight,35.0,60.0,1.1784
inorganic_acid,无机酸,nitric,硝酸,HNO3,63.01284,weight,36.0,60.0,1.1842
inorganic_acid,无机酸,nitric,硝酸,HNO3,63.01284,weight,37.0,60.0,1.1899
inorganic_acid,无机酸,nitric,硝酸,HNO3,63.01284,weight,38.0,60.0,1.1956
inorganic_acid,无机酸,nitric,硝酸,HNO3,63.01284,weight,39.0,60.0,1.2013
inorganic_acid,无机酸,nitric,硝酸,HNO3,63.01284,weight,40.0,60.0,1.2069
inorganic_acid,无机酸,nitric,硝酸,HNO3,63.01284,weight,41.0,60.0,1.2126
inorganic_acid,无机酸,nitric,硝酸,HNO3,63.01284,weight,42.0,60.0,1.2182
inorganic_acid,无机酸,nitric,硝酸,HNO3,63.01284,weight,43.0,60.0,1.2238
inorganic_acid,无机酸,nitric,硝酸,HNO3,63.01284,weight,44.0,60.0,1.2294
inorganic_acid,无机酸,nitric,硝酸,HNO3,63.01284,weight,45.0,60.0,1.235
inorganic_acid,无机酸,nitric,硝酸,HNO3,63.01284,weight,46.0,60.0,1.2406
inorganic_acid,无机酸,nitric,硝酸,HNO3,63.01284,weight,47.0,60.0,1.2462
inorganic_acid,无机酸,nitric,硝酸,HNO3,63.01284,weight,48.0,60.0,1.2518
inorganic_acid,无机酸,nitric,硝酸,HNO3,63.01284,weight,49.0,60.0,1.2575
inorganic_acid,无机酸,nitric,硝酸,HNO3,63.01284,weight,50.0,60.0,1.2628
inorganic_acid,无机酸,nitric,硝酸,HNO3,63.01284,weight,51.0,60.0,1.268
inorganic_acid,无机酸,nitric,硝酸,HNO3,63.01284,weight,52.0,60.0,1.2731
inorganic_acid,无机酸,nitric,硝酸,HNO3,63.01284,weight,53.0,60.0,1.2782
inorganic_acid,无机酸,nitric,硝酸,HNO3,63.01284,weight,54.0,60.0,1.2833
inorganic_acid,无机酸,nitric,硝酸,HNO3,63.01284,weight,55.0,60.0,1.2883
inorganic_acid,无机酸,nitric,硝酸,HNO3,63.01284,weight,56.0,60.0,1.2932
inorganic_acid,无机酸,nitric,硝酸,HNO3,63.01284,weight,57.0,60.0,1.2981
inorganic_acid,无机酸,nitric,硝酸,HNO3,63.01284,weight,58.0,60.0,1.3029
inorganic_acid,无机酸,nitric,硝酸,HNO3,63.01284,weight,59.0,60.0,1.3077
inorganic_acid,无机酸,nitric,硝酸,HNO3,63.01284,weight,60.0,60.0,1.3124
inorganic_acid,无机酸,nitric,硝酸,HNO3,63.01284,weight,61.0,60.0,1.3169
inorganic_acid,无机酸,nitric,硝酸,HNO3,63.01284,weight,62.0,60.0,1.3213
inorganic_acid,无机酸,nitric,硝酸,HNO3,63.01284,weight,63.0,60.0,1.3255
inorganic_acid,无机酸,nitric,硝酸,HNO3,63.01284,weight,0,80,0.97179
inorganic_acid,无机酸,nitric,硝酸,HNO3,63.01284,weight,1.0,80.0,0.9767
inorganic_acid,无机酸,nitric,硝酸,HNO3,63.01284,weight,2.0,80.0,0.9816
inorganic_acid,无机酸,nitric,硝酸,HNO3,63.01284,weight,3.0,80.0,0.9865
inorganic_acid,无机酸,nitric,硝酸,HNO3,63.01284,weight,4.0,80.0,0.9915
inorganic_acid,无机酸,nitric,硝酸,HNO3,63.01284,weight,5.0,80.0,0.9965
inorganic_acid,无机酸,nitric,硝酸,HNO3,63.01284,weight,6.0,80.0,1.0015
inorganic_acid,无机酸,nitric,硝酸,HNO3,63.01284,weight,7.0,80.0,1.0066
inorganic_acid,无机酸,nitric,硝酸,HNO3,63.01284,weight,8.0,80.0,1.0117
inorganic_acid,无机酸,nitric,硝酸,HNO3,63.01284,weight,9.0,80.0,1.0169
inorganic_acid,无机酸,nitric,硝酸,HNO3,63.01284,weight,10.0,80.0,1.0221
inorganic_acid,无机酸,nitric,硝酸,HNO3,63.01284,weight,11.0,80.0,1.0273
inorganic_acid,无机酸,nitric,硝酸,HNO3,63.01284,weight,12.0,80.0,1.0326
inorganic_acid,无机酸,nitric,硝酸,HNO3,63.01284,weight,13.0,80.0,1.0379
inorganic_acid,无机酸,nitric,硝酸,HNO3,63.01284,weight,14.0,80.0,1.0432
inorganic_acid,无机酸,nitric,硝酸,HNO3,63.01284,weight,15.0,80.0,1.0485
inorganic_acid,无机酸,nitric,硝酸,HNO3,63.01284,weight,16.0,80.0,1.0538
inorganic_acid,无机酸,nitric,硝酸,HNO3,63.01284,weight,17.0,80.0,1.0592
inorganic_acid,无机酸,nitric,硝酸,HNO3,63.01284,weight,18.0,80.0,1.0646
inorganic_acid,无机酸,nitric,硝酸,HNO3,63.01284,weight,19.0,80.0,1.07
inorganic_acid,无机酸,nitric,硝酸,HNO3,63.01284,weight,20.0,80.0,1.0754
inorganic_acid,无机酸,nitric,硝酸,HNO3,63.01284,weight,21.0,80.0,1.0808
inorganic_acid,无机酸,nitric,硝酸,HNO3,63.01284,weight,22.0,80.0,1.0862
inorganic_acid,无机酸,nitric,硝酸,HNO3,63.01284,weight,23.0,80.0,1.0917
inorganic_acid,无机酸,nitric,硝酸,HNO3,63.01284,weight,24.0,80.0,1.0972
inorganic_acid,无机酸,nitric,硝酸,HNO3,63.01284,weight,25.0,80.0,1.1027
inorganic_acid,无机酸,nitric,硝酸,HNO3,63.01284,weight,26.0,80.0,1.1083
inorganic_acid,无机酸,nitric,硝酸,HNO3,63.01284,weight,27.0,80.0,1.1139
inorganic_acid,无机酸,nitric,硝酸,HNO3,63.01284,weight,28.0,80.0,1.1195
inorganic_acid,无机酸,nitric,硝酸,HNO3,63.01284,weight,29.0,80.0,1.1251
inorganic_acid,无机酸,nitric,硝酸,HNO3,63.01284,weight,30.0,80.0,1.1307
inorganic_acid,无机酸,nitric,硝酸,HNO3,63.01284,weight,31.0,80.0,1.1363
inorganic_acid,无机酸,nitric,硝酸,HNO3,63.01284,weight,32.0,80.0,1.1419
inorganic_acid,无机酸,nitric,硝酸,HNO3,63.01284,weight,33.0,80.0,1.1476
inorganic_acid,无机酸,nitric,硝酸,HNO3,63.01284,weight,34.0,80.0,1.1533
inorganic_acid,无机酸,nitric,硝酸,HNO3,63.01284,weight,35.0,80.0,1.1591
inorganic_acid,无机酸,nitric,硝酸,HNO3,63.01284,weight,36.0,80.0,1.1645
inorganic_acid,无机酸,nitric,硝酸,HNO3,63.01284,weight,37.0,80.0,1.1699
inorganic_acid,无机酸,nitric,硝酸,HNO3,63.01284,weight,38.0,80.0,1.1752
inorganic_acid,无机酸,nitric,硝酸,HNO3,63.01284,weight,39.0,80.0,1.1805
inorganic_acid,无机酸,nitric,硝酸,HNO3,63.01284,weight,40.0,80.0,1.1858
inorganic_acid,无机酸,nitric,硝酸,HNO3,63.01284,weight,41.0,80.0,1.1911
inorganic_acid,无机酸,nitric,硝酸,HNO3,63.01284,weight,42.0,80.0,1.1963
inorganic_acid,无机酸,nitric,硝酸,HNO3,63.01284,weight,43.0,80.0,1.2015
inorganic_acid,无机酸,nitric,硝酸,HNO3,63.01284,weight,44.0,80.0,1.2067
inorganic_acid,无机酸,nitric,硝酸,HNO3,63.01284,weight,45.0,80.0,1.2119
inorganic_acid,无机酸,nitric,硝酸,HNO3,63.01284,weight,46.0,80.0,1.2171
inorganic_acid,无机酸,nitric,硝酸,HNO3,63.01284,weight,47.0,80.0,1.2223
inorganic_acid,无机酸,nitric,硝酸,HNO3,63.01284,weight,48.0,80.0,1.2275
inorganic_acid,无机酸,nitric,硝酸,HNO3,63.01284,weight,49.0,80.0,1.2328
inorganic_acid,无机酸,nitric,硝酸,HNO3,63.01284,weight,50.0,80.0,1.2377
inorganic_acid,无机酸,nitric,硝酸,HNO3,63.01284,weight,51.0,80.0,1.2425
inorganic_acid,无机酸,nitric,硝酸,HNO3,63.01284,weight,52.0,80.0,1.2473
inorganic_acid,无机酸,nitric,硝酸,HNO3,63.01284,weight,53.0,80.0,1.2521
inorganic_acid,无机酸,nitric,硝酸,HNO3,63.01284,weight,54.0,80.0,1.2568
inorganic_acid,无机酸,nitric,硝酸,HNO3,63.01284,weight,55.0,80.0,1.2615
inorganic_acid,无机酸,nitric,硝酸,HNO3,63.01284,weight,56.0,80.0,1.2661
inorganic_acid,无机酸,nitric,硝酸,HNO3,63.01284,weight,57.0,80.0,1.2706
inorganic_acid,无机酸,nitric,硝酸,HNO3,63.01284,weight,58.0,80.0,1.2751
inorganic_acid,无机酸,nitric,硝酸,HNO3,63.01284,weight,59.0,80.0,1.2795
inorganic_acid,无机酸,nitric,硝酸,HNO3,63.01284,weight,60.0,80.0,1.2839
inorganic_acid,无机酸,nitric,硝酸,HNO3,63.01284,weight,61.0,80.0,1.2881
inorganic_acid,无机酸,nitric,硝酸,HNO3,63.01284,weight,62.0,80.0,1.2922
inorganic_acid,无机酸,nitric,硝酸,HNO3,63.01284,weight,63.0,80.0,1.2962
inorganic_acid,无机酸,nitric,硝酸,HNO3,63.01284,weight,1.0,100.0,0.9632
inorganic_acid,无机酸,nitric,硝酸,HNO3,63.01284,weight,2.0,100.0,0.9681
inorganic_acid,无机酸,nitric,硝酸,HNO3,63.01284,weight,3.0,100.0,0.973
inorganic_acid,无机酸,nitric,硝酸,HNO3,63.01284,weight,4.0,100.0,0.9779
inorganic_acid,无机酸,nitric,硝酸,HNO3,63.01284,weight,5.0,100.0,0.9829
inorganic_acid,无机酸,nitric,硝酸,HNO3,63.01284,weight,6.0,100.0,0.9879
inorganic_acid,无机酸,nitric,硝酸,HNO3,63.01284,weight,7.0,100.0,0.9929
inorganic_acid,无机酸,nitric,硝酸,HNO3,63.01284,weight,8.0,100.0,0.998
inorganic_acid,无机酸,nitric,硝酸,HNO3,63.01284,weight,9.0,100.0,1.0032
inorganic_acid,无机酸,nitric,硝酸,HNO3,63.01284,weight,10.0,100.0,1.0083
inorganic_acid,无机酸,nitric,硝酸,HNO3,63.01284,weight,11.0,100.0,1.0134
inorganic_acid,无机酸,nitric,硝酸,HNO3,63.01284,weight,12.0,100.0,1.0186
inorganic_acid,无机酸,nitric,硝酸,HNO3,63.01284,weight,13.0,100.0,1.0238
inorganic_acid,无机酸,nitric,硝酸,HNO3,63.01284,weight,14.0,100.0,1.0289
inorganic_acid,无机酸,nitric,硝酸,HNO3,63.01284,weight,15.0,100.0,1.0341
inorganic_acid,无机酸,nitric,硝酸,HNO3,63.01284,weight,16.0,100.0,1.0393
inorganic_acid,无机酸,nitric,硝酸,HNO3,63.01284,weight,17.0,100.0,1.0444
inorganic_acid,无机酸,nitric,硝酸,HNO3,63.01284,weight,18.0,100.0,1.0496
inorganic_acid,无机酸,nitric,硝酸,HNO3,63.01284,weight,19.0,100.0,1.0547
inorganic_acid,无机酸,nitric,硝酸,HNO3,63.01284,weight,20.0,100.0,1.0598
inorganic_acid,无机酸,nitric,硝酸,HNO3,63.01284,weight,21.0,100.0,1.065
inorganic_acid,无机酸,nitric,硝酸,HNO3,63.01284,weight,22.0,100.0,1.0701
inorganic_acid,无机酸,nitric,硝酸,HNO3,63.01284,weight,23.0,100.0,1.0753
inorganic_acid,无机酸,nitric,硝酸,HNO3,63.01284,weight,24.0,100.0,1.0805
inorganic_acid,无机酸,nitric,硝酸,HNO3,63.01284,weight,25.0,100.0,1.0857
inorganic_acid,无机酸,nitric,硝酸,HNO3,63.01284,weight,26.0,100.0,1.091
inorganic_acid,无机酸,nitric,硝酸,HNO3,63.01284,weight,27.0,100.0,1.0963
inorganic_acid,无机酸,nitric,硝酸,HNO3,63.01284,weight,28.0,100.0,1.1016
inorganic_acid,无机酸,nitric,硝酸,HNO3,63.01284,weight,29.0,100.0,1.1069
inorganic_acid,无机酸,nitric,硝酸,HNO3,63.01284,weight,30.0,100.0,1.1122
inorganic_acid,无机酸,nitric,硝酸,HNO3,63.01284,weight,31.0,100.0,1.1175
inorganic_acid,无机酸,nitric,硝酸,HNO3,63.01284,weight,32.0,100.0,1.1228
inorganic_acid,无机酸,nitric,硝酸,HNO3,63.01284,weight,33.0,100.0,1.1281
inorganic_acid,无机酸,nitric,硝酸,HNO3,63.01284,weight,34.0,100.0,1.1335
inorganic_acid,无机酸,nitric,硝酸,HNO3,63.01284,weight,35.0,100.0,1.139
inorganic_acid,无机酸,nitric,硝酸,HNO3,63.01284,weight,36.0,100.0,1.144
inorganic_acid,无机酸,nitric,硝酸,HNO3,63.01284,weight,37.0,100.0,1.149
inorganic_acid,无机酸,nitric,硝酸,HNO3,63.01284,weight,38.0,100.0,1.154
inorganic_acid,无机酸,nitric,硝酸,HNO3,63.01284,weight,39.0,100.0,1.1589
inorganic_acid,无机酸,nitric,硝酸,HNO3,63.01284,weight,40.0,100.0,1.1638
inorganic_acid,无机酸,nitric,硝酸,HNO3,63.01284,weight,41.0,100.0,1.1687
inorganic_acid,无机酸,nitric,硝酸,HNO3,63.01284,weight,42.0,100.0,1.1735
inorganic_acid,无机酸,nitric,硝酸,HNO3,63.01284,weight,43.0,100.0,1.1783
inorganic_acid,无机酸,nitric,硝酸,HNO3,63.01284,weight,44.0,100.0,1.1831
inorganic_acid,无机酸,nitric,硝酸,HNO3,63.01284,weight,45.0,100.0,1.1879
inorganic_acid,无机酸,nitric,硝酸,HNO3,63.01284,weight,46.0,100.0,1.1927
inorganic_acid,无机酸,nitric,硝酸,HNO3,63.01284,weight,47.0,100.0,1.1976
inorganic_acid,无机酸,nitric,硝酸,HNO3,63.01284,weight,48.0,100.0,1.2024
inorganic_acid,无机酸,nitric,硝酸,HNO3,63.01284,weight,49.0,100.0,1.2073
inorganic_acid,无机酸,nitric,硝酸,HNO3,63.01284,weight,50.0,100.0,1.2118
inorganic_acid,无机酸,nitric,硝酸,HNO3,63.01284,weight,51.0,100.0,1.2163
inorganic_acid,无机酸,nitric,硝酸,HNO3,63.01284,weight,52.0,100.0,1.2208
inorganic_acid,无机酸,nitric,硝酸,HNO3,63.01284,weight,53.0,100.0,1.2252
inorganic_acid,无机酸,nitric,硝酸,HNO3,63.01284,weight,54.0,100.0,1.2296
inorganic_acid,无机酸,nitric,硝酸,HNO3,63.01284,weight,55.0,100.0,1.2339
inorganic_acid,无机酸,nitric,硝酸,HNO3,63.01284,weight,56.0,100.0,1.2382
inorganic_acid,无机酸,nitric,硝酸,HNO3,63.01284,weight,57.0,100.0,1.2424
inorganic_acid,无机酸,nitric,硝酸,HNO3,63.01284,weight,58.0,100.0,1.2466
inorganic_acid,无机酸,nitric,硝酸,HNO3,63.01284,weight,59.0,100.0,1.2507
inorganic_acid,无机酸,nitric,硝酸,HNO3,63.01284,weight,60.0,100.0,1.2547
inorganic_acid,无机酸,nitric,硝酸,HNO3,63.01284,weight,61.0,100.0,1.2587
inorganic_acid,无机酸,nitric,硝酸,HNO3,63.01284,weight,62.0,100.0,1.2625
inorganic_acid,无机酸,nitric,硝酸,HNO3,63.01284,weight,63.0,100.0,1.2661
alcohol,醇类,methanol,甲醇,CH3OH,32.04186,weight,0.0,0.0,0.99984283
alcohol,醇类,methanol,甲醇,CH3OH,32.04186,weight,1.0,0.0,0.9981
alcohol,醇类,methanol,甲醇,CH3OH,32.04186,weight,2.0,0.0,0.9963
alcohol,醇类,methanol,甲醇,CH3OH,32.04186,weight,3.0,0.0,0.9946
alcohol,醇类,methanol,甲醇,CH3OH,32.04186,weight,4.0,0.0,0.993
alcohol,醇类,methanol,甲醇,CH3OH,32.04186,weight,5.0,0.0,0.9914
alcohol,醇类,methanol,甲醇,CH3OH,32.04186,weight,6.0,0.0,0.9899
alcohol,醇类,methanol,甲醇,CH3OH,32.04186,weight,7.0,0.0,0.9884
alcohol,醇类,methanol,甲醇,CH3OH,32.04186,weight,8.0,0.0,0.987
alcohol,醇类,methanol,甲醇,CH3OH,32.04186,weight,9.0,0.0,0.9856
alcohol,醇类,methanol,甲醇,CH3OH,32.04186,weight,10.0,0.0,0.9842
alcohol,醇类,methanol,甲醇,CH3OH,32.04186,weight,11.0,0.0,0.9829
alcohol,醇类,methanol,甲醇,CH3OH,32.04186,weight,12.0,0.0,0.9816
alcohol,醇类,methanol,甲醇,CH3OH,32.04186,weight,13.0,0.0,0.9804
alcohol,醇类,methanol,甲醇,CH3OH,32.04186,weight,14.0,0.0,0.9792
alcohol,醇类,methanol,甲醇,CH3OH,32.04186,weight,15.0,0.0,0.978
alcohol,醇类,methanol,甲醇,CH3OH,32.04186,weight,16.0,0.0,0.9769
alcohol,醇类,methanol,甲醇,CH3OH,32.04186,weight,17.0,0.0,0.9758
alcohol,醇类,methanol,甲醇,CH3OH,32.04186,weight,18.0,0.0,0.9747
alcohol,醇类,methanol,甲醇,CH3OH,32.04186,weight,19.0,0.0,0.9736
alcohol,醇类,methanol,甲醇,CH3OH,32.04186,weight,20.0,0.0,0.9725
alcohol,醇类,methanol,甲醇,CH3OH,32.04186,weight,21.0,0.0,0.9714
alcohol,醇类,methanol,甲醇,CH3OH,32.04186,weight,22.0,0.0,0.9702
alcohol,醇类,methanol,甲醇,CH3OH,32.04186,weight,23.0,0.0,0.969
alcohol,醇类,methanol,甲醇,CH3OH,32.04186,weight,24.0,0.0,0.9678
alcohol,醇类,methanol,甲醇,CH3OH,32.04186,weight,25.0,0.0,0.9666
alcohol,醇类,methanol,甲醇,CH3OH,32.04186,weight,26.0,0.0,0.9654
alcohol,醇类,methanol,甲醇,CH3OH,32.04186,weight,27.0,0.0,0.9642
alcohol,醇类,methanol,甲醇,CH3OH,32.04186,weight,28.0,0.0,0.9629
alcohol,醇类,methanol,甲醇,CH3OH,32.04186,weight,29.0,0.0,0.9616
alcohol,醇类,methanol,甲醇,CH3OH,32.04186,weight,30.0,0.0,0.9604
alcohol,醇类,methanol,甲醇,CH3OH,32.04186,weight,31.0,0.0,0.959
alcohol,醇类,methanol,甲醇,CH3OH,32.04186,weight,32.0,0.0,0.9576
alcohol,醇类,methanol,甲醇,CH3OH,32.04186,weight,33.0,0.0,0.9563
alcohol,醇类,methanol,甲醇,CH3OH,32.04186,weight,34.0,0.0,0.9549
alcohol,醇类,methanol,甲醇,CH3OH,32.04186,weight,35.0,0.0,0.9534
alcohol,醇类,methanol,甲醇,CH3OH,32.04186,weight,36.0,0.0,0.952
alcohol,醇类,methanol,甲醇,CH3OH,32.04186,weight,37.0,0.0,0.9505
alcohol,醇类,methanol,甲醇,CH3OH,32.04186,weight,38.0,0.0,0.949
alcohol,醇类,methanol,甲醇,CH3OH,32.04186,weight,39.0,0.0,0.9475
alcohol,醇类,methanol,甲醇,CH3OH,32.04186,weight,40.0,0.0,0.9459
alcohol,醇类,methanol,甲醇,CH3OH,32.04186,weight,41.0,0.0,0.9443
alcohol,醇类,methanol,甲醇,CH3OH,32.04186,weight,42.0,0.0,0.9427
alcohol,醇类,methanol,甲醇,CH3OH,32.04186,weight,43.0,0.0,0.9411
alcohol,醇类,methanol,甲醇,CH3OH,32.04186,weight,44.0,0.0,0.9395
alcohol,醇类,methanol,甲醇,CH3OH,32.04186,weight,45.0,0.0,0.9377
alcohol,醇类,methanol,甲醇,CH3OH,32.04186,weight,46.0,0.0,0.936
alcohol,醇类,methanol,甲醇,CH3OH,32.04186,weight,47.0,0.0,0.9342
alcohol,醇类,methanol,甲醇,CH3OH,32.04186,weight,48.0,0.0,0.9324
alcohol,醇类,methanol,甲醇,CH3OH,32.04186,weight,49.0,0.0,0.9306
alcohol,醇类,methanol,甲醇,CH3OH,32.04186,weight,50.0,0.0,0.9287
alcohol,醇类,methanol,甲醇,CH3OH,32.04186,weight,51.0,0.0,0.9269
alcohol,醇类,methanol,甲醇,CH3OH,32.04186,weight,52.0,0.0,0.925
alcohol,醇类,methanol,甲醇,CH3OH,32.04186,weight,53.0,0.0,0.923
alcohol,醇类,methanol,甲醇,CH3OH,32.04186,weight,54.0,0.0,0.9211
alcohol,醇类,methanol,甲醇,CH3OH,32.04186,weight,55.0,0.0,0.9191
alcohol,醇类,methanol,甲醇,CH3OH,32.04186,weight,56.0,0.0,0.9172
alcohol,醇类,methanol,甲醇,CH3OH,32.04186,weight,57.0,0.0,0.9151
alcohol,醇类,methanol,甲醇,CH3OH,32.04186,weight,58.0,0.0,0.9131
alcohol,醇类,methanol,甲醇,CH3OH,32.04186,weight,59.0,0.0,0.9111
alcohol,醇类,methanol,甲醇,CH3OH,32.04186,weight,60.0,0.0,0.909
alcohol,醇类,methanol,甲醇,CH3OH,32.04186,weight,61.0,0.0,0.9068
alcohol,醇类,methanol,甲醇,CH3OH,32.04186,weight,62.0,0.0,0.9046
alcohol,醇类,methanol,甲醇,CH3OH,32.04186,weight,63.0,0.0,0.9024
alcohol,醇类,methanol,甲醇,CH3OH,32.04186,weight,64.0,0.0,0.9002
alcohol,醇类,methanol,甲醇,CH3OH,32.04186,weight,65.0,0.0,0.898
alcohol,醇类,methanol,甲醇,CH3OH,32.04186,weight,66.0,0.0,0.8958
alcohol,醇类,methanol,甲醇,CH3OH,32.04186,weight,67.0,0.0,0.8935
alcohol,醇类,methanol,甲醇,CH3OH,32.04186,weight,68.0,0.0,0.8913
alcohol,醇类,methanol,甲醇,CH3OH,32.04186,weight,69.0,0.0,0.8891
alcohol,醇类,methanol,甲醇,CH3OH,32.04186,weight,70.0,0.0,0.8869
alcohol,醇类,methanol,甲醇,CH3OH,32.04186,weight,71.0,0.0,0.8847
alcohol,醇类,methanol,甲醇,CH3OH,32.04186,weight,72.0,0.0,0.8824
alcohol,醇类,methanol,甲醇,CH3OH,32.04186,weight,73.0,0.0,0.8801
alcohol,醇类,methanol,甲醇,CH3OH,32.04186,weight,74.0,0.0,0.8778
alcohol,醇类,methanol,甲醇,CH3OH,32.04186,weight,75.0,0.0,0.8754
alcohol,醇类,methanol,甲醇,CH3OH,32.04186,weight,76.0,0.0,0.8729
alcohol,醇类,methanol,甲醇,CH3OH,32.04186,weight,77.0,0.0,0.8705
alcohol,醇类,methanol,甲醇,CH3OH,32.04186,weight,78.0,0.0,0.868
alcohol,醇类,methanol,甲醇,CH3OH,32.04186,weight,79.0,0.0,0.8657
alcohol,醇类,methanol,甲醇,CH3OH,32.04186,weight,80.0,0.0,0.8634
alcohol,醇类,methanol,甲醇,CH3OH,32.04186,weight,81.0,0.0,0.861
alcohol,醇类,methanol,甲醇,CH3OH,32.04186,weight,82.0,0.0,0.8585
alcohol,醇类,methanol,甲醇,CH3OH,32.04186,weight,83.0,0.0,0.856
alcohol,醇类,methanol,甲醇,CH3OH,32.04186,weight,84.0,0.0,0.8535
alcohol,醇类,methanol,甲醇,CH3OH,32.04186,weight,85.0,0.0,0.851
alcohol,醇类,methanol,甲醇,CH3OH,32.04186,weight,86.0,0.0,0.8483
alcohol,醇类,methanol,甲醇,CH3OH,32.04186,weight,87.0,0.0,0.8456
alcohol,醇类,methanol,甲醇,CH3OH,32.04186,weight,88.0,0.0,0.8428
alcohol,醇类,methanol,甲醇,CH3OH,32.04186,weight,89.0,0.0,0.84
alcohol,醇类,methanol,甲醇,CH3OH,32.04186,weight,90.0,0.0,0.8374
alcohol,醇类,methanol,甲醇,CH3OH,32.04186,weight,91.0,0.0,0.8347
alcohol,醇类,methanol,甲醇,CH3OH,32.04186,weight,92.0,0.0,0.832
alcohol,醇类,methanol,甲醇,CH3OH,32.04186,weight,93.0,0.0,0.8293
alcohol,醇类,methanol,甲醇,CH3OH,32.04186,weight,94.0,0.0,0.8266
alcohol,醇类,methanol,甲醇,CH3OH,32.04186,weight,95.0,0.0,0.824
alcohol,醇类,methanol,甲醇,CH3OH,32.04186,weight,96.0,0.0,0.8212
alcohol,醇类,methanol,甲醇,CH3OH,32.04186,weight,97.0,0.0,0.8186
alcohol,醇类,methanol,甲醇,CH3OH,32.04186,weight,98.0,0.0,0.8158
alcohol,醇类,methanol,甲醇,CH3OH,32.04186,weight,99.0,0.0,0.813
alcohol,醇类,methanol,甲醇,CH3OH,32.04186,weight,100.0,0.0,0.8102
alcohol,醇类,methanol,甲醇,CH3OH,32.04186,weight,0.0,10.0,0.9997021
alcohol,醇类,methanol,甲醇,CH3OH,32.04186,weight,1.0,10.0,0.998
alcohol,醇类,methanol,甲醇,CH3OH,32.04186,weight,2.0,10.0,0.9962
alcohol,醇类,methanol,甲醇,CH3OH,32.04186,weight,3.0,10.0,0.9945
alcohol,醇类,methanol,甲醇,CH3OH,32.04186,weight,4.0,10.0,0.9929
alcohol,醇类,methanol,甲醇,CH3OH,32.04186,weight,5.0,10.0,0.9912
alcohol,醇类,methanol,甲醇,CH3OH,32.04186,weight,6.0,10.0,0.9896
alcohol,醇类,methanol,甲醇,CH3OH,32.04186,weight,7.0,10.0,0.9881
alcohol,醇类,methanol,甲醇,CH3OH,32.04186,weight,8.0,10.0,0.9865
alcohol,醇类,methanol,甲醇,CH3OH,32.04186,weight,9.0,10.0,0.9849
alcohol,醇类,methanol,甲醇,CH3OH,32.04186,weight,10.0,10.0,0.9834
alcohol,醇类,methanol,甲醇,CH3OH,32.04186,weight,11.0,10.0,0.982
alcohol,醇类,methanol,甲醇,CH3OH,32.04186,weight,12.0,10.0,0.9805
alcohol,醇类,methanol,甲醇,CH3OH,32.04186,weight,13.0,10.0,0.9791
alcohol,醇类,methanol,甲醇,CH3OH,32.04186,weight,14.0,10.0,0.9778
alcohol,醇类,methanol,甲醇,CH3OH,32.04186,weight,15.0,10.0,0.9764
alcohol,醇类,methanol,甲醇,CH3OH,32.04186,weight,16.0,10.0,0.9751
alcohol,醇类,methanol,甲醇,CH3OH,32.04186,weight,17.0,10.0,0.9739
alcohol,醇类,methanol,甲醇,CH3OH,32.04186,weight,18.0,10.0,0.9726
alcohol,醇类,methanol,甲醇,CH3OH,32.04186,weight,19.0,10.0,0.9713
alcohol,醇类,methanol,甲醇,CH3OH,32.04186,weight,20.0,10.0,0.97
alcohol,醇类,methanol,甲醇,CH3OH,32.04186,weight,21.0,10.0,0.9687
alcohol,醇类,methanol,甲醇,CH3OH,32.04186,weight,22.0,10.0,0.9673
alcohol,醇类,methanol,甲醇,CH3OH,32.04186,weight,23.0,10.0,0.966
alcohol,醇类,methanol,甲醇,CH3OH,32.04186,weight,24.0,10.0,0.9646
alcohol,醇类,methanol,甲醇,CH3OH,32.04186,weight,25.0,10.0,0.9632
alcohol,醇类,methanol,甲醇,CH3OH,32.04186,weight,26.0,10.0,0.9618
alcohol,醇类,methanol,甲醇,CH3OH,32.04186,weight,27.0,10.0,0.9604
alcohol,醇类,methanol,甲醇,CH3OH,32.04186,weight,28.0,10.0,0.959
alcohol,醇类,methanol,甲醇,CH3OH,32.04186,weight,29.0,10.0,0.9575
alcohol,醇类,methanol,甲醇,CH3OH,32.04186,weight,30.0,10.0,0.956
alcohol,醇类,methanol,甲醇,CH3OH,32.04186,weight,31.0,10.0,0.9546
alcohol,醇类,methanol,甲醇,CH3OH,32.04186,weight,32.0,10.0,0.9531
alcohol,醇类,methanol,甲醇,CH3OH,32.04186,weight,33.0,10.0,0.9516
alcohol,醇类,methanol,甲醇,CH3OH,32.04186,weight,34.0,10.0,0.95
alcohol,醇类,methanol,甲醇,CH3OH,32.04186,weight,35.0,10.0,0.9484
alcohol,醇类,methanol,甲醇,CH3OH,32.04186,weight,36.0,10.0,0.9469
alcohol,醇类,methanol,甲醇,CH3OH,32.04186,weight,37.0,10.0,0.9453
alcohol,醇类,methanol,甲醇,CH3OH,32.04186,weight,38.0,10.0,0.9437
alcohol,醇类,methanol,甲醇,CH3OH,32.04186,weight,39.0,10.0,0.942
alcohol,醇类,methanol,甲醇,CH3OH,32.04186,weight,40.0,10.0,0.9403
alcohol,醇类,methanol,甲醇,CH3OH,32.04186,weight,41.0,10.0,0.9387
alcohol,醇类,methanol,甲醇,CH3OH,32.04186,weight,42.0,10.0,0.937
alcohol,醇类,methanol,甲醇,CH3OH,32.04186,weight,43.0,10.0,0.9352
alcohol,醇类,methanol,甲醇,CH3OH,32.04186,weight,44.0,10.0,0.9334
alcohol,醇类,methanol,甲醇,CH3OH,32.04186,weight,45.0,10.0,0.9316
alcohol,醇类,methanol,甲醇,CH3OH,32.04186,weight,46.0,10.0,0.9298
alcohol,醇类,methanol,甲醇,CH3OH,32.04186,weight,47.0,10.0,0.9279
alcohol,醇类,methanol,甲醇,CH3OH,32.04186,weight,48.0,10.0,0.926
alcohol,醇类,methanol,甲醇,CH3OH,32.04186,weight,49.0,10.0,0.924
alcohol,醇类,methanol,甲醇,CH3OH,32.04186,weight,50.0,10.0,0.9221
alcohol,醇类,methanol,甲醇,CH3OH,32.04186,weight,51.0,10.0,0.9202
alcohol,醇类,methanol,甲醇,CH3OH,32.04186,weight,52.0,10.0,0.9182
alcohol,醇类,methanol,甲醇,CH3OH,32.04186,weight,53.0,10.0,0.9162
alcohol,醇类,methanol,甲醇,CH3OH,32.04186,weight,54.0,10.0,0.9142
alcohol,醇类,methanol,甲醇,CH3OH,32.04186,weight,55.0,10.0,0.9122
alcohol,醇类,methanol,甲醇,CH3OH,32.04186,weight,56.0,10.0,0.9101
alcohol,醇类,methanol,甲醇,CH3OH,32.04186,weight,57.0,10.0,0.908
alcohol,醇类,methanol,甲醇,CH3OH,32.04186,weight,58.0,10.0,0.906
alcohol,醇类,methanol,甲醇,CH3OH,32.04186,weight,59.0,10.0,0.9039
alcohol,醇类,methanol,甲醇,CH3OH,32.04186,weight,60.0,10.0,0.9018
alcohol,醇类,methanol,甲醇,CH3OH,32.04186,weight,61.0,10.0,0.8998
alcohol,醇类,methanol,甲醇,CH3OH,32.04186,weight,62.0,10.0,0.8977
alcohol,醇类,methanol,甲醇,CH3OH,32.04186,weight,63.0,10.0,0.8955
alcohol,醇类,methanol,甲醇,CH3OH,32.04186,weight,64.0,10.0,0.8933
alcohol,醇类,methanol,甲醇,CH3OH,32.04186,weight,65.0,10.0,0.8911
alcohol,醇类,methanol,甲醇,CH3OH,32.04186,weight,66.0,10.0,0.8888
alcohol,醇类,methanol,甲醇,CH3OH,32.04186,weight,67.0,10.0,0.8865
alcohol,醇类,methanol,甲醇,CH3OH,32.04186,weight,68.0,10.0,0.8842
alcohol,醇类,methanol,甲醇,CH3OH,32.04186,weight,69.0,10.0,0.8818
alcohol,醇类,methanol,甲醇,CH3OH,32.04186,weight,70.0,10.0,0.8794
alcohol,醇类,methanol,甲醇,CH3OH,32.04186,weight,71.0,10.0,0.877
alcohol,醇类,methanol,甲醇,CH3OH,32.04186,weight,72.0,10.0,0.8747
alcohol,醇类,methanol,甲醇,CH3OH,32.04186,weight,73.0,10.0,0.8724
alcohol,醇类,methanol,甲醇,CH3OH,32.04186,weight,74.0,10.0,0.8699
alcohol,醇类,methanol,甲醇,CH3OH,32.04186,weight,75.0,10.0,0.8676
alcohol,醇类,methanol,甲醇,CH3OH,32.04186,weight,76.0,10.0,0.8651
alcohol,醇类,methanol,甲醇,CH3OH,32.04186,weight,77.0,10.0,0.8626
alcohol,醇类,methanol,甲醇,CH3OH,32.04186,weight,78.0,10.0,0.8602
alcohol,醇类,methanol,甲醇,CH3OH,32.04186,weight,79.0,10.0,0.8577
alcohol,醇类,methanol,甲醇,CH3OH,32.04186,weight,80.0,10.0,0.8551
alcohol,醇类,methanol,甲醇,CH3OH,32.04186,weight,81.0,10.0,0.8527
alcohol,醇类,methanol,甲醇,CH3OH,32.04186,weight,82.0,10.0,0.8501
alcohol,醇类,methanol,甲醇,CH3OH,32.04186,weight,83.0,10.0,0.8475
alcohol,醇类,methanol,甲醇,CH3OH,32.04186,weight,84.0,10.0,0.8449
alcohol,醇类,methanol,甲醇,CH3OH,32.04186,weight,85.0,10.0,0.8422
alcohol,醇类,methanol,甲醇,CH3OH,32.04186,weight,86.0,10.0,0.8394
alcohol,醇类,methanol,甲醇,CH3OH,32.04186,weight,87.0,10.0,0.8367
alcohol,醇类,methanol,甲醇,CH3OH,32.04186,weight,88.0,10.0,0.834
alcohol,醇类,methanol,甲醇,CH3OH,32.04186,weight,89.0,10.0,0.8314
alcohol,醇类,methanol,甲醇,CH3OH,32.04186,weight,90.0,10.0,0.8287
alcohol,醇类,methanol,甲醇,CH3OH,32.04186,weight,91.0,10.0,0.8261
alcohol,醇类,methanol,甲醇,CH3OH,32.04186,weight,92.0,10.0,0.8234
alcohol,醇类,methanol,甲醇,CH3OH,32.04186,weight,93.0,10.0,0.8208
alcohol,醇类,methanol,甲醇,CH3OH,32.04186,weight,94.0,10.0,0.818
alcohol,醇类,methanol,甲醇,CH3OH,32.04186,weight,95.0,10.0,0.8152
alcohol,醇类,methanol,甲醇,CH3OH,32.04186,weight,96.0,10.0,0.8124
alcohol,醇类,methanol,甲醇,CH3OH,32.04186,weight,97.0,10.0,0.8096
alcohol,醇类,methanol,甲醇,CH3OH,32.04186,weight,98.0,10.0,0.8068
alcohol,醇类,methanol,甲醇,CH3OH,32.04186,weight,99.0,10.0,0.804
alcohol,醇类,methanol,甲醇,CH3OH,32.04186,weight,100.0,10.0,0.8009
alcohol,醇类,methanol,甲醇,CH3OH,32.04186,weight,0.0,15.56,0.9990153
alcohol,醇类,methanol,甲醇,CH3OH,32.04186,weight,1.0,15.56,0.9973
alcohol,醇类,methanol,甲醇,CH3OH,32.04186,weight,2.0,15.56,0.9955
alcohol,醇类,methanol,甲醇,CH3OH,32.04186,weight,3.0,15.56,0.9938
alcohol,醇类,methanol,甲醇,CH3OH,32.04186,weight,4.0,15.56,0.9921
alcohol,醇类,methanol,甲醇,CH3OH,32.04186,weight,5.0,15.56,0.9904
alcohol,醇类,methanol,甲醇,CH3OH,32.04186,weight,6.0,15.56,0.9889
alcohol,醇类,methanol,甲醇,CH3OH,32.04186,weight,7.0,15.56,0.9872
alcohol,醇类,methanol,甲醇,CH3OH,32.04186,weight,8.0,15.56,0.9857
alcohol,醇类,methanol,甲醇,CH3OH,32.04186,weight,9.0,15.56,0.9841
alcohol,醇类,methanol,甲醇,CH3OH,32.04186,weight,10.0,15.56,0.9826
alcohol,醇类,methanol,甲醇,CH3OH,32.04186,weight,11.0,15.56,0.9811
alcohol,醇类,methanol,甲醇,CH3OH,32.04186,weight,12.0,15.56,0.9796
alcohol,醇类,methanol,甲醇,CH3OH,32.04186,weight,13.0,15.56,0.9781
alcohol,醇类,methanol,甲醇,CH3OH,32.04186,weight,14.0,15.56,0.9766
alcohol,醇类,methanol,甲醇,CH3OH,32.04186,weight,15.0,15.56,0.9752
alcohol,醇类,methanol,甲醇,CH3OH,32.04186,weight,16.0,15.56,0.9738
alcohol,醇类,methanol,甲醇,CH3OH,32.04186,weight,17.0,15.56,0.9723
alcohol,醇类,methanol,甲醇,CH3OH,32.04186,weight,18.0,15.56,0.9709
alcohol,醇类,methanol,甲醇,CH3OH,32.04186,weight,19.0,15.56,0.9695
alcohol,醇类,methanol,甲醇,CH3OH,32.04186,weight,20.0,15.56,0.968
alcohol,醇类,methanol,甲醇,CH3OH,32.04186,weight,21.0,15.56,0.9666
alcohol,醇类,methanol,甲醇,CH3OH,32.04186,weight,22.0,15.56,0.9652
alcohol,醇类,methanol,甲醇,CH3OH,32.04186,weight,23.0,15.56,0.9638
alcohol,醇类,methanol,甲醇,CH3OH,32.04186,weight,24.0,15.56,0.9624
alcohol,醇类,methanol,甲醇,CH3OH,32.04186,weight,25.0,15.56,0.9609
alcohol,醇类,methanol,甲醇,CH3OH,32.04186,weight,26.0,15.56,0.9595
alcohol,醇类,methanol,甲醇,CH3OH,32.04186,weight,27.0,15.56,0.958
alcohol,醇类,methanol,甲醇,CH3OH,32.04186,weight,28.0,15.56,0.9565
alcohol,醇类,methanol,甲醇,CH3OH,32.04186,weight,29.0,15.56,0.955
alcohol,醇类,methanol,甲醇,CH3OH,32.04186,weight,30.0,15.56,0.9535
alcohol,醇类,methanol,甲醇,CH3OH,32.04186,weight,31.0,15.56,0.9521
alcohol,醇类,methanol,甲醇,CH3OH,32.04186,weight,32.0,15.56,0.9505
alcohol,醇类,methanol,甲醇,CH3OH,32.04186,weight,33.0,15.56,0.9489
alcohol,醇类,methanol,甲醇,CH3OH,32.04186,weight,34.0,15.56,0.9473
alcohol,醇类,methanol,甲醇,CH3OH,32.04186,weight,35.0,15.56,0.9456
alcohol,醇类,methanol,甲醇,CH3OH,32.04186,weight,36.0,15.56,0.944
alcohol,醇类,methanol,甲醇,CH3OH,32.04186,weight,37.0,15.56,0.9422
alcohol,醇类,methanol,甲醇,CH3OH,32.04186,weight,38.0,15.56,0.9405
alcohol,醇类,methanol,甲醇,CH3OH,32.04186,weight,39.0,15.56,0.9387
alcohol,醇类,methanol,甲醇,CH3OH,32.04186,weight,40.0,15.56,0.9369
alcohol,醇类,methanol,甲醇,CH3OH,32.04186,weight,41.0,15.56,0.9351
alcohol,醇类,methanol,甲醇,CH3OH,32.04186,weight,42.0,15.56,0.9333
alcohol,醇类,methanol,甲醇,CH3OH,32.04186,weight,43.0,15.56,0.9315
alcohol,醇类,methanol,甲醇,CH3OH,32.04186,weight,44.0,15.56,0.9297
alcohol,醇类,methanol,甲醇,CH3OH,32.04186,weight,45.0,15.56,0.9279
alcohol,醇类,methanol,甲醇,CH3OH,32.04186,weight,46.0,15.56,0.9261
alcohol,醇类,methanol,甲醇,CH3OH,32.04186,weight,47.0,15.56,0.9242
alcohol,醇类,methanol,甲醇,CH3OH,32.04186,weight,48.0,15.56,0.9223
alcohol,醇类,methanol,甲醇,CH3OH,32.04186,weight,49.0,15.56,0.9204
alcohol,醇类,methanol,甲醇,CH3OH,32.04186,weight,50.0,15.56,0.9185
alcohol,醇类,methanol,甲醇,CH3OH,32.04186,weight,51.0,15.56,0.9166
alcohol,醇类,methanol,甲醇,CH3OH,32.04186,weight,52.0,15.56,0.9146
alcohol,醇类,methanol,甲醇,CH3OH,32.04186,weight,53.0,15.56,0.9126
alcohol,醇类,methanol,甲醇,CH3OH,32.04186,weight,54.0,15.56,0.9106
alcohol,醇类,methanol,甲醇,CH3OH,32.04186,weight,55.0,15.56,0.9086
alcohol,醇类,methanol,甲醇,CH3OH,32.04186,weight,56.0,15.56,0.9065
alcohol,醇类,methanol,甲醇,CH3OH,32.04186,weight,57.0,15.56,0.9045
alcohol,醇类,methanol,甲醇,CH3OH,32.04186,weight,58.0,15.56,0.9024
alcohol,醇类,methanol,甲醇,CH3OH,32.04186,weight,59.0,15.56,0.9002
alcohol,醇类,methanol,甲醇,CH3OH,32.04186,weight,60.0,15.56,0.898
alcohol,醇类,methanol,甲醇,CH3OH,32.04186,weight,61.0,15.56,0.8958
alcohol,醇类,methanol,甲醇,CH3OH,32.04186,weight,62.0,15.56,0.8936
alcohol,醇类,methanol,甲醇,CH3OH,32.04186,weight,63.0,15.56,0.8913
alcohol,醇类,methanol,甲醇,CH3OH,32.04186,weight,64.0,15.56,0.889
alcohol,醇类,methanol,甲醇,CH3OH,32.04186,weight,65.0,15.56,0.8867
alcohol,醇类,methanol,甲醇,CH3OH,32.04186,weight,66.0,15.56,0.8844
alcohol,醇类,methanol,甲醇,CH3OH,32.04186,weight,67.0,15.56,0.882
alcohol,醇类,methanol,甲醇,CH3OH,32.04186,weight,68.0,15.56,0.8797
alcohol,醇类,methanol,甲醇,CH3OH,32.04186,weight,69.0,15.56,0.8771
alcohol,醇类,methanol,甲醇,CH3OH,32.04186,weight,70.0,15.56,0.8748
alcohol,醇类,methanol,甲醇,CH3OH,32.04186,weight,71.0,15.56,0.8726
alcohol,醇类,methanol,甲醇,CH3OH,32.04186,weight,72.0,15.56,0.8702
alcohol,醇类,methanol,甲醇,CH3OH,32.04186,weight,73.0,15.56,0.8678
alcohol,醇类,methanol,甲醇,CH3OH,32.04186,weight,74.0,15.56,0.8653
alcohol,醇类,methanol,甲醇,CH3OH,32.04186,weight,75.0,15.56,0.8629
alcohol,醇类,methanol,甲醇,CH3OH,32.04186,weight,76.0,15.56,0.8604
alcohol,醇类,methanol,甲醇,CH3OH,32.04186,weight,77.0,15.56,0.8579
alcohol,醇类,methanol,甲醇,CH3OH,32.04186,weight,78.0,15.56,0.8554
alcohol,醇类,methanol,甲醇,CH3OH,32.04186,weight,79.0,15.56,0.8529
alcohol,醇类,methanol,甲醇,CH3OH,32.04186,weight,80.0,15.56,0.8503
alcohol,醇类,methanol,甲醇,CH3OH,32.04186,weight,81.0,15.56,0.8478
alcohol,醇类,methanol,甲醇,CH3OH,32.04186,weight,82.0,15.56,0.8452
alcohol,醇类,methanol,甲醇,CH3OH,32.04186,weight,83.0,15.56,0.8426
alcohol,醇类,methanol,甲醇,CH3OH,32.04186,weight,84.0,15.56,0.84
alcohol,醇类,methanol,甲醇,CH3OH,32.04186,weight,85.0,15.56,0.8374
alcohol,醇类,methanol,甲醇,CH3OH,32.04186,weight,86.0,15.56,0.8347
alcohol,醇类,methanol,甲醇,CH3OH,32.04186,weight,87.0,15.56,0.832
alcohol,醇类,methanol,甲醇,CH3OH,32.04186,weight,88.0,15.56,0.8294
alcohol,醇类,methanol,甲醇,CH3OH,32.04186,weight,89.0,15.56,0.8267
alcohol,醇类,methanol,甲醇,CH3OH,32.04186,weight,90.0,15.56,0.8239
alcohol,醇类,methanol,甲醇,CH3OH,32.04186,weight,91.0,15.56,0.8212
alcohol,醇类,methanol,甲醇,CH3OH,32.04186,weight,92.0,15.56,0.8185
alcohol,醇类,methanol,甲醇,CH3OH,32.04186,weight,93.0,15.56,0.8157
alcohol,醇类,methanol,甲醇,CH3OH,32.04186,weight,94.0,15.56,0.8129
alcohol,醇类,methanol,甲醇,CH3OH,32.04186,weight,95.0,15.56,0.8101
alcohol,醇类,methanol,甲醇,CH3OH,32.04186,weight,96.0,15.56,0.8073
alcohol,醇类,methanol,甲醇,CH3OH,32.04186,weight,97.0,15.56,0.8045
alcohol,醇类,methanol,甲醇,CH3OH,32.04186,weight,98.0,15.56,0.8016
alcohol,醇类,methanol,甲醇,CH3OH,32.04186,weight,99.0,15.56,0.7987
alcohol,醇类,methanol,甲醇,CH3OH,32.04186,weight,100.0,15.56,0.7959
alcohol,醇类,methanol,甲醇,CH3OH,32.04186,weight,0.0,20.0,0.9982063
alcohol,醇类,methanol,甲醇,CH3OH,32.04186,weight,1.0,20.0,0.9965
alcohol,醇类,methanol,甲醇,CH3OH,32.04186,weight,2.0,20.0,0.9948
alcohol,醇类,methanol,甲醇,CH3OH,32.04186,weight,3.0,20.0,0.9931
alcohol,醇类,methanol,甲醇,CH3OH,32.04186,weight,4.0,20.0,0.9914
alcohol,醇类,methanol,甲醇,CH3OH,32.04186,weight,5.0,20.0,0.9896
alcohol,醇类,methanol,甲醇,CH3OH,32.04186,weight,6.0,20.0,0.988
alcohol,醇类,methanol,甲醇,CH3OH,32.04186,weight,7.0,20.0,0.9863
alcohol,醇类,methanol,甲醇,CH3OH,32.04186,weight,8.0,20.0,0.9847
alcohol,醇类,methanol,甲醇,CH3OH,32.04186,weight,9.0,20.0,0.9831
alcohol,醇类,methanol,甲醇,CH3OH,32.04186,weight,10.0,20.0,0.9815
alcohol,醇类,methanol,甲醇,CH3OH,32.04186,weight,11.0,20.0,0.9799
alcohol,醇类,methanol,甲醇,CH3OH,32.04186,weight,12.0,20.0,0.9784
alcohol,醇类,methanol,甲醇,CH3OH,32.04186,weight,13.0,20.0,0.9768
alcohol,醇类,methanol,甲醇,CH3OH,32.04186,weight,14.0,20.0,0.9754
alcohol,醇类,methanol,甲醇,CH3OH,32.04186,weight,15.0,20.0,0.974
alcohol,醇类,methanol,甲醇,CH3OH,32.04186,weight,16.0,20.0,0.9725
alcohol,醇类,methanol,甲醇,CH3OH,32.04186,weight,17.0,20.0,0.971
alcohol,醇类,methanol,甲醇,CH3OH,32.04186,weight,18.0,20.0,0.9696
alcohol,醇类,methanol,甲醇,CH3OH,32.04186,weight,19.0,20.0,0.9681
alcohol,醇类,methanol,甲醇,CH3OH,32.04186,weight,20.0,20.0,0.9666
alcohol,醇类,methanol,甲醇,CH3OH,32.04186,weight,21.0,20.0,0.9651
alcohol,醇类,methanol,甲醇,CH3OH,32.04186,weight,22.0,20.0,0.9636
alcohol,醇类,methanol,甲醇,CH3OH,32.04186,weight,23.0,20.0,0.9622
alcohol,醇类,methanol,甲醇,CH3OH,32.04186,weight,24.0,20.0,0.9607
alcohol,醇类,methanol,甲醇,CH3OH,32.04186,weight,25.0,20.0,0.9592
alcohol,醇类,methanol,甲醇,CH3OH,32.04186,weight,26.0,20.0,0.9576
alcohol,醇类,methanol,甲醇,CH3OH,32.04186,weight,27.0,20.0,0.9562
alcohol,醇类,methanol,甲醇,CH3OH,32.04186,weight,28.0,20.0,0.9546
alcohol,醇类,methanol,甲醇,CH3OH,32.04186,weight,29.0,20.0,0.9531
alcohol,醇类,methanol,甲醇,CH3OH,32.04186,weight,30.0,20.0,0.9515
alcohol,醇类,methanol,甲醇,CH3OH,32.04186,weight,31.0,20.0,0.9499
alcohol,醇类,methanol,甲醇,CH3OH,32.04186,weight,32.0,20.0,0.9483
alcohol,醇类,methanol,甲醇,CH3OH,32.04186,weight,33.0,20.0,0.9466
alcohol,醇类,methanol,甲醇,CH3OH,32.04186,weight,34.0,20.0,0.945
alcohol,醇类,methanol,甲醇,CH3OH,32.04186,weight,35.0,20.0,0.9433
alcohol,醇类,methanol,甲醇,CH3OH,32.04186,weight,36.0,20.0,0.9416
alcohol,醇类,methanol,甲醇,CH3OH,32.04186,weight,37.0,20.0,0.9398
alcohol,醇类,methanol,甲醇,CH3OH,32.04186,weight,38.0,20.0,0.9381
alcohol,醇类,methanol,甲醇,CH3OH,32.04186,weight,39.0,20.0,0.9363
alcohol,醇类,methanol,甲醇,CH3OH,32.04186,weight,40.0,20.0,0.9345
alcohol,醇类,methanol,甲醇,CH3OH,32.04186,weight,41.0,20.0,0.9327
alcohol,醇类,methanol,甲醇,CH3OH,32.04186,weight,42.0,20.0,0.9309
alcohol,醇类,methanol,甲醇,CH3OH,32.04186,weight,43.0,20.0,0.929
alcohol,醇类,methanol,甲醇,CH3OH,32.04186,weight,44.0,20.0,0.9272
alcohol,醇类,methanol,甲醇,CH3OH,32.04186,weight,45.0,20.0,0.9252
alcohol,醇类,methanol,甲醇,CH3OH,32.04186,weight,46.0,20.0,0.9234
alcohol,醇类,methanol,甲醇,CH3OH,32.04186,weight,47.0,20.0,0.9214
alcohol,醇类,methanol,甲醇,CH3OH,32.04186,weight,48.0,20.0,0.9196
alcohol,醇类,methanol,甲醇,CH3OH,32.04186,weight,49.0,20.0,0.9176
alcohol,醇类,methanol,甲醇,CH3OH,32.04186,weight,50.0,20.0,0.9156
alcohol,醇类,methanol,甲醇,CH3OH,32.04186,weight,51.0,20.0,0.9135
alcohol,醇类,methanol,甲醇,CH3OH,32.04186,weight,52.0,20.0,0.9114
alcohol,醇类,methanol,甲醇,CH3OH,32.04186,weight,53.0,20.0,0.9094
alcohol,醇类,methanol,甲醇,CH3OH,32.04186,weight,54.0,20.0,0.9073
alcohol,醇类,methanol,甲醇,CH3OH,32.04186,weight,55.0,20.0,0.9052
alcohol,醇类,methanol,甲醇,CH3OH,32.04186,weight,56.0,20.0,0.9032
alcohol,醇类,methanol,甲醇,CH3OH,32.04186,weight,57.0,20.0,0.901
alcohol,醇类,methanol,甲醇,CH3OH,32.04186,weight,58.0,20.0,0.8988
alcohol,醇类,methanol,甲醇,CH3OH,32.04186,weight,59.0,20.0,0.8968
alcohol,醇类,methanol,甲醇,CH3OH,32.04186,weight,60.0,20.0,0.8946
alcohol,醇类,methanol,甲醇,CH3OH,32.04186,weight,61.0,20.0,0.8924
alcohol,醇类,methanol,甲醇,CH3OH,32.04186,weight,62.0,20.0,0.8902
alcohol,醇类,methanol,甲醇,CH3OH,32.04186,weight,63.0,20.0,0.8879
alcohol,醇类,methanol,甲醇,CH3OH,32.04186,weight,64.0,20.0,0.8856
alcohol,醇类,methanol,甲醇,CH3OH,32.04186,weight,65.0,20.0,0.8834
alcohol,醇类,methanol,甲醇,CH3OH,32.04186,weight,66.0,20.0,0.8811
alcohol,醇类,methanol,甲醇,CH3OH,32.04186,weight,67.0,20.0,0.8787
alcohol,醇类,methanol,甲醇,CH3OH,32.04186,weight,68.0,20.0,0.8763
alcohol,醇类,methanol,甲醇,CH3OH,32.04186,weight,69.0,20.0,0.8738
alcohol,醇类,methanol,甲醇,CH3OH,32.04186,weight,70.0,20.0,0.8715
alcohol,醇类,methanol,甲醇,CH3OH,32.04186,weight,71.0,20.0,0.869
alcohol,醇类,methanol,甲醇,CH3OH,32.04186,weight,72.0,20.0,0.8665
alcohol,醇类,methanol,甲醇,CH3OH,32.04186,weight,73.0,20.0,0.8641
alcohol,醇类,methanol,甲醇,CH3OH,32.04186,weight,74.0,20.0,0.8616
alcohol,醇类,methanol,甲醇,CH3OH,32.04186,weight,75.0,20.0,0.8592
alcohol,醇类,methanol,甲醇,CH3OH,32.04186,weight,76.0,20.0,0.8567
alcohol,醇类,methanol,甲醇,CH3OH,32.04186,weight,77.0,20.0,0.8542
alcohol,醇类,methanol,甲醇,CH3OH,32.04186,weight,78.0,20.0,0.8518
alcohol,醇类,methanol,甲醇,CH3OH,32.04186,weight,79.0,20.0,0.8494
alcohol,醇类,methanol,甲醇,CH3OH,32.04186,weight,80.0,20.0,0.8469
alcohol,醇类,methanol,甲醇,CH3OH,32.04186,weight,81.0,20.0,0.8446
alcohol,醇类,methanol,甲醇,CH3OH,32.04186,weight,82.0,20.0,0.842
alcohol,醇类,methanol,甲醇,CH3OH,32.04186,weight,83.0,20.0,0.8394
alcohol,醇类,methanol,甲醇,CH3OH,32.04186,weight,84.0,20.0,0.8366
alcohol,醇类,methanol,甲醇,CH3OH,32.04186,weight,85.0,20.0,0.834
alcohol,醇类,methanol,甲醇,CH3OH,32.04186,weight,86.0,20.0,0.8314
alcohol,醇类,methanol,甲醇,CH3OH,32.04186,weight,87.0,20.0,0.8286
alcohol,醇类,methanol,甲醇,CH3OH,32.04186,weight,88.0,20.0,0.8258
alcohol,醇类,methanol,甲醇,CH3OH,32.04186,weight,89.0,20.0,0.823
alcohol,醇类,methanol,甲醇,CH3OH,32.04186,weight,90.0,20.0,0.8202
alcohol,醇类,methanol,甲醇,CH3OH,32.04186,weight,91.0,20.0,0.8174
alcohol,醇类,methanol,甲醇,CH3OH,32.04186,weight,92.0,20.0,0.8146
alcohol,醇类,methanol,甲醇,CH3OH,32.04186,weight,93.0,20.0,0.8118
alcohol,醇类,methanol,甲醇,CH3OH,32.04186,weight,94.0,20.0,0.809
alcohol,醇类,methanol,甲醇,CH3OH,32.04186,weight,95.0,20.0,0.8062
alcohol,醇类,methanol,甲醇,CH3OH,32.04186,weight,96.0,20.0,0.8034
alcohol,醇类,methanol,甲醇,CH3OH,32.04186,weight,97.0,20.0,0.8005
alcohol,醇类,methanol,甲醇,CH3OH,32.04186,weight,98.0,20.0,0.7976
alcohol,醇类,methanol,甲醇,CH3OH,32.04186,weight,99.0,20.0,0.7948
alcohol,醇类,methanol,甲醇,CH3OH,32.04186,weight,100.0,20.0,0.7917
alcohol,醇类,methanol,甲醇,CH3OH,32.04186,volume,0,0.0,0.99984283
alcohol,醇类,methanol,甲醇,CH3OH,32.04186,volume,1.253,0.0,0.9981
alcohol,醇类,methanol,甲醇,CH3OH,32.04186,volume,2.502,0.0,0.9963
alcohol,醇类,methanol,甲醇,CH3OH,32.04186,volume,3.746,0.0,0.9946
alcohol,醇类,methanol,甲醇,CH3OH,32.04186,volume,4.986,0.0,0.993
alcohol,醇类,methanol,甲醇,CH3OH,32.04186,volume,6.222,0.0,0.9914
alcohol,醇类,methanol,甲醇,CH3OH,32.04186,volume,7.454,0.0,0.9899
alcohol,醇类,methanol,甲醇,CH3OH,32.04186,volume,8.682,0.0,0.9884
alcohol,醇类,methanol,甲醇,CH3OH,32.04186,volume,9.907,0.0,0.987
alcohol,醇类,methanol,甲醇,CH3OH,32.04186,volume,11.128,0.0,0.9856
alcohol,醇类,methanol,甲醇,CH3OH,32.04186,volume,12.345,0.0,0.9842
alcohol,醇类,methanol,甲醇,CH3OH,32.04186,volume,13.559,0.0,0.9829
alcohol,醇类,methanol,甲醇,CH3OH,32.04186,volume,14.77,0.0,0.9816
alcohol,醇类,methanol,甲醇,CH3OH,32.04186,volume,15.977,0.0,0.9804
alcohol,醇类,methanol,甲醇,CH3OH,32.04186,volume,17.181,0.0,0.9792
alcohol,醇类,methanol,甲醇,CH3OH,32.04186,volume,18.382,0.0,0.978
alcohol,醇类,methanol,甲醇,CH3OH,32.04186,volume,19.579,0.0,0.9769
alcohol,醇类,methanol,甲醇,CH3OH,32.04186,volume,20.773,0.0,0.9758
alcohol,醇类,methanol,甲醇,CH3OH,32.04186,volume,21.963,0.0,0.9747
alcohol,醇类,methanol,甲醇,CH3OH,32.04186,volume,23.149,0.0,0.9736
alcohol,醇类,methanol,甲醇,CH3OH,32.04186,volume,24.332,0.0,0.9725
alcohol,醇类,methanol,甲醇,CH3OH,32.04186,volume,25.512,0.0,0.9714
alcohol,醇类,methanol,甲醇,CH3OH,32.04186,volume,26.688,0.0,0.9702
alcohol,醇类,methanol,甲醇,CH3OH,32.04186,volume,27.86,0.0,0.969
alcohol,醇类,methanol,甲醇,CH3OH,32.04186,volume,29.029,0.0,0.9678
alcohol,醇类,methanol,甲醇,CH3OH,32.04186,volume,30.193,0.0,0.9666
alcohol,醇类,methanol,甲醇,CH3OH,32.04186,volume,31.354,0.0,0.9654
alcohol,醇类,methanol,甲醇,CH3OH,32.04186,volume,32.51,0.0,0.9642
alcohol,醇类,methanol,甲醇,CH3OH,32.04186,volume,33.662,0.0,0.9629
alcohol,醇类,methanol,甲醇,CH3OH,32.04186,volume,34.809,0.0,0.9616
alcohol,醇类,methanol,甲醇,CH3OH,32.04186,volume,35.952,0.0,0.9604
alcohol,醇类,methanol,甲醇,CH3OH,32.04186,volume,37.091,0.0,0.959
alcohol,醇类,methanol,甲醇,CH3OH,32.04186,volume,38.224,0.0,0.9576
alcohol,醇类,methanol,甲醇,CH3OH,32.04186,volume,39.352,0.0,0.9563
alcohol,醇类,methanol,甲醇,CH3OH,32.04186,volume,40.476,0.0,0.9549
alcohol,醇类,methanol,甲醇,CH3OH,32.04186,volume,41.594,0.0,0.9534
alcohol,醇类,methanol,甲醇,CH3OH,32.04186,volume,42.708,0.0,0.952
alcohol,醇类,methanol,甲醇,CH3OH,32.04186,volume,43.816,0.0,0.9505
alcohol,醇类,methanol,甲醇,CH3OH,32.04186,volume,44.919,0.0,0.949
alcohol,醇类,methanol,甲醇,CH3OH,32.04186,volume,46.016,0.0,0.9475
alcohol,醇类,methanol,甲醇,CH3OH,32.04186,volume,47.109,0.0,0.9459
alcohol,醇类,methanol,甲醇,CH3OH,32.04186,volume,48.195,0.0,0.9443
alcohol,醇类,methanol,甲醇,CH3OH,32.04186,volume,49.277,0.0,0.9427
alcohol,醇类,methanol,甲醇,CH3OH,32.04186,volume,50.353,0.0,0.9411
alcohol,醇类,methanol,甲醇,CH3OH,32.04186,volume,51.422,0.0,0.9395
alcohol,醇类,methanol,甲醇,CH3OH,32.04186,volume,52.486,0.0,0.9377
alcohol,醇类,methanol,甲醇,CH3OH,32.04186,volume,53.544,0.0,0.936
alcohol,醇类,methanol,甲醇,CH3OH,32.04186,volume,54.595,0.0,0.9342
alcohol,醇类,methanol,甲醇,CH3OH,32.04186,volume,55.639,0.0,0.9324
alcohol,醇类,methanol,甲醇,CH3OH,32.04186,volume,56.678,0.0,0.9306
alcohol,醇类,methanol,甲醇,CH3OH,32.04186,volume,57.712,0.0,0.9287
alcohol,醇类,methanol,甲醇,CH3OH,32.04186,volume,58.739,0.0,0.9269
alcohol,醇类,methanol,甲醇,CH3OH,32.04186,volume,59.759,0.0,0.925
alcohol,醇类,methanol,甲醇,CH3OH,32.04186,volume,60.773,0.0,0.923
alcohol,醇类,methanol,甲醇,CH3OH,32.04186,volume,61.781,0.0,0.9211
alcohol,醇类,methanol,甲醇,CH3OH,32.04186,volume,62.783,0.0,0.9191
alcohol,醇类,methanol,甲醇,CH3OH,32.04186,volume,63.778,0.0,0.9172
alcohol,醇类,methanol,甲醇,CH3OH,32.04186,volume,64.767,0.0,0.9151
alcohol,醇类,methanol,甲醇,CH3OH,32.04186,volume,65.75,0.0,0.9131
alcohol,醇类,methanol,甲醇,CH3OH,32.04186,volume,66.725,0.0,0.9111
alcohol,醇类,methanol,甲醇,CH3OH,32.04186,volume,67.693,0.0,0.909
alcohol,醇类,methanol,甲醇,CH3OH,32.04186,volume,68.654,0.0,0.9068
alcohol,醇类,methanol,甲醇,CH3OH,32.04186,volume,69.607,0.0,0.9046
alcohol,醇类,methanol,甲醇,CH3OH,32.04186,volume,70.552,0.0,0.9024
alcohol,醇类,methanol,甲醇,CH3OH,32.04186,volume,71.49,0.0,0.9002
alcohol,醇类,methanol,甲醇,CH3OH,32.04186,volume,72.42,0.0,0.898
alcohol,醇类,methanol,甲醇,CH3OH,32.04186,volume,73.344,0.0,0.8958
alcohol,醇类,methanol,甲醇,CH3OH,32.04186,volume,74.262,0.0,0.8935
alcohol,醇类,methanol,甲醇,CH3OH,32.04186,volume,75.172,0.0,0.8913
alcohol,醇类,methanol,甲醇,CH3OH,32.04186,volume,76.077,0.0,0.8891
alcohol,醇类,methanol,甲醇,CH3OH,32.04186,volume,76.976,0.0,0.8869
alcohol,醇类,methanol,甲醇,CH3OH,32.04186,volume,77.864,0.0,0.8847
alcohol,醇类,methanol,甲醇,CH3OH,32.04186,volume,78.746,0.0,0.8824
alcohol,醇类,methanol,甲醇,CH3OH,32.04186,volume,79.618,0.0,0.8801
alcohol,醇类,methanol,甲醇,CH3OH,32.04186,volume,80.48,0.0,0.8778
alcohol,醇类,methanol,甲醇,CH3OH,32.04186,volume,81.336,0.0,0.8754
alcohol,醇类,methanol,甲醇,CH3OH,32.04186,volume,82.182,0.0,0.8729
alcohol,醇类,methanol,甲醇,CH3OH,32.04186,volume,83.022,0.0,0.8705
alcohol,醇类,methanol,甲醇,CH3OH,32.04186,volume,83.855,0.0,0.868
alcohol,醇类,methanol,甲醇,CH3OH,32.04186,volume,84.68,0.0,0.8657
alcohol,醇类,methanol,甲醇,CH3OH,32.04186,volume,85.499,0.0,0.8634
alcohol,醇类,methanol,甲醇,CH3OH,32.04186,volume,86.31,0.0,0.861
alcohol,醇类,methanol,甲醇,CH3OH,32.04186,volume,87.11,0.0,0.8585
alcohol,醇类,methanol,甲醇,CH3OH,32.04186,volume,87.899,0.0,0.856
alcohol,醇类,methanol,甲醇,CH3OH,32.04186,volume,88.677,0.0,0.8535
alcohol,醇类,methanol,甲醇,CH3OH,32.04186,volume,89.448,0.0,0.851
alcohol,醇类,methanol,甲醇,CH3OH,32.04186,volume,90.212,0.0,0.8483
alcohol,醇类,methanol,甲醇,CH3OH,32.04186,volume,90.968,0.0,0.8456
alcohol,醇类,methanol,甲醇,CH3OH,32.04186,volume,91.716,0.0,0.8428
alcohol,醇类,methanol,甲醇,CH3OH,32.04186,volume,92.456,0.0,0.84
alcohol,醇类,methanol,甲醇,CH3OH,32.04186,volume,93.188,0.0,0.8374
alcohol,醇类,methanol,甲醇,CH3OH,32.04186,volume,93.912,0.0,0.8347
alcohol,醇类,methanol,甲醇,CH3OH,32.04186,volume,94.627,0.0,0.832
alcohol,醇类,methanol,甲醇,CH3OH,32.04186,volume,95.326,0.0,0.8293
alcohol,醇类,methanol,甲醇,CH3OH,32.04186,volume,96.017,0.0,0.8266
alcohol,醇类,methanol,甲醇,CH3OH,32.04186,volume,96.697,0.0,0.824
alcohol,醇类,methanol,甲醇,CH3OH,32.04186,volume,97.37,0.0,0.8212
alcohol,醇类,methanol,甲醇,CH3OH,32.04186,volume,98.036,0.0,0.8186
alcohol,醇类,methanol,甲醇,CH3OH,32.04186,volume,98.696,0.0,0.8158
alcohol,醇类,methanol,甲醇,CH3OH,32.04186,volume,99.351,0.0,0.813
alcohol,醇类,methanol,甲醇,CH3OH,32.04186,volume,100,0.0,0.8102
alcohol,醇类,methanol,甲醇,CH3OH,32.04186,volume,0,10.0,0.9997021
alcohol,醇类,methanol,甲醇,CH3OH,32.04186,volume,1.253,10.0,0.998
alcohol,醇类,methanol,甲醇,CH3OH,32.04186,volume,2.502,10.0,0.9962
alcohol,醇类,methanol,甲醇,CH3OH,32.04186,volume,3.746,10.0,0.9945
alcohol,醇类,methanol,甲醇,CH3OH,32.04186,volume,4.986,10.0,0.9929
alcohol,醇类,methanol,甲醇,CH3OH,32.04186,volume,6.222,10.0,0.9912
alcohol,醇类,methanol,甲醇,CH3OH,32.04186,volume,7.454,10.0,0.9896
alcohol,醇类,methanol,甲醇,CH3OH,32.04186,volume,8.682,10.0,0.9881
alcohol,醇类,methanol,甲醇,CH3OH,32.04186,volume,9.907,10.0,0.9865
alcohol,醇类,methanol,甲醇,CH3OH,32.04186,volume,11.128,10.0,0.9849
alcohol,醇类,methanol,甲醇,CH3OH,32.04186,volume,12.345,10.0,0.9834
alcohol,醇类,methanol,甲醇,CH3OH,32.04186,volume,13.559,10.0,0.982
alcohol,醇类,methanol,甲醇,CH3OH,32.04186,volume,14.77,10.0,0.9805
alcohol,醇类,methanol,甲醇,CH3OH,32.04186,volume,15.977,10.0,0.9791
alcohol,醇类,methanol,甲醇,CH3OH,32.04186,volume,17.181,10.0,0.9778
alcohol,醇类,methanol,甲醇,CH3OH,32.04186,volume,18.382,10.0,0.9764
alcohol,醇类,methanol,甲醇,CH3OH,32.04186,volume,19.579,10.0,0.9751
alcohol,醇类,methanol,甲醇,CH3OH,32.04186,volume,20.773,10.0,0.9739
alcohol,醇类,methanol,甲醇,CH3OH,32.04186,volume,21.963,10.0,0.9726
alcohol,醇类,methanol,甲醇,CH3OH,32.04186,volume,23.149,10.0,0.9713
alcohol,醇类,methanol,甲醇,CH3OH,32.04186,volume,24.332,10.0,0.97
alcohol,醇类,methanol,甲醇,CH3OH,32.04186,volume,25.512,10.0,0.9687
alcohol,醇类,methanol,甲醇,CH3OH,32.04186,volume,26.688,10.0,0.9673
alcohol,醇类,methanol,甲醇,CH3OH,32.04186,volume,27.86,10.0,0.966
alcohol,醇类,methanol,甲醇,CH3OH,32.04186,volume,29.029,10.0,0.9646
alcohol,醇类,methanol,甲醇,CH3OH,32.04186,volume,30.193,10.0,0.9632
alcohol,醇类,methanol,甲醇,CH3OH,32.04186,volume,31.354,10.0,0.9618
alcohol,醇类,methanol,甲醇,CH3OH,32.04186,volume,32.51,10.0,0.9604
alcohol,醇类,methanol,甲醇,CH3OH,32.04186,volume,33.662,10.0,0.959
alcohol,醇类,methanol,甲醇,CH3OH,32.04186,volume,34.809,10.0,0.9575
alcohol,醇类,methanol,甲醇,CH3OH,32.04186,volume,35.952,10.0,0.956
alcohol,醇类,methanol,甲醇,CH3OH,32.04186,volume,37.091,10.0,0.9546
alcohol,醇类,methanol,甲醇,CH3OH,32.04186,volume,38.224,10.0,0.9531
alcohol,醇类,methanol,甲醇,CH3OH,32.04186,volume,39.352,10.0,0.9516
alcohol,醇类,methanol,甲醇,CH3OH,32.04186,volume,40.476,10.0,0.95
alcohol,醇类,methanol,甲醇,CH3OH,32.04186,volume,41.594,10.0,0.9484
alcohol,醇类,methanol,甲醇,CH3OH,32.04186,volume,42.708,10.0,0.9469
alcohol,醇类,methanol,甲醇,CH3OH,32.04186,volume,43.816,10.0,0.9453
alcohol,醇类,methanol,甲醇,CH3OH,32.04186,volume,44.919,10.0,0.9437
alcohol,醇类,methanol,甲醇,CH3OH,32.04186,volume,46.016,10.0,0.942
alcohol,醇类,methanol,甲醇,CH3OH,32.04186,volume,47.109,10.0,0.9403
alcohol,醇类,methanol,甲醇,CH3OH,32.04186,volume,48.195,10.0,0.9387
alcohol,醇类,methanol,甲醇,CH3OH,32.04186,volume,49.277,10.0,0.937
alcohol,醇类,methanol,甲醇,CH3OH,32.04186,volume,50.353,10.0,0.9352
alcohol,醇类,methanol,甲醇,CH3OH,32.04186,volume,51.422,10.0,0.9334
alcohol,醇类,methanol,甲醇,CH3OH,32.04186,volume,52.486,10.0,0.9316
alcohol,醇类,methanol,甲醇,CH3OH,32.04186,volume,53.544,10.0,0.9298
alcohol,醇类,methanol,甲醇,CH3OH,32.04186,volume,54.595,10.0,0.9279
alcohol,醇类,methanol,甲醇,CH3OH,32.04186,volume,55.639,10.0,0.926
alcohol,醇类,methanol,甲醇,CH3OH,32.04186,volume,56.678,10.0,0.924
alcohol,醇类,methanol,甲醇,CH3OH,32.04186,volume,57.712,10.0,0.9221
alcohol,醇类,methanol,甲醇,CH3OH,32.04186,volume,58.739,10.0,0.9202
alcohol,醇类,methanol,甲醇,CH3OH,32.04186,volume,59.759,10.0,0.9182
alcohol,醇类,methanol,甲醇,CH3OH,32.04186,volume,60.773,10.0,0.9162
alcohol,醇类,methanol,甲醇,CH3OH,32.04186,volume,61.781,10.0,0.9142
alcohol,醇类,methanol,甲醇,CH3OH,32.04186,volume,62.783,10.0,0.9122
alcohol,醇类,methanol,甲醇,CH3OH,32.04186,volume,63.778,10.0,0.9101
alcohol,醇类,methanol,甲醇,CH3OH,32.04186,volume,64.767,10.0,0.908
alcohol,醇类,methanol,甲醇,CH3OH,32.04186,volume,65.75,10.0,0.906
alcohol,醇类,methanol,甲醇,CH3OH,32.04186,volume,66.725,10.0,0.9039
alcohol,醇类,methanol,甲醇,CH3OH,32.04186,volume,67.693,10.0,0.9018
alcohol,醇类,methanol,甲醇,CH3OH,32.04186,volume,68.654,10.0,0.8998
alcohol,醇类,methanol,甲醇,CH3OH,32.04186,volume,69.607,10.0,0.8977
alcohol,醇类,methanol,甲醇,CH3OH,32.04186,volume,70.552,10.0,0.8955
alcohol,醇类,methanol,甲醇,CH3OH,32.04186,volume,71.49,10.0,0.8933
alcohol,醇类,methanol,甲醇,CH3OH,32.04186,volume,72.42,10.0,0.8911
alcohol,醇类,methanol,甲醇,CH3OH,32.04186,volume,73.344,10.0,0.8888
alcohol,醇类,methanol,甲醇,CH3OH,32.04186,volume,74.262,10.0,0.8865
alcohol,醇类,methanol,甲醇,CH3OH,32.04186,volume,75.172,10.0,0.8842
alcohol,醇类,methanol,甲醇,CH3OH,32.04186,volume,76.077,10.0,0.8818
alcohol,醇类,methanol,甲醇,CH3OH,32.04186,volume,76.976,10.0,0.8794
alcohol,醇类,methanol,甲醇,CH3OH,32.04186,volume,77.864,10.0,0.877
alcohol,醇类,methanol,甲醇,CH3OH,32.04186,volume,78.746,10.0,0.8747
alcohol,醇类,methanol,甲醇,CH3OH,32.04186,volume,79.618,10.0,0.8724
alcohol,醇类,methanol,甲醇,CH3OH,32.04186,volume,80.48,10.0,0.8699
alcohol,醇类,methanol,甲醇,CH3OH,32.04186,volume,81.336,10.0,0.8676
alcohol,醇类,methanol,甲醇,CH3OH,32.04186,volume,82.182,10.0,0.8651
alcohol,醇类,methanol,甲醇,CH3OH,32.04186,volume,83.022,10.0,0.8626
alcohol,醇类,methanol,甲醇,CH3OH,32.04186,volume,83.855,10.0,0.8602
alcohol,醇类,methanol,甲醇,CH3OH,32.04186,volume,84.68,10.0,0.8577
alcohol,醇类,methanol,甲醇,CH3OH,32.04186,volume,85.499,10.0,0.8551
alcohol,醇类,methanol,甲醇,CH3OH,32.04186,volume,86.31,10.0,0.8527
alcohol,醇类,methanol,甲醇,CH3OH,32.04186,volume,87.11,10.0,0.8501
alcohol,醇类,methanol,甲醇,CH3OH,32.04186,volume,87.899,10.0,0.8475
alcohol,醇类,methanol,甲醇,CH3OH,32.04186,volume,88.677,10.0,0.8449
alcohol,醇类,methanol,甲醇,CH3OH,32.04186,volume,89.448,10.0,0.8422
alcohol,醇类,methanol,甲醇,CH3OH,32.04186,volume,90.212,10.0,0.8394
alcohol,醇类,methanol,甲醇,CH3OH,32.04186,volume,90.968,10.0,0.8367
alcohol,醇类,methanol,甲醇,CH3OH,32.04186,volume,91.716,10.0,0.834
alcohol,醇类,methanol,甲醇,CH3OH,32.04186,volume,92.456,10.0,0.8314
alcohol,醇类,methanol,甲醇,CH3OH,32.04186,volume,93.188,10.0,0.8287
alcohol,醇类,methanol,甲醇,CH3OH,32.04186,volume,93.912,10.0,0.8261
alcohol,醇类,methanol,甲醇,CH3OH,32.04186,volume,94.627,10.0,0.8234
alcohol,醇类,methanol,甲醇,CH3OH,32.04186,volume,95.326,10.0,0.8208
alcohol,醇类,methanol,甲醇,CH3OH,32.04186,volume,96.017,10.0,0.818
alcohol,醇类,methanol,甲醇,CH3OH,32.04186,volume,96.697,10.0,0.8152
alcohol,醇类,methanol,甲醇,CH3OH,32.04186,volume,97.37,10.0,0.8124
alcohol,醇类,methanol,甲醇,CH3OH,32.04186,volume,98.036,10.0,0.8096
alcohol,醇类,methanol,甲醇,CH3OH,32.04186,volume,98.696,10.0,0.8068
alcohol,醇类,methanol,甲醇,CH3OH,32.04186,volume,99.351,10.0,0.804
alcohol,醇类,methanol,甲醇,CH3OH,32.04186,volume,100,10.0,0.8009
alcohol,醇类,methanol,甲醇,CH3OH,32.04186,volume,0,15.56,0.9990153
alcohol,醇类,methanol,甲醇,CH3OH,32.04186,volume,1.253,15.56,0.9973
alcohol,醇类,methanol,甲醇,CH3OH,32.04186,volume,2.502,15.56,0.9955
alcohol,醇类,methanol,甲醇,CH3OH,32.04186,volume,3.746,15.56,0.9938
alcohol,醇类,methanol,甲醇,CH3OH,32.04186,volume,4.986,15.56,0.9921
alcohol,醇类,methanol,甲醇,CH3OH,32.04186,volume,6.222,15.56,0.9904
alcohol,醇类,methanol,甲醇,CH3OH,32.04186,volume,7.454,15.56,0.9889
alcohol,醇类,methanol,甲醇,CH3OH,32.04186,volume,8.682,15.56,0.9872
alcohol,醇类,methanol,甲醇,CH3OH,32.04186,volume,9.907,15.56,0.9857
alcohol,醇类,methanol,甲醇,CH3OH,32.04186,volume,11.128,15.56,0.9841
alcohol,醇类,methanol,甲醇,CH3OH,32.04186,volume,12.345,15.56,0.9826
alcohol,醇类,methanol,甲醇,CH3OH,32.04186,volume,13.559,15.56,0.9811
alcohol,醇类,methanol,甲醇,CH3OH,32.04186,volume,14.77,15.56,0.9796
alcohol,醇类,methanol,甲醇,CH3OH,32.04186,volume,15.977,15.56,0.9781
alcohol,醇类,methanol,甲醇,CH3OH,32.04186,volume,17.181,15.56,0.9766
alcohol,醇类,methanol,甲醇,CH3OH,32.04186,volume,18.382,15.56,0.9752
alcohol,醇类,methanol,甲醇,CH3OH,32.04186,volume,19.579,15.56,0.9738
alcohol,醇类,methanol,甲醇,CH3OH,32.04186,volume,20.773,15.56,0.9723
alcohol,醇类,methanol,甲醇,CH3OH,32.04186,volume,21.963,15.56,0.9709
alcohol,醇类,methanol,甲醇,CH3OH,32.04186,volume,23.149,15.56,0.9695
alcohol,醇类,methanol,甲醇,CH3OH,32.04186,volume,24.332,15.56,0.968
alcohol,醇类,methanol,甲醇,CH3OH,32.04186,volume,25.512,15.56,0.9666
alcohol,醇类,methanol,甲醇,CH3OH,32.04186,volume,26.688,15.56,0.9652
alcohol,醇类,methanol,甲醇,CH3OH,32.04186,volume,27.86,15.56,0.9638
alcohol,醇类,methanol,甲醇,CH3OH,32.04186,volume,29.029,15.56,0.9624
alcohol,醇类,methanol,甲醇,CH3OH,32.04186,volume,30.193,15.56,0.9609
alcohol,醇类,methanol,甲醇,CH3OH,32.04186,volume,31.354,15.56,0.9595
alcohol,醇类,methanol,甲醇,CH3OH,32.04186,volume,32.51,15.56,0.958
alcohol,醇类,methanol,甲醇,CH3OH,32.04186,volume,33.662,15.56,0.9565
alcohol,醇类,methanol,甲醇,CH3OH,32.04186,volume,34.809,15.56,0.955
alcohol,醇类,methanol,甲醇,CH3OH,32.04186,volume,35.952,15.56,0.9535
alcohol,醇类,methanol,甲醇,CH3OH,32.04186,volume,37.091,15.56,0.9521
alcohol,醇类,methanol,甲醇,CH3OH,32.04186,volume,38.224,15.56,0.9505
alcohol,醇类,methanol,甲醇,CH3OH,32.04186,volume,39.352,15.56,0.9489
alcohol,醇类,methanol,甲醇,CH3OH,32.04186,volume,40.476,15.56,0.9473
alcohol,醇类,methanol,甲醇,CH3OH,32.04186,volume,41.594,15.56,0.9456
alcohol,醇类,methanol,甲醇,CH3OH,32.04186,volume,42.708,15.56,0.944
alcohol,醇类,methanol,甲醇,CH3OH,32.04186,volume,43.816,15.56,0.9422
alcohol,醇类,methanol,甲醇,CH3OH,32.04186,volume,44.919,15.56,0.9405
alcohol,醇类,methanol,甲醇,CH3OH,32.04186,volume,46.016,15.56,0.9387
alcohol,醇类,methanol,甲醇,CH3OH,32.04186,volume,47.109,15.56,0.9369
alcohol,醇类,methanol,甲醇,CH3OH,32.04186,volume,48.195,15.56,0.9351
alcohol,醇类,methanol,甲醇,CH3OH,32.04186,volume,49.277,15.56,0.9333
alcohol,醇类,methanol,甲醇,CH3OH,32.04186,volume,50.353,15.56,0.9315
alcohol,醇类,methanol,甲醇,CH3OH,32.04186,volume,51.422,15.56,0.9297
alcohol,醇类,methanol,甲醇,CH3OH,32.04186,volume,52.486,15.56,0.9279
alcohol,醇类,methanol,甲醇,CH3OH,32.04186,volume,53.544,15.56,0.9261
alcohol,醇类,methanol,甲醇,CH3OH,32.04186,volume,54.595,15.56,0.9242
alcohol,醇类,methanol,甲醇,CH3OH,32.04186,volume,55.639,15.56,0.9223
alcohol,醇类,methanol,甲醇,CH3OH,32.04186,volume,56.678,15.56,0.9204
alcohol,醇类,methanol,甲醇,CH3OH,32.04186,volume,57.712,15.56,0.9185
alcohol,醇类,methanol,甲醇,CH3OH,32.04186,volume,58.739,15.56,0.9166
alcohol,醇类,methanol,甲醇,CH3OH,32.04186,volume,59.759,15.56,0.9146
alcohol,醇类,methanol,甲醇,CH3OH,32.04186,volume,60.773,15.56,0.9126
alcohol,醇类,methanol,甲醇,CH3OH,32.04186,volume,61.781,15.56,0.9106
alcohol,醇类,methanol,甲醇,CH3OH,32.04186,volume,62.783,15.56,0.9086
alcohol,醇类,methanol,甲醇,CH3OH,32.04186,volume,63.778,15.56,0.9065
alcohol,醇类,methanol,甲醇,CH3OH,32.04186,volume,64.767,15.56,0.9045
alcohol,醇类,methanol,甲醇,CH3OH,32.04186,volume,65.75,15.56,0.9024
alcohol,醇类,methanol,甲醇,CH3OH,32.04186,volume,66.725,15.56,0.9002
alcohol,醇类,methanol,甲醇,CH3OH,32.04186,volume,67.693,15.56,0.898
alcohol,醇类,methanol,甲醇,CH3OH,32.04186,volume,68.654,15.56,0.8958
alcohol,醇类,methanol,甲醇,CH3OH,32.04186,volume,69.607,15.56,0.8936
alcohol,醇类,methanol,甲醇,CH3OH,32.04186,volume,70.552,15.56,0.8913
alcohol,醇类,methanol,甲醇,CH3OH,32.04186,volume,71.49,15.56,0.889
alcohol,醇类,methanol,甲醇,CH3OH,32.04186,volume,72.42,15.56,0.8867
alcohol,醇类,methanol,甲醇,CH3OH,32.04186,volume,73.344,15.56,0.8844
alcohol,醇类,methanol,甲醇,CH3OH,32.04186,volume,74.262,15.56,0.882
alcohol,醇类,methanol,甲醇,CH3OH,32.04186,volume,75.172,15.56,0.8797
alcohol,醇类,methanol,甲醇,CH3OH,32.04186,volume,76.077,15.56,0.8771
alcohol,醇类,methanol,甲醇,CH3OH,32.04186,volume,76.976,15.56,0.8748
alcohol,醇类,methanol,甲醇,CH3OH,32.04186,volume,77.864,15.56,0.8726
alcohol,醇类,methanol,甲醇,CH3OH,32.04186,volume,78.746,15.56,0.8702
alcohol,醇类,methanol,甲醇,CH3OH,32.04186,volume,79.618,15.56,0.8678
alcohol,醇类,methanol,甲醇,CH3OH,32.04186,volume,80.48,15.56,0.8653
alcohol,醇类,methanol,甲醇,CH3OH,32.04186,volume,81.336,15.56,0.8629
alcohol,醇类,methanol,甲醇,CH3OH,32.04186,volume,82.182,15.56,0.8604
alcohol,醇类,methanol,甲醇,CH3OH,32.04186,volume,83.022,15.56,0.8579
alcohol,醇类,methanol,甲醇,CH3OH,32.04186,volume,83.855,15.56,0.8554
alcohol,醇类,methanol,甲醇,CH3OH,32.04186,volume,84.68,15.56,0.8529
alcohol,醇类,methanol,甲醇,CH3OH,32.04186,volume,85.499,15.56,0.8503
alcohol,醇类,methanol,甲醇,CH3OH,32.04186,volume,86.31,15.56,0.8478
alcohol,醇类,methanol,甲醇,CH3OH,32.04186,volume,87.11,15.56,0.8452
alcohol,醇类,methanol,甲醇,CH3OH,32.04186,volume,87.899,15.56,0.8426
alcohol,醇类,methanol,甲醇,CH3OH,32.04186,volume,88.677,15.56,0.84
alcohol,醇类,methanol,甲醇,CH3OH,32.04186,volume,89.448,15.56,0.8374
alcohol,醇类,methanol,甲醇,CH3OH,32.04186,volume,90.212,15.56,0.8347
alcohol,醇类,methanol,甲醇,CH3OH,32.04186,volume,90.968,15.56,0.832
alcohol,醇类,methanol,甲醇,CH3OH,32.04186,volume,91.716,15.56,0.8294
alcohol,醇类,methanol,甲醇,CH3OH,32.04186,volume,92.456,15.56,0.8267
alcohol,醇类,methanol,甲醇,CH3OH,32.04186,volume,93.188,15.56,0.8239
alcohol,醇类,methanol,甲醇,CH3OH,32.04186,volume,93.912,15.56,0.8212
alcohol,醇类,methanol,甲醇,CH3OH,32.04186,volume,94.627,15.56,0.8185
alcohol,醇类,methanol,甲醇,CH3OH,32.04186,volume,95.326,15.56,0.8157
alcohol,醇类,methanol,甲醇,CH3OH,32.04186,volume,96.017,15.56,0.8129
alcohol,醇类,methanol,甲醇,CH3OH,32.04186,volume,96.697,15.56,0.8101
alcohol,醇类,methanol,甲醇,CH3OH,32.04186,volume,97.37,15.56,0.8073
alcohol,醇类,methanol,甲醇,CH3OH,32.04186,volume,98.036,15.56,0.8045
alcohol,醇类,methanol,甲醇,CH3OH,32.04186,volume,98.696,15.56,0.8016
alcohol,醇类,methanol,甲醇,CH3OH,32.04186,volume,99.351,15.56,0.7987
alcohol,醇类,methanol,甲醇,CH3OH,32.04186,volume,100,15.56,0.7959
alcohol,醇类,methanol,甲醇,CH3OH,32.04186,volume,0,20.0,0.9982063
alcohol,醇类,methanol,甲醇,CH3OH,32.04186,volume,1.253,20.0,0.9965
alcohol,醇类,methanol,甲醇,CH3OH,32.04186,volume,2.502,20.0,0.9948
alcohol,醇类,methanol,甲醇,CH3OH,32.04186,volume,3.746,20.0,0.9931
alcohol,醇类,methanol,甲醇,CH3OH,32.04186,volume,4.986,20.0,0.9914
alcohol,醇类,methanol,甲醇,CH3OH,32.04186,volume,6.222,20.0,0.9896
alcohol,醇类,methanol,甲醇,CH3OH,32.04186,volume,7.454,20.0,0.988
alcohol,醇类,methanol,甲醇,CH3OH,32.04186,volume,8.682,20.0,0.9863
alcohol,醇类,methanol,甲醇,CH3OH,32.04186,volume,9.907,20.0,0.9847
alcohol,醇类,methanol,甲醇,CH3OH,32.04186,volume,11.128,20.0,0.9831
alcohol,醇类,methanol,甲醇,CH3OH,32.04186,volume,12.345,20.0,0.9815
alcohol,醇类,methanol,甲醇,CH3OH,32.04186,volume,13.559,20.0,0.9799
alcohol,醇类,methanol,甲醇,CH3OH,32.04186,volume,14.77,20.0,0.9784
alcohol,醇类,methanol,甲醇,CH3OH,32.04186,volume,15.977,20.0,0.9768
alcohol,醇类,methanol,甲醇,CH3OH,32.04186,volume,17.181,20.0,0.9754
alcohol,醇类,methanol,甲醇,CH3OH,32.04186,volume,18.382,20.0,0.974
alcohol,醇类,methanol,甲醇,CH3OH,32.04186,volume,19.579,20.0,0.9725
alcohol,醇类,methanol,甲醇,CH3OH,32.04186,volume,20.773,20.0,0.971
alcohol,醇类,methanol,甲醇,CH3OH,32.04186,volume,21.963,20.0,0.9696
alcohol,醇类,methanol,甲醇,CH3OH,32.04186,volume,23.149,20.0,0.9681
alcohol,醇类,methanol,甲醇,CH3OH,32.04186,volume,24.332,20.0,0.9666
alcohol,醇类,methanol,甲醇,CH3OH,32.04186,volume,25.512,20.0,0.9651
alcohol,醇类,methanol,甲醇,CH3OH,32.04186,volume,26.688,20.0,0.9636
alcohol,醇类,methanol,甲醇,CH3OH,32.04186,volume,27.86,20.0,0.9622
alcohol,醇类,methanol,甲醇,CH3OH,32.04186,volume,29.029,20.0,0.9607
alcohol,醇类,methanol,甲醇,CH3OH,32.04186,volume,30.193,20.0,0.9592
alcohol,醇类,methanol,甲醇,CH3OH,32.04186,volume,31.354,20.0,0.9576
alcohol,醇类,methanol,甲醇,CH3OH,32.04186,volume,32.51,20.0,0.9562
alcohol,醇类,methanol,甲醇,CH3OH,32.04186,volume,33.662,20.0,0.9546
alcohol,醇类,methanol,甲醇,CH3OH,32.04186,volume,34.809,20.0,0.9531
alcohol,醇类,methanol,甲醇,CH3OH,32.04186,volume,35.952,20.0,0.9515
alcohol,醇类,methanol,甲醇,CH3OH,32.04186,volume,37.091,20.0,0.9499
alcohol,醇类,methanol,甲醇,CH3OH,32.04186,volume,38.224,20.0,0.9483
alcohol,醇类,methanol,甲醇,CH3OH,32.04186,volume,39.352,20.0,0.9466
alcohol,醇类,methanol,甲醇,CH3OH,32.04186,volume,40.476,20.0,0.945
alcohol,醇类,methanol,甲醇,CH3OH,32.04186,volume,41.594,20.0,0.9433
alcohol,醇类,methanol,甲醇,CH3OH,32.04186,volume,42.708,20.0,0.9416
alcohol,醇类,methanol,甲醇,CH3OH,32.04186,volume,43.816,20.0,0.9398
alcohol,醇类,methanol,甲醇,CH3OH,32.04186,volume,44.919,20.0,0.9381
alcohol,醇类,methanol,甲醇,CH3OH,32.04186,volume,46.016,20.0,0.9363
alcohol,醇类,methanol,甲醇,CH3OH,32.04186,volume,47.109,20.0,0.9345
alcohol,醇类,methanol,甲醇,CH3OH,32.04186,volume,48.195,20.0,0.9327
alcohol,醇类,methanol,甲醇,CH3OH,32.04186,volume,49.277,20.0,0.9309
alcohol,醇类,methanol,甲醇,CH3OH,32.04186,volume,50.353,20.0,0.929
alcohol,醇类,methanol,甲醇,CH3OH,32.04186,volume,51.422,20.0,0.9272
alcohol,醇类,methanol,甲醇,CH3OH,32.04186,volume,52.486,20.0,0.9252
alcohol,醇类,methanol,甲醇,CH3OH,32.04186,volume,53.544,20.0,0.9234
alcohol,醇类,methanol,甲醇,CH3OH,32.04186,volume,54.595,20.0,0.9214
alcohol,醇类,methanol,甲醇,CH3OH,32.04186,volume,55.639,20.0,0.9196
alcohol,醇类,methanol,甲醇,CH3OH,32.04186,volume,56.678,20.0,0.9176
alcohol,醇类,methanol,甲醇,CH3OH,32.04186,volume,57.712,20.0,0.9156
alcohol,醇类,methanol,甲醇,CH3OH,32.04186,volume,58.739,20.0,0.9135
alcohol,醇类,methanol,甲醇,CH3OH,32.04186,volume,59.759,20.0,0.9114
alcohol,醇类,methanol,甲醇,CH3OH,32.04186,volume,60.773,20.0,0.9094
alcohol,醇类,methanol,甲醇,CH3OH,32.04186,volume,61.781,20.0,0.9073
alcohol,醇类,methanol,甲醇,CH3OH,32.04186,volume,62.783,20.0,0.9052
alcohol,醇类,methanol,甲醇,CH3OH,32.04186,volume,63.778,20.0,0.9032
alcohol,醇类,methanol,甲醇,CH3OH,32.04186,volume,64.767,20.0,0.901
alcohol,醇类,methanol,甲醇,CH3OH,32.04186,volume,65.75,20.0,0.8988
alcohol,醇类,methanol,甲醇,CH3OH,32.04186,volume,66.725,20.0,0.8968
alcohol,醇类,methanol,甲醇,CH3OH,32.04186,volume,67.693,20.0,0.8946
alcohol,醇类,methanol,甲醇,CH3OH,32.04186,volume,68.654,20.0,0.8924
alcohol,醇类,methanol,甲醇,CH3OH,32.04186,volume,69.607,20.0,0.8902
alcohol,醇类,methanol,甲醇,CH3OH,32.04186,volume,70.552,20.0,0.8879
alcohol,醇类,methanol,甲醇,CH3OH,32.04186,volume,71.49,20.0,0.8856
alcohol,醇类,methanol,甲醇,CH3OH,32.04186,volume,72.42,20.0,0.8834
alcohol,醇类,methanol,甲醇,CH3OH,32.04186,volume,73.344,20.0,0.8811
alcohol,醇类,methanol,甲醇,CH3OH,32.04186,volume,74.262,20.0,0.8787
alcohol,醇类,methanol,甲醇,CH3OH,32.04186,volume,75.172,20.0,0.8763
alcohol,醇类,methanol,甲醇,CH3OH,32.04186,volume,76.077,20.0,0.8738
alcohol,醇类,methanol,甲醇,CH3OH,32.04186,volume,76.976,20.0,0.8715
alcohol,醇类,methanol,甲醇,CH3OH,32.04186,volume,77.864,20.0,0.869
alcohol,醇类,methanol,甲醇,CH3OH,32.04186,volume,78.746,20.0,0.8665
alcohol,醇类,methanol,甲醇,CH3OH,32.04186,volume,79.618,20.0,0.8641
alcohol,醇类,methanol,甲醇,CH3OH,32.04186,volume,80.48,20.0,0.8616
alcohol,醇类,methanol,甲醇,CH3OH,32.04186,volume,81.336,20.0,0.8592
alcohol,醇类,methanol,甲醇,CH3OH,32.04186,volume,82.182,20.0,0.8567
alcohol,醇类,methanol,甲醇,CH3OH,32.04186,volume,83.022,20.0,0.8542
alcohol,醇类,methanol,甲醇,CH3OH,32.04186,volume,83.855,20.0,0.8518
alcohol,醇类,methanol,甲醇,CH3OH,32.04186,volume,84.68,20.0,0.8494
alcohol,醇类,methanol,甲醇,CH3OH,32.04186,volume,85.499,20.0,0.8469
alcohol,醇类,methanol,甲醇,CH3OH,32.04186,volume,86.31,20.0,0.8446
alcohol,醇类,methanol,甲醇,CH3OH,32.04186,volume,87.11,20.0,0.842
alcohol,醇类,methanol,甲醇,CH3OH,32.04186,volume,87.899,20.0,0.8394
alcohol,醇类,methanol,甲醇,CH3OH,32.04186,volume,88.677,20.0,0.8366
alcohol,醇类,methanol,甲醇,CH3OH,32.04186,volume,89.448,20.0,0.834
alcohol,醇类,methanol,甲醇,CH3OH,32.04186,volume,90.212,20.0,0.8314
alcohol,醇类,methanol,甲醇,CH3OH,32.04186,volume,90.968,20.0,0.8286
alcohol,醇类,methanol,甲醇,CH3OH,32.04186,volume,91.716,20.0,0.8258
alcohol,醇类,methanol,甲醇,CH3OH,32.04186,volume,92.456,20.0,0.823
alcohol,醇类,methanol,甲醇,CH3OH,32.04186,volume,93.188,20.0,0.8202
alcohol,醇类,methanol,甲醇,CH3OH,32.04186,volume,93.912,20.0,0.8174
alcohol,醇类,methanol,甲醇,CH3OH,32.04186,volume,94.627,20.0,0.8146
alcohol,醇类,methanol,甲醇,CH3OH,32.04186,volume,95.326,20.0,0.8118
alcohol,醇类,methanol,甲醇,CH3OH,32.04186,volume,96.017,20.0,0.809
alcohol,醇类,methanol,甲醇,CH3OH,32.04186,volume,96.697,20.0,0.8062
alcohol,醇类,methanol,甲醇,CH3OH,32.04186,volume,97.37,20.0,0.8034
alcohol,醇类,methanol,甲醇,CH3OH,32.04186,volume,98.036,20.0,0.8005
alcohol,醇类,methanol,甲醇,CH3OH,32.04186,volume,98.696,20.0,0.7976
alcohol,醇类,methanol,甲醇,CH3OH,32.04186,volume,99.351,20.0,0.7948
alcohol,醇类,methanol,甲醇,CH3OH,32.04186,volume,100,20.0,0.7917
alcohol,醇类,ethanol,乙醇,C2H5OH,46.06844,weight,0,10,0.9997021
alcohol,醇类,ethanol,乙醇,C2H5OH,46.06844,weight,1,10,0.99785
alcohol,醇类,ethanol,乙醇,C2H5OH,46.06844,weight,2,10,0.99602
alcohol,醇类,ethanol,乙醇,C2H5OH,46.06844,weight,3,10,0.99426
alcohol,醇类,ethanol,乙醇,C2H5OH,46.06844,weight,4,10,0.99258
alcohol,醇类,ethanol,乙醇,C2H5OH,46.06844,weight,5,10,0.99098
alcohol,醇类,ethanol,乙醇,C2H5OH,46.06844,weight,6,10,0.98946
alcohol,醇类,ethanol,乙醇,C2H5OH,46.06844,weight,7,10,0.98801
alcohol,醇类,ethanol,乙醇,C2H5OH,46.06844,weight,8,10,0.9866
alcohol,醇类,ethanol,乙醇,C2H5OH,46.06844,weight,9,10,0.98524
alcohol,醇类,ethanol,乙醇,C2H5OH,46.06844,weight,10,10,0.98393
alcohol,醇类,ethanol,乙醇,C2H5OH,46.06844,weight,11,10,0.98267
alcohol,醇类,ethanol,乙醇,C2H5OH,46.06844,weight,12,10,0.98145
alcohol,醇类,ethanol,乙醇,C2H5OH,46.06844,weight,13,10,0.98026
alcohol,醇类,ethanol,乙醇,C2H5OH,46.06844,weight,14,10,0.97911
alcohol,醇类,ethanol,乙醇,C2H5OH,46.06844,weight,15,10,0.978
alcohol,醇类,ethanol,乙醇,C2H5OH,46.06844,weight,16,10,0.97692
alcohol,醇类,ethanol,乙醇,C2H5OH,46.06844,weight,17,10,0.97583
alcohol,醇类,ethanol,乙醇,C2H5OH,46.06844,weight,18,10,0.97473
alcohol,醇类,ethanol,乙醇,C2H5OH,46.06844,weight,19,10,0.97363
alcohol,醇类,ethanol,乙醇,C2H5OH,46.06844,weight,20,10,0.97252
alcohol,醇类,ethanol,乙醇,C2H5OH,46.06844,weight,21,10,0.97139
alcohol,醇类,ethanol,乙醇,C2H5OH,46.06844,weight,22,10,0.97024
alcohol,醇类,ethanol,乙醇,C2H5OH,46.06844,weight,23,10,0.96907
alcohol,醇类,ethanol,乙醇,C2H5OH,46.06844,weight,24,10,0.96787
alcohol,醇类,ethanol,乙醇,C2H5OH,46.06844,weight,25,10,0.96665
alcohol,醇类,ethanol,乙醇,C2H5OH,46.06844,weight,26,10,0.96539
alcohol,醇类,ethanol,乙醇,C2H5OH,46.06844,weight,27,10,0.96406
alcohol,醇类,ethanol,乙醇,C2H5OH,46.06844,weight,28,10,0.96268
alcohol,醇类,ethanol,乙醇,C2H5OH,46.06844,weight,29,10,0.96125
alcohol,醇类,ethanol,乙醇,C2H5OH,46.06844,weight,30,10,0.95977
alcohol,醇类,ethanol,乙醇,C2H5OH,46.06844,weight,31,10,0.95823
alcohol,醇类,ethanol,乙醇,C2H5OH,46.06844,weight,32,10,0.95665
alcohol,醇类,ethanol,乙醇,C2H5OH,46.06844,weight,33,10,0.95502
alcohol,醇类,ethanol,乙醇,C2H5OH,46.06844,weight,34,10,0.95334
alcohol,醇类,ethanol,乙醇,C2H5OH,46.06844,weight,35,10,0.95162
alcohol,醇类,ethanol,乙醇,C2H5OH,46.06844,weight,36,10,0.94986
alcohol,醇类,ethanol,乙醇,C2H5OH,46.06844,weight,37,10,0.94805
alcohol,醇类,ethanol,乙醇,C2H5OH,46.06844,weight,38,10,0.9462
alcohol,醇类,ethanol,乙醇,C2H5OH,46.06844,weight,39,10,0.94431
alcohol,醇类,ethanol,乙醇,C2H5OH,46.06844,weight,40,10,0.94238
alcohol,醇类,ethanol,乙醇,C2H5OH,46.06844,weight,41,10,0.94042
alcohol,醇类,ethanol,乙醇,C2H5OH,46.06844,weight,42,10,0.93842
alcohol,醇类,ethanol,乙醇,C2H5OH,46.06844,weight,43,10,0.93639
alcohol,醇类,ethanol,乙醇,C2H5OH,46.06844,weight,44,10,0.93433
alcohol,醇类,ethanol,乙醇,C2H5OH,46.06844,weight,45,10,0.93226
alcohol,醇类,ethanol,乙醇,C2H5OH,46.06844,weight,46,10,0.93017
alcohol,醇类,ethanol,乙醇,C2H5OH,46.06844,weight,47,10,0.92806
alcohol,醇类,ethanol,乙醇,C2H5OH,46.06844,weight,48,10,0.92593
alcohol,醇类,ethanol,乙醇,C2H5OH,46.06844,weight,49,10,0.92379
alcohol,醇类,ethanol,乙醇,C2H5OH,46.06844,weight,50,10,0.92162
alcohol,醇类,ethanol,乙醇,C2H5OH,46.06844,weight,51,10,0.91943
alcohol,醇类,ethanol,乙醇,C2H5OH,46.06844,weight,52,10,0.91723
alcohol,醇类,ethanol,乙醇,C2H5OH,46.06844,weight,53,10,0.91502
alcohol,醇类,ethanol,乙醇,C2H5OH,46.06844,weight,54,10,0.91279
alcohol,醇类,ethanol,乙醇,C2H5OH,46.06844,weight,55,10,0.91055
alcohol,醇类,ethanol,乙醇,C2H5OH,46.06844,weight,56,10,0.90831
alcohol,醇类,ethanol,乙醇,C2H5OH,46.06844,weight,57,10,0.90607
alcohol,醇类,ethanol,乙醇,C2H5OH,46.06844,weight,58,10,0.90381
alcohol,醇类,ethanol,乙醇,C2H5OH,46.06844,weight,59,10,0.90154
alcohol,醇类,ethanol,乙醇,C2H5OH,46.06844,weight,60,10,0.89927
alcohol,醇类,ethanol,乙醇,C2H5OH,46.06844,weight,61,10,0.89698
alcohol,醇类,ethanol,乙醇,C2H5OH,46.06844,weight,62,10,0.89468
alcohol,醇类,ethanol,乙醇,C2H5OH,46.06844,weight,63,10,0.89237
alcohol,醇类,ethanol,乙醇,C2H5OH,46.06844,weight,64,10,0.89006
alcohol,醇类,ethanol,乙醇,C2H5OH,46.06844,weight,65,10,0.88774
alcohol,醇类,ethanol,乙醇,C2H5OH,46.06844,weight,66,10,0.88541
alcohol,醇类,ethanol,乙醇,C2H5OH,46.06844,weight,67,10,0.88308
alcohol,醇类,ethanol,乙醇,C2H5OH,46.06844,weight,68,10,0.88074
alcohol,醇类,ethanol,乙醇,C2H5OH,46.06844,weight,69,10,0.87839
alcohol,醇类,ethanol,乙醇,C2H5OH,46.06844,weight,70,10,0.87602
alcohol,醇类,ethanol,乙醇,C2H5OH,46.06844,weight,71,10,0.87365
alcohol,醇类,ethanol,乙醇,C2H5OH,46.06844,weight,72,10,0.87127
alcohol,醇类,ethanol,乙醇,C2H5OH,46.06844,weight,73,10,0.86888
alcohol,醇类,ethanol,乙醇,C2H5OH,46.06844,weight,74,10,0.86648
alcohol,醇类,ethanol,乙醇,C2H5OH,46.06844,weight,75,10,0.86408
alcohol,醇类,ethanol,乙醇,C2H5OH,46.06844,weight,76,10,0.86168
alcohol,醇类,ethanol,乙醇,C2H5OH,46.06844,weight,77,10,0.85927
alcohol,醇类,ethanol,乙醇,C2H5OH,46.06844,weight,78,10,0.85685
alcohol,醇类,ethanol,乙醇,C2H5OH,46.06844,weight,79,10,0.85442
alcohol,醇类,ethanol,乙醇,C2H5OH,46.06844,weight,80,10,0.85197
alcohol,醇类,ethanol,乙醇,C2H5OH,46.06844,weight,81,10,0.8495
alcohol,醇类,ethanol,乙醇,C2H5OH,46.06844,weight,82,10,0.84702
alcohol,醇类,ethanol,乙醇,C2H5OH,46.06844,weight,83,10,0.84453
alcohol,醇类,ethanol,乙醇,C2H5OH,46.06844,weight,84,10,0.84203
alcohol,醇类,ethanol,乙醇,C2H5OH,46.06844,weight,85,10,0.83951
alcohol,醇类,ethanol,乙醇,C2H5OH,46.06844,weight,86,10,0.83697
alcohol,醇类,ethanol,乙醇,C2H5OH,46.06844,weight,87,10,0.83441
alcohol,醇类,ethanol,乙醇,C2H5OH,46.06844,weight,88,10,0.83181
alcohol,醇类,ethanol,乙醇,C2H5OH,46.06844,weight,89,10,0.82919
alcohol,醇类,ethanol,乙醇,C2H5OH,46.06844,weight,90,10,0.82654
alcohol,醇类,ethanol,乙醇,C2H5OH,46.06844,weight,91,10,0.82386
alcohol,醇类,ethanol,乙醇,C2H5OH,46.06844,weight,92,10,0.82114
alcohol,醇类,ethanol,乙醇,C2H5OH,46.06844,weight,93,10,0.81839
alcohol,醇类,ethanol,乙醇,C2H5OH,46.06844,weight,94,10,0.81561
alcohol,醇类,ethanol,乙醇,C2H5OH,46.06844,weight,95,10,0.81278
alcohol,醇类,ethanol,乙醇,C2H5OH,46.06844,weight,96,10,0.80991
alcohol,醇类,ethanol,乙醇,C2H5OH,46.06844,weight,97,10,0.80698
alcohol,醇类,ethanol,乙醇,C2H5OH,46.06844,weight,98,10,0.80399
alcohol,醇类,ethanol,乙醇,C2H5OH,46.06844,weight,99,10,0.80094
alcohol,醇类,ethanol,乙醇,C2H5OH,46.06844,weight,100,10,0.79784
alcohol,醇类,ethanol,乙醇,C2H5OH,46.06844,weight,0,15,0.9991016
alcohol,醇类,ethanol,乙醇,C2H5OH,46.06844,weight,1,15,0.99725
alcohol,醇类,ethanol,乙醇,C2H5OH,46.06844,weight,2,15,0.99542
alcohol,醇类,ethanol,乙醇,C2H5OH,46.06844,weight,3,15,0.99365
alcohol,醇类,ethanol,乙醇,C2H5OH,46.06844,weight,4,15,0.99195
alcohol,醇类,ethanol,乙醇,C2H5OH,46.06844,weight,5,15,0.99032
alcohol,醇类,ethanol,乙醇,C2H5OH,46.06844,weight,6,15,0.98877
alcohol,醇类,ethanol,乙醇,C2H5OH,46.06844,weight,7,15,0.98729
alcohol,醇类,ethanol,乙醇,C2H5OH,46.06844,weight,8,15,0.98584
alcohol,醇类,ethanol,乙醇,C2H5OH,46.06844,weight,9,15,0.98442
alcohol,醇类,ethanol,乙醇,C2H5OH,46.06844,weight,10,15,0.98304
alcohol,醇类,ethanol,乙醇,C2H5OH,46.06844,weight,11,15,0.98171
alcohol,醇类,ethanol,乙醇,C2H5OH,46.06844,weight,12,15,0.98041
alcohol,醇类,ethanol,乙醇,C2H5OH,46.06844,weight,13,15,0.97914
alcohol,醇类,ethanol,乙醇,C2H5OH,46.06844,weight,14,15,0.9779
alcohol,醇类,ethanol,乙醇,C2H5OH,46.06844,weight,15,15,0.97669
alcohol,醇类,ethanol,乙醇,C2H5OH,46.06844,weight,16,15,0.97552
alcohol,醇类,ethanol,乙醇,C2H5OH,46.06844,weight,17,15,0.97433
alcohol,醇类,ethanol,乙醇,C2H5OH,46.06844,weight,18,15,0.97313
alcohol,醇类,ethanol,乙醇,C2H5OH,46.06844,weight,19,15,0.97191
alcohol,醇类,ethanol,乙醇,C2H5OH,46.06844,weight,20,15,0.97068
alcohol,醇类,ethanol,乙醇,C2H5OH,46.06844,weight,21,15,0.96944
alcohol,醇类,ethanol,乙醇,C2H5OH,46.06844,weight,22,15,0.96818
alcohol,醇类,ethanol,乙醇,C2H5OH,46.06844,weight,23,15,0.96689
alcohol,醇类,ethanol,乙醇,C2H5OH,46.06844,weight,24,15,0.96558
alcohol,醇类,ethanol,乙醇,C2H5OH,46.06844,weight,25,15,0.96424
alcohol,醇类,ethanol,乙醇,C2H5OH,46.06844,weight,26,15,0.96287
alcohol,醇类,ethanol,乙醇,C2H5OH,46.06844,weight,27,15,0.96144
alcohol,醇类,ethanol,乙醇,C2H5OH,46.06844,weight,28,15,0.95996
alcohol,醇类,ethanol,乙醇,C2H5OH,46.06844,weight,29,15,0.95844
alcohol,醇类,ethanol,乙醇,C2H5OH,46.06844,weight,30,15,0.95686
alcohol,醇类,ethanol,乙醇,C2H5OH,46.06844,weight,31,15,0.95524
alcohol,醇类,ethanol,乙醇,C2H5OH,46.06844,weight,32,15,0.95357
alcohol,醇类,ethanol,乙醇,C2H5OH,46.06844,weight,33,15,0.95186
alcohol,醇类,ethanol,乙醇,C2H5OH,46.06844,weight,34,15,0.95011
alcohol,醇类,ethanol,乙醇,C2H5OH,46.06844,weight,35,15,0.94832
alcohol,醇类,ethanol,乙醇,C2H5OH,46.06844,weight,36,15,0.9465
alcohol,醇类,ethanol,乙醇,C2H5OH,46.06844,weight,37,15,0.94464
alcohol,醇类,ethanol,乙醇,C2H5OH,46.06844,weight,38,15,0.94273
alcohol,醇类,ethanol,乙醇,C2H5OH,46.06844,weight,39,15,0.94079
alcohol,醇类,ethanol,乙醇,C2H5OH,46.06844,weight,40,15,0.93882
alcohol,醇类,ethanol,乙醇,C2H5OH,46.06844,weight,41,15,0.93682
alcohol,醇类,ethanol,乙醇,C2H5OH,46.06844,weight,42,15,0.93478
alcohol,醇类,ethanol,乙醇,C2H5OH,46.06844,weight,43,15,0.93271
alcohol,醇类,ethanol,乙醇,C2H5OH,46.06844,weight,44,15,0.93062
alcohol,醇类,ethanol,乙醇,C2H5OH,46.06844,weight,45,15,0.92852
alcohol,醇类,ethanol,乙醇,C2H5OH,46.06844,weight,46,15,0.9264
alcohol,醇类,ethanol,乙醇,C2H5OH,46.06844,weight,47,15,0.92426
alcohol,醇类,ethanol,乙醇,C2H5OH,46.06844,weight,48,15,0.92211
alcohol,醇类,ethanol,乙醇,C2H5OH,46.06844,weight,49,15,0.91995
alcohol,醇类,ethanol,乙醇,C2H5OH,46.06844,weight,50,15,0.91776
alcohol,醇类,ethanol,乙醇,C2H5OH,46.06844,weight,51,15,0.91555
alcohol,醇类,ethanol,乙醇,C2H5OH,46.06844,weight,52,15,0.91333
alcohol,醇类,ethanol,乙醇,C2H5OH,46.06844,weight,53,15,0.9111
alcohol,醇类,ethanol,乙醇,C2H5OH,46.06844,weight,54,15,0.90885
alcohol,醇类,ethanol,乙醇,C2H5OH,46.06844,weight,55,15,0.90659
alcohol,醇类,ethanol,乙醇,C2H5OH,46.06844,weight,56,15,0.90433
alcohol,醇类,ethanol,乙醇,C2H5OH,46.06844,weight,57,15,0.90207
alcohol,醇类,ethanol,乙醇,C2H5OH,46.06844,weight,58,15,0.8998
alcohol,醇类,ethanol,乙醇,C2H5OH,46.06844,weight,59,15,0.89752
alcohol,醇类,ethanol,乙醇,C2H5OH,46.06844,weight,60,15,0.89523
alcohol,醇类,ethanol,乙醇,C2H5OH,46.06844,weight,61,15,0.89293
alcohol,醇类,ethanol,乙醇,C2H5OH,46.06844,weight,62,15,0.89062
alcohol,醇类,ethanol,乙醇,C2H5OH,46.06844,weight,63,15,0.8883
alcohol,醇类,ethanol,乙醇,C2H5OH,46.06844,weight,64,15,0.88597
alcohol,醇类,ethanol,乙醇,C2H5OH,46.06844,weight,65,15,0.88364
alcohol,醇类,ethanol,乙醇,C2H5OH,46.06844,weight,66,15,0.8813
alcohol,醇类,ethanol,乙醇,C2H5OH,46.06844,weight,67,15,0.87895
alcohol,醇类,ethanol,乙醇,C2H5OH,46.06844,weight,68,15,0.8766
alcohol,醇类,ethanol,乙醇,C2H5OH,46.06844,weight,69,15,0.87424
alcohol,醇类,ethanol,乙醇,C2H5OH,46.06844,weight,70,15,0.87187
alcohol,醇类,ethanol,乙醇,C2H5OH,46.06844,weight,71,15,0.86949
alcohol,醇类,ethanol,乙醇,C2H5OH,46.06844,weight,72,15,0.8671
alcohol,醇类,ethanol,乙醇,C2H5OH,46.06844,weight,73,15,0.8647
alcohol,醇类,ethanol,乙醇,C2H5OH,46.06844,weight,74,15,0.86229
alcohol,醇类,ethanol,乙醇,C2H5OH,46.06844,weight,75,15,0.85988
alcohol,醇类,ethanol,乙醇,C2H5OH,46.06844,weight,76,15,0.85747
alcohol,醇类,ethanol,乙醇,C2H5OH,46.06844,weight,77,15,0.85505
alcohol,醇类,ethanol,乙醇,C2H5OH,46.06844,weight,78,15,0.85262
alcohol,醇类,ethanol,乙醇,C2H5OH,46.06844,weight,79,15,0.85018
alcohol,醇类,ethanol,乙醇,C2H5OH,46.06844,weight,80,15,0.84772
alcohol,醇类,ethanol,乙醇,C2H5OH,46.06844,weight,81,15,0.84525
alcohol,醇类,ethanol,乙醇,C2H5OH,46.06844,weight,82,15,0.84277
alcohol,醇类,ethanol,乙醇,C2H5OH,46.06844,weight,83,15,0.84028
alcohol,醇类,ethanol,乙醇,C2H5OH,46.06844,weight,84,15,0.83777
alcohol,醇类,ethanol,乙醇,C2H5OH,46.06844,weight,85,15,0.83525
alcohol,醇类,ethanol,乙醇,C2H5OH,46.06844,weight,86,15,0.83271
alcohol,醇类,ethanol,乙醇,C2H5OH,46.06844,weight,87,15,0.83014
alcohol,醇类,ethanol,乙醇,C2H5OH,46.06844,weight,88,15,0.82754
alcohol,醇类,ethanol,乙醇,C2H5OH,46.06844,weight,89,15,0.82492
alcohol,醇类,ethanol,乙醇,C2H5OH,46.06844,weight,90,15,0.82227
alcohol,醇类,ethanol,乙醇,C2H5OH,46.06844,weight,91,15,0.81959
alcohol,醇类,ethanol,乙醇,C2H5OH,46.06844,weight,92,15,0.81688
alcohol,醇类,ethanol,乙醇,C2H5OH,46.06844,weight,93,15,0.81413
alcohol,醇类,ethanol,乙醇,C2H5OH,46.06844,weight,94,15,0.81134
alcohol,醇类,ethanol,乙醇,C2H5OH,46.06844,weight,95,15,0.80852
alcohol,醇类,ethanol,乙醇,C2H5OH,46.06844,weight,96,15,0.80566
alcohol,醇类,ethanol,乙醇,C2H5OH,46.06844,weight,97,15,0.80274
alcohol,醇类,ethanol,乙醇,C2H5OH,46.06844,weight,98,15,0.79975
alcohol,醇类,ethanol,乙醇,C2H5OH,46.06844,weight,99,15,0.7967
alcohol,醇类,ethanol,乙醇,C2H5OH,46.06844,weight,100,15,0.7936
alcohol,醇类,ethanol,乙醇,C2H5OH,46.06844,weight,0,20,0.9982063
alcohol,醇类,ethanol,乙醇,C2H5OH,46.06844,weight,1,20,0.99636
alcohol,醇类,ethanol,乙醇,C2H5OH,46.06844,weight,2,20,0.99453
alcohol,醇类,ethanol,乙醇,C2H5OH,46.06844,weight,3,20,0.99275
alcohol,醇类,ethanol,乙醇,C2H5OH,46.06844,weight,4,20,0.99103
alcohol,醇类,ethanol,乙醇,C2H5OH,46.06844,weight,5,20,0.98938
alcohol,醇类,ethanol,乙醇,C2H5OH,46.06844,weight,6,20,0.9878
alcohol,醇类,ethanol,乙醇,C2H5OH,46.06844,weight,7,20,0.98627
alcohol,醇类,ethanol,乙醇,C2H5OH,46.06844,weight,8,20,0.98478
alcohol,醇类,ethanol,乙醇,C2H5OH,46.06844,weight,9,20,0.98331
alcohol,醇类,ethanol,乙醇,C2H5OH,46.06844,weight,10,20,0.98187
alcohol,醇类,ethanol,乙醇,C2H5OH,46.06844,weight,11,20,0.98047
alcohol,醇类,ethanol,乙醇,C2H5OH,46.06844,weight,12,20,0.9791
alcohol,醇类,ethanol,乙醇,C2H5OH,46.06844,weight,13,20,0.97775
alcohol,醇类,ethanol,乙醇,C2H5OH,46.06844,weight,14,20,0.97643
alcohol,醇类,ethanol,乙醇,C2H5OH,46.06844,weight,15,20,0.97514
alcohol,醇类,ethanol,乙醇,C2H5OH,46.06844,weight,16,20,0.97387
alcohol,醇类,ethanol,乙醇,C2H5OH,46.06844,weight,17,20,0.97259
alcohol,醇类,ethanol,乙醇,C2H5OH,46.06844,weight,18,20,0.97129
alcohol,醇类,ethanol,乙醇,C2H5OH,46.06844,weight,19,20,0.96997
alcohol,醇类,ethanol,乙醇,C2H5OH,46.06844,weight,20,20,0.96864
alcohol,醇类,ethanol,乙醇,C2H5OH,46.06844,weight,21,20,0.96729
alcohol,醇类,ethanol,乙醇,C2H5OH,46.06844,weight,22,20,0.96592
alcohol,醇类,ethanol,乙醇,C2H5OH,46.06844,weight,23,20,0.96453
alcohol,醇类,ethanol,乙醇,C2H5OH,46.06844,weight,24,20,0.96312
alcohol,醇类,ethanol,乙醇,C2H5OH,46.06844,weight,25,20,0.96168
alcohol,醇类,ethanol,乙醇,C2H5OH,46.06844,weight,26,20,0.9602
alcohol,醇类,ethanol,乙醇,C2H5OH,46.06844,weight,27,20,0.95867
alcohol,醇类,ethanol,乙醇,C2H5OH,46.06844,weight,28,20,0.9571
alcohol,醇类,ethanol,乙醇,C2H5OH,46.06844,weight,29,20,0.95548
alcohol,醇类,ethanol,乙醇,C2H5OH,46.06844,weight,30,20,0.95382
alcohol,醇类,ethanol,乙醇,C2H5OH,46.06844,weight,31,20,0.95212
alcohol,醇类,ethanol,乙醇,C2H5OH,46.06844,weight,32,20,0.95038
alcohol,醇类,ethanol,乙醇,C2H5OH,46.06844,weight,33,20,0.9486
alcohol,醇类,ethanol,乙醇,C2H5OH,46.06844,weight,34,20,0.94679
alcohol,醇类,ethanol,乙醇,C2H5OH,46.06844,weight,35,20,0.94494
alcohol,醇类,ethanol,乙醇,C2H5OH,46.06844,weight,36,20,0.94306
alcohol,醇类,ethanol,乙醇,C2H5OH,46.06844,weight,37,20,0.94114
alcohol,醇类,ethanol,乙醇,C2H5OH,46.06844,weight,38,20,0.93919
alcohol,醇类,ethanol,乙醇,C2H5OH,46.06844,weight,39,20,0.9372
alcohol,醇类,ethanol,乙醇,C2H5OH,46.06844,weight,40,20,0.93518
alcohol,醇类,ethanol,乙醇,C2H5OH,46.06844,weight,41,20,0.93314
alcohol,醇类,ethanol,乙醇,C2H5OH,46.06844,weight,42,20,0.93107
alcohol,醇类,ethanol,乙醇,C2H5OH,46.06844,weight,43,20,0.92897
alcohol,醇类,ethanol,乙醇,C2H5OH,46.06844,weight,44,20,0.92685
alcohol,醇类,ethanol,乙醇,C2H5OH,46.06844,weight,45,20,0.92472
alcohol,醇类,ethanol,乙醇,C2H5OH,46.06844,weight,46,20,0.92257
alcohol,醇类,ethanol,乙醇,C2H5OH,46.06844,weight,47,20,0.92041
alcohol,醇类,ethanol,乙醇,C2H5OH,46.06844,weight,48,20,0.91823
alcohol,醇类,ethanol,乙醇,C2H5OH,46.06844,weight,49,20,0.91604
alcohol,醇类,ethanol,乙醇,C2H5OH,46.06844,weight,50,20,0.91384
alcohol,醇类,ethanol,乙醇,C2H5OH,46.06844,weight,51,20,0.9116
alcohol,醇类,ethanol,乙醇,C2H5OH,46.06844,weight,52,20,0.90936
alcohol,醇类,ethanol,乙醇,C2H5OH,46.06844,weight,53,20,0.90711
alcohol,醇类,ethanol,乙醇,C2H5OH,46.06844,weight,54,20,0.90485
alcohol,醇类,ethanol,乙醇,C2H5OH,46.06844,weight,55,20,0.90258
alcohol,醇类,ethanol,乙醇,C2H5OH,46.06844,weight,56,20,0.90031
alcohol,醇类,ethanol,乙醇,C2H5OH,46.06844,weight,57,20,0.89803
alcohol,醇类,ethanol,乙醇,C2H5OH,46.06844,weight,58,20,0.89574
alcohol,醇类,ethanol,乙醇,C2H5OH,46.06844,weight,59,20,0.89344
alcohol,醇类,ethanol,乙醇,C2H5OH,46.06844,weight,60,20,0.89113
alcohol,醇类,ethanol,乙醇,C2H5OH,46.06844,weight,61,20,0.88882
alcohol,醇类,ethanol,乙醇,C2H5OH,46.06844,weight,62,20,0.8865
alcohol,醇类,ethanol,乙醇,C2H5OH,46.06844,weight,63,20,0.88417
alcohol,醇类,ethanol,乙醇,C2H5OH,46.06844,weight,64,20,0.88183
alcohol,醇类,ethanol,乙醇,C2H5OH,46.06844,weight,65,20,0.87948
alcohol,醇类,ethanol,乙醇,C2H5OH,46.06844,weight,66,20,0.87713
alcohol,醇类,ethanol,乙醇,C2H5OH,46.06844,weight,67,20,0.87477
alcohol,醇类,ethanol,乙醇,C2H5OH,46.06844,weight,68,20,0.87241
alcohol,醇类,ethanol,乙醇,C2H5OH,46.06844,weight,69,20,0.87004
alcohol,醇类,ethanol,乙醇,C2H5OH,46.06844,weight,70,20,0.86766
alcohol,醇类,ethanol,乙醇,C2H5OH,46.06844,weight,71,20,0.86527
alcohol,醇类,ethanol,乙醇,C2H5OH,46.06844,weight,72,20,0.86287
alcohol,醇类,ethanol,乙醇,C2H5OH,46.06844,weight,73,20,0.86047
alcohol,醇类,ethanol,乙醇,C2H5OH,46.06844,weight,74,20,0.85806
alcohol,醇类,ethanol,乙醇,C2H5OH,46.06844,weight,75,20,0.85564
alcohol,醇类,ethanol,乙醇,C2H5OH,46.06844,weight,76,20,0.85322
alcohol,醇类,ethanol,乙醇,C2H5OH,46.06844,weight,77,20,0.85079
alcohol,醇类,ethanol,乙醇,C2H5OH,46.06844,weight,78,20,0.84835
alcohol,醇类,ethanol,乙醇,C2H5OH,46.06844,weight,79,20,0.8459
alcohol,醇类,ethanol,乙醇,C2H5OH,46.06844,weight,80,20,0.84344
alcohol,醇类,ethanol,乙醇,C2H5OH,46.06844,weight,81,20,0.84096
alcohol,醇类,ethanol,乙醇,C2H5OH,46.06844,weight,82,20,0.83848
alcohol,醇类,ethanol,乙醇,C2H5OH,46.06844,weight,83,20,0.83599
alcohol,醇类,ethanol,乙醇,C2H5OH,46.06844,weight,84,20,0.83348
alcohol,醇类,ethanol,乙醇,C2H5OH,46.06844,weight,85,20,0.83095
alcohol,醇类,ethanol,乙醇,C2H5OH,46.06844,weight,86,20,0.8284
alcohol,醇类,ethanol,乙醇,C2H5OH,46.06844,weight,87,20,0.82583
alcohol,醇类,ethanol,乙醇,C2H5OH,46.06844,weight,88,20,0.82323
alcohol,醇类,ethanol,乙醇,C2H5OH,46.06844,weight,89,20,0.82062
alcohol,醇类,ethanol,乙醇,C2H5OH,46.06844,weight,90,20,0.81797
alcohol,醇类,ethanol,乙醇,C2H5OH,46.06844,weight,91,20,0.81529
alcohol,醇类,ethanol,乙醇,C2H5OH,46.06844,weight,92,20,0.81257
alcohol,醇类,ethanol,乙醇,C2H5OH,46.06844,weight,93,20,0.80983
alcohol,醇类,ethanol,乙醇,C2H5OH,46.06844,weight,94,20,0.80705
alcohol,醇类,ethanol,乙醇,C2H5OH,46.06844,weight,95,20,0.80424
alcohol,醇类,ethanol,乙醇,C2H5OH,46.06844,weight,96,20,0.80138
alcohol,醇类,ethanol,乙醇,C2H5OH,46.06844,weight,97,20,0.79846
alcohol,醇类,ethanol,乙醇,C2H5OH,46.06844,weight,98,20,0.79547
alcohol,醇类,ethanol,乙醇,C2H5OH,46.06844,weight,99,20,0.79243
alcohol,醇类,ethanol,乙醇,C2H5OH,46.06844,weight,100,20,0.78934
alcohol,醇类,ethanol,乙醇,C2H5OH,46.06844,weight,0,25,0.997048
alcohol,醇类,ethanol,乙醇,C2H5OH,46.06844,weight,1,25,0.9952
alcohol,醇类,ethanol,乙醇,C2H5OH,46.06844,weight,2,25,0.99336
alcohol,醇类,ethanol,乙醇,C2H5OH,46.06844,weight,3,25,0.99157
alcohol,醇类,ethanol,乙醇,C2H5OH,46.06844,weight,4,25,0.98984
alcohol,醇类,ethanol,乙醇,C2H5OH,46.06844,weight,5,25,0.98817
alcohol,醇类,ethanol,乙醇,C2H5OH,46.06844,weight,6,25,0.98656
alcohol,醇类,ethanol,乙醇,C2H5OH,46.06844,weight,7,25,0.985
alcohol,醇类,ethanol,乙醇,C2H5OH,46.06844,weight,8,25,0.98346
alcohol,醇类,ethanol,乙醇,C2H5OH,46.06844,weight,9,25,0.98193
alcohol,醇类,ethanol,乙醇,C2H5OH,46.06844,weight,10,25,0.98043
alcohol,醇类,ethanol,乙醇,C2H5OH,46.06844,weight,11,25,0.97897
alcohol,醇类,ethanol,乙醇,C2H5OH,46.06844,weight,12,25,0.97753
alcohol,醇类,ethanol,乙醇,C2H5OH,46.06844,weight,13,25,0.97611
alcohol,醇类,ethanol,乙醇,C2H5OH,46.06844,weight,14,25,0.97472
alcohol,醇类,ethanol,乙醇,C2H5OH,46.06844,weight,15,25,0.97334
alcohol,醇类,ethanol,乙醇,C2H5OH,46.06844,weight,16,25,0.97199
alcohol,醇类,ethanol,乙醇,C2H5OH,46.06844,weight,17,25,0.97062
alcohol,醇类,ethanol,乙醇,C2H5OH,46.06844,weight,18,25,0.96923
alcohol,醇类,ethanol,乙醇,C2H5OH,46.06844,weight,19,25,0.96782
alcohol,醇类,ethanol,乙醇,C2H5OH,46.06844,weight,20,25,0.96639
alcohol,醇类,ethanol,乙醇,C2H5OH,46.06844,weight,21,25,0.96495
alcohol,醇类,ethanol,乙醇,C2H5OH,46.06844,weight,22,25,0.96348
alcohol,醇类,ethanol,乙醇,C2H5OH,46.06844,weight,23,25,0.96199
alcohol,醇类,ethanol,乙醇,C2H5OH,46.06844,weight,24,25,0.96048
alcohol,醇类,ethanol,乙醇,C2H5OH,46.06844,weight,25,25,0.95895
alcohol,醇类,ethanol,乙醇,C2H5OH,46.06844,weight,26,25,0.95738
alcohol,醇类,ethanol,乙醇,C2H5OH,46.06844,weight,27,25,0.95576
alcohol,醇类,ethanol,乙醇,C2H5OH,46.06844,weight,28,25,0.9541
alcohol,醇类,ethanol,乙醇,C2H5OH,46.06844,weight,29,25,0.95241
alcohol,醇类,ethanol,乙醇,C2H5OH,46.06844,weight,30,25,0.95067
alcohol,醇类,ethanol,乙醇,C2H5OH,46.06844,weight,31,25,0.9489
alcohol,醇类,ethanol,乙醇,C2H5OH,46.06844,weight,32,25,0.94709
alcohol,醇类,ethanol,乙醇,C2H5OH,46.06844,weight,33,25,0.94525
alcohol,醇类,ethanol,乙醇,C2H5OH,46.06844,weight,34,25,0.94337
alcohol,醇类,ethanol,乙醇,C2H5OH,46.06844,weight,35,25,0.94146
alcohol,醇类,ethanol,乙醇,C2H5OH,46.06844,weight,36,25,0.93952
alcohol,醇类,ethanol,乙醇,C2H5OH,46.06844,weight,37,25,0.93756
alcohol,醇类,ethanol,乙醇,C2H5OH,46.06844,weight,38,25,0.93556
alcohol,醇类,ethanol,乙醇,C2H5OH,46.06844,weight,39,25,0.93353
alcohol,醇类,ethanol,乙醇,C2H5OH,46.06844,weight,40,25,0.93148
alcohol,醇类,ethanol,乙醇,C2H5OH,46.06844,weight,41,25,0.9294
alcohol,醇类,ethanol,乙醇,C2H5OH,46.06844,weight,42,25,0.92729
alcohol,醇类,ethanol,乙醇,C2H5OH,46.06844,weight,43,25,0.92516
alcohol,醇类,ethanol,乙醇,C2H5OH,46.06844,weight,44,25,0.92301
alcohol,醇类,ethanol,乙醇,C2H5OH,46.06844,weight,45,25,0.92085
alcohol,醇类,ethanol,乙醇,C2H5OH,46.06844,weight,46,25,0.91868
alcohol,醇类,ethanol,乙醇,C2H5OH,46.06844,weight,47,25,0.91649
alcohol,醇类,ethanol,乙醇,C2H5OH,46.06844,weight,48,25,0.91429
alcohol,醇类,ethanol,乙醇,C2H5OH,46.06844,weight,49,25,0.91208
alcohol,醇类,ethanol,乙醇,C2H5OH,46.06844,weight,50,25,0.90985
alcohol,醇类,ethanol,乙醇,C2H5OH,46.06844,weight,51,25,0.9076
alcohol,醇类,ethanol,乙醇,C2H5OH,46.06844,weight,52,25,0.90534
alcohol,醇类,ethanol,乙醇,C2H5OH,46.06844,weight,53,25,0.90307
alcohol,醇类,ethanol,乙醇,C2H5OH,46.06844,weight,54,25,0.90079
alcohol,醇类,ethanol,乙醇,C2H5OH,46.06844,weight,55,25,0.8985
alcohol,醇类,ethanol,乙醇,C2H5OH,46.06844,weight,56,25,0.89621
alcohol,醇类,ethanol,乙醇,C2H5OH,46.06844,weight,57,25,0.89392
alcohol,醇类,ethanol,乙醇,C2H5OH,46.06844,weight,58,25,0.89162
alcohol,醇类,ethanol,乙醇,C2H5OH,46.06844,weight,59,25,0.88931
alcohol,醇类,ethanol,乙醇,C2H5OH,46.06844,weight,60,25,0.88699
alcohol,醇类,ethanol,乙醇,C2H5OH,46.06844,weight,61,25,0.88466
alcohol,醇类,ethanol,乙醇,C2H5OH,46.06844,weight,62,25,0.88233
alcohol,醇类,ethanol,乙醇,C2H5OH,46.06844,weight,63,25,0.87998
alcohol,醇类,ethanol,乙醇,C2H5OH,46.06844,weight,64,25,0.87763
alcohol,醇类,ethanol,乙醇,C2H5OH,46.06844,weight,65,25,0.87527
alcohol,醇类,ethanol,乙醇,C2H5OH,46.06844,weight,66,25,0.87291
alcohol,醇类,ethanol,乙醇,C2H5OH,46.06844,weight,67,25,0.87054
alcohol,醇类,ethanol,乙醇,C2H5OH,46.06844,weight,68,25,0.86817
alcohol,醇类,ethanol,乙醇,C2H5OH,46.06844,weight,69,25,0.86579
alcohol,醇类,ethanol,乙醇,C2H5OH,46.06844,weight,70,25,0.8634
alcohol,醇类,ethanol,乙醇,C2H5OH,46.06844,weight,71,25,0.861
alcohol,醇类,ethanol,乙醇,C2H5OH,46.06844,weight,72,25,0.85859
alcohol,醇类,ethanol,乙醇,C2H5OH,46.06844,weight,73,25,0.85618
alcohol,醇类,ethanol,乙醇,C2H5OH,46.06844,weight,74,25,0.85376
alcohol,醇类,ethanol,乙醇,C2H5OH,46.06844,weight,75,25,0.85134
alcohol,醇类,ethanol,乙醇,C2H5OH,46.06844,weight,76,25,0.84891
alcohol,醇类,ethanol,乙醇,C2H5OH,46.06844,weight,77,25,0.84647
alcohol,醇类,ethanol,乙醇,C2H5OH,46.06844,weight,78,25,0.84403
alcohol,醇类,ethanol,乙醇,C2H5OH,46.06844,weight,79,25,0.84158
alcohol,醇类,ethanol,乙醇,C2H5OH,46.06844,weight,80,25,0.83911
alcohol,醇类,ethanol,乙醇,C2H5OH,46.06844,weight,81,25,0.83664
alcohol,醇类,ethanol,乙醇,C2H5OH,46.06844,weight,82,25,0.83415
alcohol,醇类,ethanol,乙醇,C2H5OH,46.06844,weight,83,25,0.83164
alcohol,醇类,ethanol,乙醇,C2H5OH,46.06844,weight,84,25,0.82913
alcohol,醇类,ethanol,乙醇,C2H5OH,46.06844,weight,85,25,0.8266
alcohol,醇类,ethanol,乙醇,C2H5OH,46.06844,weight,86,25,0.82405
alcohol,醇类,ethanol,乙醇,C2H5OH,46.06844,weight,87,25,0.82148
alcohol,醇类,ethanol,乙醇,C2H5OH,46.06844,weight,88,25,0.81888
alcohol,醇类,ethanol,乙醇,C2H5OH,46.06844,weight,89,25,0.81626
alcohol,醇类,ethanol,乙醇,C2H5OH,46.06844,weight,90,25,0.81362
alcohol,醇类,ethanol,乙醇,C2H5OH,46.06844,weight,91,25,0.81094
alcohol,醇类,ethanol,乙醇,C2H5OH,46.06844,weight,92,25,0.80823
alcohol,醇类,ethanol,乙醇,C2H5OH,46.06844,weight,93,25,0.80549
alcohol,醇类,ethanol,乙醇,C2H5OH,46.06844,weight,94,25,0.80272
alcohol,醇类,ethanol,乙醇,C2H5OH,46.06844,weight,95,25,0.79991
alcohol,醇类,ethanol,乙醇,C2H5OH,46.06844,weight,96,25,0.79706
alcohol,醇类,ethanol,乙醇,C2H5OH,46.06844,weight,97,25,0.79415
alcohol,醇类,ethanol,乙醇,C2H5OH,46.06844,weight,98,25,0.79117
alcohol,醇类,ethanol,乙醇,C2H5OH,46.06844,weight,99,25,0.78814
alcohol,醇类,ethanol,乙醇,C2H5OH,46.06844,weight,100,25,0.78506
alcohol,醇类,ethanol,乙醇,C2H5OH,46.06844,weight,0,30,0.9956511
alcohol,醇类,ethanol,乙醇,C2H5OH,46.06844,weight,1,30,0.99379
alcohol,醇类,ethanol,乙醇,C2H5OH,46.06844,weight,2,30,0.99194
alcohol,醇类,ethanol,乙醇,C2H5OH,46.06844,weight,3,30,0.99014
alcohol,醇类,ethanol,乙醇,C2H5OH,46.06844,weight,4,30,0.98839
alcohol,醇类,ethanol,乙醇,C2H5OH,46.06844,weight,5,30,0.9867
alcohol,醇类,ethanol,乙醇,C2H5OH,46.06844,weight,6,30,0.98507
alcohol,醇类,ethanol,乙醇,C2H5OH,46.06844,weight,7,30,0.98347
alcohol,醇类,ethanol,乙醇,C2H5OH,46.06844,weight,8,30,0.98189
alcohol,醇类,ethanol,乙醇,C2H5OH,46.06844,weight,9,30,0.98031
alcohol,醇类,ethanol,乙醇,C2H5OH,46.06844,weight,10,30,0.97875
alcohol,醇类,ethanol,乙醇,C2H5OH,46.06844,weight,11,30,0.97723
alcohol,醇类,ethanol,乙醇,C2H5OH,46.06844,weight,12,30,0.97573
alcohol,醇类,ethanol,乙醇,C2H5OH,46.06844,weight,13,30,0.97424
alcohol,醇类,ethanol,乙醇,C2H5OH,46.06844,weight,14,30,0.97278
alcohol,醇类,ethanol,乙醇,C2H5OH,46.06844,weight,15,30,0.97133
alcohol,醇类,ethanol,乙醇,C2H5OH,46.06844,weight,16,30,0.9699
alcohol,醇类,ethanol,乙醇,C2H5OH,46.06844,weight,17,30,0.96844
alcohol,醇类,ethanol,乙醇,C2H5OH,46.06844,weight,18,30,0.96697
alcohol,醇类,ethanol,乙醇,C2H5OH,46.06844,weight,19,30,0.96547
alcohol,醇类,ethanol,乙醇,C2H5OH,46.06844,weight,20,30,0.96395
alcohol,醇类,ethanol,乙醇,C2H5OH,46.06844,weight,21,30,0.96242
alcohol,醇类,ethanol,乙醇,C2H5OH,46.06844,weight,22,30,0.96087
alcohol,醇类,ethanol,乙醇,C2H5OH,46.06844,weight,23,30,0.95929
alcohol,醇类,ethanol,乙醇,C2H5OH,46.06844,weight,24,30,0.95769
alcohol,醇类,ethanol,乙醇,C2H5OH,46.06844,weight,25,30,0.95607
alcohol,醇类,ethanol,乙醇,C2H5OH,46.06844,weight,26,30,0.95442
alcohol,醇类,ethanol,乙醇,C2H5OH,46.06844,weight,27,30,0.95272
alcohol,醇类,ethanol,乙醇,C2H5OH,46.06844,weight,28,30,0.95098
alcohol,醇类,ethanol,乙醇,C2H5OH,46.06844,weight,29,30,0.94922
alcohol,醇类,ethanol,乙醇,C2H5OH,46.06844,weight,30,30,0.94741
alcohol,醇类,ethanol,乙醇,C2H5OH,46.06844,weight,31,30,0.94557
alcohol,醇类,ethanol,乙醇,C2H5OH,46.06844,weight,32,30,0.9437
alcohol,醇类,ethanol,乙醇,C2H5OH,46.06844,weight,33,30,0.9418
alcohol,醇类,ethanol,乙醇,C2H5OH,46.06844,weight,34,30,0.93986
alcohol,醇类,ethanol,乙醇,C2H5OH,46.06844,weight,35,30,0.9379
alcohol,醇类,ethanol,乙醇,C2H5OH,46.06844,weight,36,30,0.93591
alcohol,醇类,ethanol,乙醇,C2H5OH,46.06844,weight,37,30,0.9339
alcohol,醇类,ethanol,乙醇,C2H5OH,46.06844,weight,38,30,0.93186
alcohol,醇类,ethanol,乙醇,C2H5OH,46.06844,weight,39,30,0.92979
alcohol,醇类,ethanol,乙醇,C2H5OH,46.06844,weight,40,30,0.9277
alcohol,醇类,ethanol,乙醇,C2H5OH,46.06844,weight,41,30,0.92558
alcohol,醇类,ethanol,乙醇,C2H5OH,46.06844,weight,42,30,0.92344
alcohol,醇类,ethanol,乙醇,C2H5OH,46.06844,weight,43,30,0.92128
alcohol,醇类,ethanol,乙醇,C2H5OH,46.06844,weight,44,30,0.9191
alcohol,醇类,ethanol,乙醇,C2H5OH,46.06844,weight,45,30,0.91692
alcohol,醇类,ethanol,乙醇,C2H5OH,46.06844,weight,46,30,0.91472
alcohol,醇类,ethanol,乙醇,C2H5OH,46.06844,weight,47,30,0.9125
alcohol,醇类,ethanol,乙醇,C2H5OH,46.06844,weight,48,30,0.91028
alcohol,醇类,ethanol,乙醇,C2H5OH,46.06844,weight,49,30,0.90805
alcohol,醇类,ethanol,乙醇,C2H5OH,46.06844,weight,50,30,0.9058
alcohol,醇类,ethanol,乙醇,C2H5OH,46.06844,weight,51,30,0.90353
alcohol,醇类,ethanol,乙醇,C2H5OH,46.06844,weight,52,30,0.90125
alcohol,醇类,ethanol,乙醇,C2H5OH,46.06844,weight,53,30,0.89896
alcohol,醇类,ethanol,乙醇,C2H5OH,46.06844,weight,54,30,0.89667
alcohol,醇类,ethanol,乙醇,C2H5OH,46.06844,weight,55,30,0.89437
alcohol,醇类,ethanol,乙醇,C2H5OH,46.06844,weight,56,30,0.89206
alcohol,醇类,ethanol,乙醇,C2H5OH,46.06844,weight,57,30,0.88975
alcohol,醇类,ethanol,乙醇,C2H5OH,46.06844,weight,58,30,0.88744
alcohol,醇类,ethanol,乙醇,C2H5OH,46.06844,weight,59,30,0.88512
alcohol,醇类,ethanol,乙醇,C2H5OH,46.06844,weight,60,30,0.88278
alcohol,醇类,ethanol,乙醇,C2H5OH,46.06844,weight,61,30,0.88044
alcohol,醇类,ethanol,乙醇,C2H5OH,46.06844,weight,62,30,0.87809
alcohol,醇类,ethanol,乙醇,C2H5OH,46.06844,weight,63,30,0.87574
alcohol,醇类,ethanol,乙醇,C2H5OH,46.06844,weight,64,30,0.87337
alcohol,醇类,ethanol,乙醇,C2H5OH,46.06844,weight,65,30,0.871
alcohol,醇类,ethanol,乙醇,C2H5OH,46.06844,weight,66,30,0.86863
alcohol,醇类,ethanol,乙醇,C2H5OH,46.06844,weight,67,30,0.86625
alcohol,醇类,ethanol,乙醇,C2H5OH,46.06844,weight,68,30,0.86387
alcohol,醇类,ethanol,乙醇,C2H5OH,46.06844,weight,69,30,0.86148
alcohol,醇类,ethanol,乙醇,C2H5OH,46.06844,weight,70,30,0.85908
alcohol,醇类,ethanol,乙醇,C2H5OH,46.06844,weight,71,30,0.85667
alcohol,醇类,ethanol,乙醇,C2H5OH,46.06844,weight,72,30,0.85426
alcohol,醇类,ethanol,乙醇,C2H5OH,46.06844,weight,73,30,0.85184
alcohol,醇类,ethanol,乙醇,C2H5OH,46.06844,weight,74,30,0.84941
alcohol,醇类,ethanol,乙醇,C2H5OH,46.06844,weight,75,30,0.84698
alcohol,醇类,ethanol,乙醇,C2H5OH,46.06844,weight,76,30,0.84455
alcohol,醇类,ethanol,乙醇,C2H5OH,46.06844,weight,77,30,0.84211
alcohol,醇类,ethanol,乙醇,C2H5OH,46.06844,weight,78,30,0.83966
alcohol,醇类,ethanol,乙醇,C2H5OH,46.06844,weight,79,30,0.8372
alcohol,醇类,ethanol,乙醇,C2H5OH,46.06844,weight,80,30,0.83473
alcohol,醇类,ethanol,乙醇,C2H5OH,46.06844,weight,81,30,0.83224
alcohol,醇类,ethanol,乙醇,C2H5OH,46.06844,weight,82,30,0.82974
alcohol,醇类,ethanol,乙醇,C2H5OH,46.06844,weight,83,30,0.82724
alcohol,醇类,ethanol,乙醇,C2H5OH,46.06844,weight,84,30,0.82473
alcohol,醇类,ethanol,乙醇,C2H5OH,46.06844,weight,85,30,0.8222
alcohol,醇类,ethanol,乙醇,C2H5OH,46.06844,weight,86,30,0.81965
alcohol,醇类,ethanol,乙醇,C2H5OH,46.06844,weight,87,30,0.81708
alcohol,醇类,ethanol,乙醇,C2H5OH,46.06844,weight,88,30,0.81448
alcohol,醇类,ethanol,乙醇,C2H5OH,46.06844,weight,89,30,0.81186
alcohol,醇类,ethanol,乙醇,C2H5OH,46.06844,weight,90,30,0.80922
alcohol,醇类,ethanol,乙醇,C2H5OH,46.06844,weight,91,30,0.80655
alcohol,醇类,ethanol,乙醇,C2H5OH,46.06844,weight,92,30,0.80384
alcohol,醇类,ethanol,乙醇,C2H5OH,46.06844,weight,93,30,0.80111
alcohol,醇类,ethanol,乙醇,C2H5OH,46.06844,weight,94,30,0.79835
alcohol,醇类,ethanol,乙醇,C2H5OH,46.06844,weight,95,30,0.79555
alcohol,醇类,ethanol,乙醇,C2H5OH,46.06844,weight,96,30,0.79271
alcohol,醇类,ethanol,乙醇,C2H5OH,46.06844,weight,97,30,0.78981
alcohol,醇类,ethanol,乙醇,C2H5OH,46.06844,weight,98,30,0.78684
alcohol,醇类,ethanol,乙醇,C2H5OH,46.06844,weight,99,30,0.78382
alcohol,醇类,ethanol,乙醇,C2H5OH,46.06844,weight,100,30,0.78075
alcohol,醇类,ethanol,乙醇,C2H5OH,46.06844,weight,0,35,0.9940359
alcohol,醇类,ethanol,乙醇,C2H5OH,46.06844,weight,1,35,0.99217
alcohol,醇类,ethanol,乙醇,C2H5OH,46.06844,weight,2,35,0.99031
alcohol,醇类,ethanol,乙醇,C2H5OH,46.06844,weight,3,35,0.98849
alcohol,醇类,ethanol,乙醇,C2H5OH,46.06844,weight,4,35,0.98672
alcohol,醇类,ethanol,乙醇,C2H5OH,46.06844,weight,5,35,0.98501
alcohol,醇类,ethanol,乙醇,C2H5OH,46.06844,weight,6,35,0.98335
alcohol,醇类,ethanol,乙醇,C2H5OH,46.06844,weight,7,35,0.98172
alcohol,醇类,ethanol,乙醇,C2H5OH,46.06844,weight,8,35,0.98009
alcohol,醇类,ethanol,乙醇,C2H5OH,46.06844,weight,9,35,0.97846
alcohol,醇类,ethanol,乙醇,C2H5OH,46.06844,weight,10,35,0.97685
alcohol,醇类,ethanol,乙醇,C2H5OH,46.06844,weight,11,35,0.97527
alcohol,醇类,ethanol,乙醇,C2H5OH,46.06844,weight,12,35,0.97371
alcohol,醇类,ethanol,乙醇,C2H5OH,46.06844,weight,13,35,0.97216
alcohol,醇类,ethanol,乙醇,C2H5OH,46.06844,weight,14,35,0.97063
alcohol,醇类,ethanol,乙醇,C2H5OH,46.06844,weight,15,35,0.96911
alcohol,醇类,ethanol,乙醇,C2H5OH,46.06844,weight,16,35,0.9676
alcohol,醇类,ethanol,乙醇,C2H5OH,46.06844,weight,17,35,0.96607
alcohol,醇类,ethanol,乙醇,C2H5OH,46.06844,weight,18,35,0.96452
alcohol,醇类,ethanol,乙醇,C2H5OH,46.06844,weight,19,35,0.96294
alcohol,醇类,ethanol,乙醇,C2H5OH,46.06844,weight,20,35,0.96134
alcohol,醇类,ethanol,乙醇,C2H5OH,46.06844,weight,21,35,0.95973
alcohol,醇类,ethanol,乙醇,C2H5OH,46.06844,weight,22,35,0.95809
alcohol,醇类,ethanol,乙醇,C2H5OH,46.06844,weight,23,35,0.95643
alcohol,醇类,ethanol,乙醇,C2H5OH,46.06844,weight,24,35,0.95476
alcohol,醇类,ethanol,乙醇,C2H5OH,46.06844,weight,25,35,0.95306
alcohol,醇类,ethanol,乙醇,C2H5OH,46.06844,weight,26,35,0.95133
alcohol,醇类,ethanol,乙醇,C2H5OH,46.06844,weight,27,35,0.94955
alcohol,醇类,ethanol,乙醇,C2H5OH,46.06844,weight,28,35,0.94774
alcohol,醇类,ethanol,乙醇,C2H5OH,46.06844,weight,29,35,0.9459
alcohol,醇类,ethanol,乙醇,C2H5OH,46.06844,weight,30,35,0.94403
alcohol,醇类,ethanol,乙醇,C2H5OH,46.06844,weight,31,35,0.94214
alcohol,醇类,ethanol,乙醇,C2H5OH,46.06844,weight,32,35,0.94021
alcohol,醇类,ethanol,乙醇,C2H5OH,46.06844,weight,33,35,0.93825
alcohol,醇类,ethanol,乙醇,C2H5OH,46.06844,weight,34,35,0.93626
alcohol,醇类,ethanol,乙醇,C2H5OH,46.06844,weight,35,35,0.93425
alcohol,醇类,ethanol,乙醇,C2H5OH,46.06844,weight,36,35,0.93221
alcohol,醇类,ethanol,乙醇,C2H5OH,46.06844,weight,37,35,0.93016
alcohol,醇类,ethanol,乙醇,C2H5OH,46.06844,weight,38,35,0.92808
alcohol,醇类,ethanol,乙醇,C2H5OH,46.06844,weight,39,35,0.92597
alcohol,醇类,ethanol,乙醇,C2H5OH,46.06844,weight,40,35,0.92385
alcohol,醇类,ethanol,乙醇,C2H5OH,46.06844,weight,41,35,0.9217
alcohol,醇类,ethanol,乙醇,C2H5OH,46.06844,weight,42,35,0.91952
alcohol,醇类,ethanol,乙醇,C2H5OH,46.06844,weight,43,35,0.91733
alcohol,醇类,ethanol,乙醇,C2H5OH,46.06844,weight,44,35,0.91513
alcohol,醇类,ethanol,乙醇,C2H5OH,46.06844,weight,45,35,0.91291
alcohol,醇类,ethanol,乙醇,C2H5OH,46.06844,weight,46,35,0.91069
alcohol,醇类,ethanol,乙醇,C2H5OH,46.06844,weight,47,35,0.90845
alcohol,醇类,ethanol,乙醇,C2H5OH,46.06844,weight,48,35,0.90621
alcohol,醇类,ethanol,乙醇,C2H5OH,46.06844,weight,49,35,0.90396
alcohol,醇类,ethanol,乙醇,C2H5OH,46.06844,weight,50,35,0.90168
alcohol,醇类,ethanol,乙醇,C2H5OH,46.06844,weight,51,35,0.8994
alcohol,醇类,ethanol,乙醇,C2H5OH,46.06844,weight,52,35,0.8971
alcohol,醇类,ethanol,乙醇,C2H5OH,46.06844,weight,53,35,0.89479
alcohol,醇类,ethanol,乙醇,C2H5OH,46.06844,weight,54,35,0.89248
alcohol,醇类,ethanol,乙醇,C2H5OH,46.06844,weight,55,35,0.89016
alcohol,醇类,ethanol,乙醇,C2H5OH,46.06844,weight,56,35,0.88784
alcohol,醇类,ethanol,乙醇,C2H5OH,46.06844,weight,57,35,0.88552
alcohol,醇类,ethanol,乙醇,C2H5OH,46.06844,weight,58,35,0.88319
alcohol,醇类,ethanol,乙醇,C2H5OH,46.06844,weight,59,35,0.88085
alcohol,醇类,ethanol,乙醇,C2H5OH,46.06844,weight,60,35,0.87851
alcohol,醇类,ethanol,乙醇,C2H5OH,46.06844,weight,61,35,0.87615
alcohol,醇类,ethanol,乙醇,C2H5OH,46.06844,weight,62,35,0.87379
alcohol,醇类,ethanol,乙醇,C2H5OH,46.06844,weight,63,35,0.87142
alcohol,醇类,ethanol,乙醇,C2H5OH,46.06844,weight,64,35,0.86905
alcohol,醇类,ethanol,乙醇,C2H5OH,46.06844,weight,65,35,0.86667
alcohol,醇类,ethanol,乙醇,C2H5OH,46.06844,weight,66,35,0.86429
alcohol,醇类,ethanol,乙醇,C2H5OH,46.06844,weight,67,35,0.8619
alcohol,醇类,ethanol,乙醇,C2H5OH,46.06844,weight,68,35,0.8595
alcohol,醇类,ethanol,乙醇,C2H5OH,46.06844,weight,69,35,0.8571
alcohol,醇类,ethanol,乙醇,C2H5OH,46.06844,weight,70,35,0.8547
alcohol,醇类,ethanol,乙醇,C2H5OH,46.06844,weight,71,35,0.85228
alcohol,醇类,ethanol,乙醇,C2H5OH,46.06844,weight,72,35,0.84986
alcohol,醇类,ethanol,乙醇,C2H5OH,46.06844,weight,73,35,0.84743
alcohol,醇类,ethanol,乙醇,C2H5OH,46.06844,weight,74,35,0.845
alcohol,醇类,ethanol,乙醇,C2H5OH,46.06844,weight,75,35,0.84257
alcohol,醇类,ethanol,乙醇,C2H5OH,46.06844,weight,76,35,0.84013
alcohol,醇类,ethanol,乙醇,C2H5OH,46.06844,weight,77,35,0.83768
alcohol,醇类,ethanol,乙醇,C2H5OH,46.06844,weight,78,35,0.83523
alcohol,醇类,ethanol,乙醇,C2H5OH,46.06844,weight,79,35,0.83277
alcohol,醇类,ethanol,乙醇,C2H5OH,46.06844,weight,80,35,0.83029
alcohol,醇类,ethanol,乙醇,C2H5OH,46.06844,weight,81,35,0.8278
alcohol,醇类,ethanol,乙醇,C2H5OH,46.06844,weight,82,35,0.8253
alcohol,醇类,ethanol,乙醇,C2H5OH,46.06844,weight,83,35,0.82279
alcohol,醇类,ethanol,乙醇,C2H5OH,46.06844,weight,84,35,0.82027
alcohol,醇类,ethanol,乙醇,C2H5OH,46.06844,weight,85,35,0.81774
alcohol,醇类,ethanol,乙醇,C2H5OH,46.06844,weight,86,35,0.81519
alcohol,醇类,ethanol,乙醇,C2H5OH,46.06844,weight,87,35,0.81262
alcohol,醇类,ethanol,乙醇,C2H5OH,46.06844,weight,88,35,0.81003
alcohol,醇类,ethanol,乙醇,C2H5OH,46.06844,weight,89,35,0.80742
alcohol,醇类,ethanol,乙醇,C2H5OH,46.06844,weight,90,35,0.80478
alcohol,醇类,ethanol,乙醇,C2H5OH,46.06844,weight,91,35,0.80211
alcohol,醇类,ethanol,乙醇,C2H5OH,46.06844,weight,92,35,0.79941
alcohol,醇类,ethanol,乙醇,C2H5OH,46.06844,weight,93,35,0.79669
alcohol,醇类,ethanol,乙醇,C2H5OH,46.06844,weight,94,35,0.79393
alcohol,醇类,ethanol,乙醇,C2H5OH,46.06844,weight,95,35,0.79114
alcohol,醇类,ethanol,乙醇,C2H5OH,46.06844,weight,96,35,0.78831
alcohol,醇类,ethanol,乙醇,C2H5OH,46.06844,weight,97,35,0.78542
alcohol,醇类,ethanol,乙醇,C2H5OH,46.06844,weight,98,35,0.78247
alcohol,醇类,ethanol,乙醇,C2H5OH,46.06844,weight,99,35,0.77946
alcohol,醇类,ethanol,乙醇,C2H5OH,46.06844,weight,100,35,0.77641
alcohol,醇类,ethanol,乙醇,C2H5OH,46.06844,weight,0,40,0.9922204
alcohol,醇类,ethanol,乙醇,C2H5OH,46.06844,weight,1,40,0.99034
alcohol,醇类,ethanol,乙醇,C2H5OH,46.06844,weight,2,40,0.98846
alcohol,醇类,ethanol,乙醇,C2H5OH,46.06844,weight,3,40,0.98663
alcohol,醇类,ethanol,乙醇,C2H5OH,46.06844,weight,4,40,0.98485
alcohol,醇类,ethanol,乙醇,C2H5OH,46.06844,weight,5,40,0.98311
alcohol,醇类,ethanol,乙醇,C2H5OH,46.06844,weight,6,40,0.98142
alcohol,醇类,ethanol,乙醇,C2H5OH,46.06844,weight,7,40,0.97975
alcohol,醇类,ethanol,乙醇,C2H5OH,46.06844,weight,8,40,0.97808
alcohol,醇类,ethanol,乙醇,C2H5OH,46.06844,weight,9,40,0.97641
alcohol,醇类,ethanol,乙醇,C2H5OH,46.06844,weight,10,40,0.97475
alcohol,醇类,ethanol,乙醇,C2H5OH,46.06844,weight,11,40,0.97312
alcohol,醇类,ethanol,乙醇,C2H5OH,46.06844,weight,12,40,0.9715
alcohol,醇类,ethanol,乙醇,C2H5OH,46.06844,weight,13,40,0.96989
alcohol,醇类,ethanol,乙醇,C2H5OH,46.06844,weight,14,40,0.96829
alcohol,醇类,ethanol,乙醇,C2H5OH,46.06844,weight,15,40,0.9667
alcohol,醇类,ethanol,乙醇,C2H5OH,46.06844,weight,16,40,0.96512
alcohol,醇类,ethanol,乙醇,C2H5OH,46.06844,weight,17,40,0.96352
alcohol,醇类,ethanol,乙醇,C2H5OH,46.06844,weight,18,40,0.96189
alcohol,醇类,ethanol,乙醇,C2H5OH,46.06844,weight,19,40,0.96023
alcohol,醇类,ethanol,乙醇,C2H5OH,46.06844,weight,20,40,0.95856
alcohol,醇类,ethanol,乙醇,C2H5OH,46.06844,weight,21,40,0.95687
alcohol,醇类,ethanol,乙醇,C2H5OH,46.06844,weight,22,40,0.95516
alcohol,醇类,ethanol,乙醇,C2H5OH,46.06844,weight,23,40,0.95343
alcohol,醇类,ethanol,乙醇,C2H5OH,46.06844,weight,24,40,0.95168
alcohol,醇类,ethanol,乙醇,C2H5OH,46.06844,weight,25,40,0.94991
alcohol,醇类,ethanol,乙醇,C2H5OH,46.06844,weight,26,40,0.9481
alcohol,醇类,ethanol,乙醇,C2H5OH,46.06844,weight,27,40,0.94625
alcohol,醇类,ethanol,乙醇,C2H5OH,46.06844,weight,28,40,0.94438
alcohol,醇类,ethanol,乙醇,C2H5OH,46.06844,weight,29,40,0.94248
alcohol,醇类,ethanol,乙醇,C2H5OH,46.06844,weight,30,40,0.94055
alcohol,醇类,ethanol,乙醇,C2H5OH,46.06844,weight,31,40,0.9386
alcohol,醇类,ethanol,乙醇,C2H5OH,46.06844,weight,32,40,0.93662
alcohol,醇类,ethanol,乙醇,C2H5OH,46.06844,weight,33,40,0.93461
alcohol,醇类,ethanol,乙醇,C2H5OH,46.06844,weight,34,40,0.93257
alcohol,醇类,ethanol,乙醇,C2H5OH,46.06844,weight,35,40,0.93051
alcohol,醇类,ethanol,乙醇,C2H5OH,46.06844,weight,36,40,0.92843
alcohol,醇类,ethanol,乙醇,C2H5OH,46.06844,weight,37,40,0.92634
alcohol,醇类,ethanol,乙醇,C2H5OH,46.06844,weight,38,40,0.92422
alcohol,醇类,ethanol,乙醇,C2H5OH,46.06844,weight,39,40,0.92208
alcohol,醇类,ethanol,乙醇,C2H5OH,46.06844,weight,40,40,0.91992
alcohol,醇类,ethanol,乙醇,C2H5OH,46.06844,weight,41,40,0.91774
alcohol,醇类,ethanol,乙醇,C2H5OH,46.06844,weight,42,40,0.91554
alcohol,醇类,ethanol,乙醇,C2H5OH,46.06844,weight,43,40,0.91332
alcohol,醇类,ethanol,乙醇,C2H5OH,46.06844,weight,44,40,0.91108
alcohol,醇类,ethanol,乙醇,C2H5OH,46.06844,weight,45,40,0.90884
alcohol,醇类,ethanol,乙醇,C2H5OH,46.06844,weight,46,40,0.9066
alcohol,醇类,ethanol,乙醇,C2H5OH,46.06844,weight,47,40,0.90434
alcohol,醇类,ethanol,乙醇,C2H5OH,46.06844,weight,48,40,0.90207
alcohol,醇类,ethanol,乙醇,C2H5OH,46.06844,weight,49,40,0.89979
alcohol,醇类,ethanol,乙醇,C2H5OH,46.06844,weight,50,40,0.8975
alcohol,醇类,ethanol,乙醇,C2H5OH,46.06844,weight,51,40,0.89519
alcohol,醇类,ethanol,乙醇,C2H5OH,46.06844,weight,52,40,0.89288
alcohol,醇类,ethanol,乙醇,C2H5OH,46.06844,weight,53,40,0.89056
alcohol,醇类,ethanol,乙醇,C2H5OH,46.06844,weight,54,40,0.88823
alcohol,醇类,ethanol,乙醇,C2H5OH,46.06844,weight,55,40,0.88589
alcohol,醇类,ethanol,乙醇,C2H5OH,46.06844,weight,56,40,0.88356
alcohol,醇类,ethanol,乙醇,C2H5OH,46.06844,weight,57,40,0.88122
alcohol,醇类,ethanol,乙醇,C2H5OH,46.06844,weight,58,40,0.87888
alcohol,醇类,ethanol,乙醇,C2H5OH,46.06844,weight,59,40,0.87653
alcohol,醇类,ethanol,乙醇,C2H5OH,46.06844,weight,60,40,0.87417
alcohol,醇类,ethanol,乙醇,C2H5OH,46.06844,weight,61,40,0.8718
alcohol,醇类,ethanol,乙醇,C2H5OH,46.06844,weight,62,40,0.86943
alcohol,醇类,ethanol,乙醇,C2H5OH,46.06844,weight,63,40,0.86705
alcohol,醇类,ethanol,乙醇,C2H5OH,46.06844,weight,64,40,0.86466
alcohol,醇类,ethanol,乙醇,C2H5OH,46.06844,weight,65,40,0.86227
alcohol,醇类,ethanol,乙醇,C2H5OH,46.06844,weight,66,40,0.85987
alcohol,醇类,ethanol,乙醇,C2H5OH,46.06844,weight,67,40,0.85747
alcohol,醇类,ethanol,乙醇,C2H5OH,46.06844,weight,68,40,0.85507
alcohol,醇类,ethanol,乙醇,C2H5OH,46.06844,weight,69,40,0.85266
alcohol,醇类,ethanol,乙醇,C2H5OH,46.06844,weight,70,40,0.85025
alcohol,醇类,ethanol,乙醇,C2H5OH,46.06844,weight,71,40,0.84783
alcohol,醇类,ethanol,乙醇,C2H5OH,46.06844,weight,72,40,0.8454
alcohol,醇类,ethanol,乙醇,C2H5OH,46.06844,weight,73,40,0.84297
alcohol,醇类,ethanol,乙醇,C2H5OH,46.06844,weight,74,40,0.84053
alcohol,醇类,ethanol,乙醇,C2H5OH,46.06844,weight,75,40,0.83809
alcohol,醇类,ethanol,乙醇,C2H5OH,46.06844,weight,76,40,0.83564
alcohol,醇类,ethanol,乙醇,C2H5OH,46.06844,weight,77,40,0.83319
alcohol,醇类,ethanol,乙醇,C2H5OH,46.06844,weight,78,40,0.83074
alcohol,醇类,ethanol,乙醇,C2H5OH,46.06844,weight,79,40,0.82827
alcohol,醇类,ethanol,乙醇,C2H5OH,46.06844,weight,80,40,0.82578
alcohol,醇类,ethanol,乙醇,C2H5OH,46.06844,weight,81,40,0.82329
alcohol,醇类,ethanol,乙醇,C2H5OH,46.06844,weight,82,40,0.82079
alcohol,醇类,ethanol,乙醇,C2H5OH,46.06844,weight,83,40,0.81828
alcohol,醇类,ethanol,乙醇,C2H5OH,46.06844,weight,84,40,0.81576
alcohol,醇类,ethanol,乙醇,C2H5OH,46.06844,weight,85,40,0.81322
alcohol,醇类,ethanol,乙醇,C2H5OH,46.06844,weight,86,40,0.81067
alcohol,醇类,ethanol,乙醇,C2H5OH,46.06844,weight,87,40,0.80811
alcohol,醇类,ethanol,乙醇,C2H5OH,46.06844,weight,88,40,0.80552
alcohol,醇类,ethanol,乙醇,C2H5OH,46.06844,weight,89,40,0.80291
alcohol,醇类,ethanol,乙醇,C2H5OH,46.06844,weight,90,40,0.80028
alcohol,醇类,ethanol,乙醇,C2H5OH,46.06844,weight,91,40,0.79761
alcohol,醇类,ethanol,乙醇,C2H5OH,46.06844,weight,92,40,0.79491
alcohol,醇类,ethanol,乙醇,C2H5OH,46.06844,weight,93,40,0.7922
alcohol,醇类,ethanol,乙醇,C2H5OH,46.06844,weight,94,40,0.78947
alcohol,醇类,ethanol,乙醇,C2H5OH,46.06844,weight,95,40,0.7867
alcohol,醇类,ethanol,乙醇,C2H5OH,46.06844,weight,96,40,0.78388
alcohol,醇类,ethanol,乙醇,C2H5OH,46.06844,weight,97,40,0.781
alcohol,醇类,ethanol,乙醇,C2H5OH,46.06844,weight,98,40,0.77806
alcohol,醇类,ethanol,乙醇,C2H5OH,46.06844,weight,99,40,0.77507
alcohol,醇类,ethanol,乙醇,C2H5OH,46.06844,weight,100,40,0.77203
alcohol,醇类,ethanol,乙醇,C2H5OH,46.06844,volume,0,10,0.9997021
alcohol,醇类,ethanol,乙醇,C2H5OH,46.06844,volume,1.264286,10,0.99785
alcohol,醇类,ethanol,乙醇,C2H5OH,46.06844,volume,2.521429,10,0.99602
alcohol,醇类,ethanol,乙醇,C2H5OH,46.06844,volume,3.771429,10,0.99426
alcohol,醇类,ethanol,乙醇,C2H5OH,46.06844,volume,5.023077,10,0.99258
alcohol,醇类,ethanol,乙醇,C2H5OH,46.06844,volume,6.269231,10,0.99098
alcohol,醇类,ethanol,乙醇,C2H5OH,46.06844,volume,7.508333,10,0.98946
alcohol,醇类,ethanol,乙醇,C2H5OH,46.06844,volume,8.746154,10,0.98801
alcohol,醇类,ethanol,乙醇,C2H5OH,46.06844,volume,9.983333,10,0.9866
alcohol,醇类,ethanol,乙醇,C2H5OH,46.06844,volume,11.208333,10,0.98524
alcohol,醇类,ethanol,乙醇,C2H5OH,46.06844,volume,12.436364,10,0.98393
alcohol,醇类,ethanol,乙醇,C2H5OH,46.06844,volume,13.663636,10,0.98267
alcohol,醇类,ethanol,乙醇,C2H5OH,46.06844,volume,14.881818,10,0.98145
alcohol,醇类,ethanol,乙醇,C2H5OH,46.06844,volume,16.1,10,0.98026
alcohol,醇类,ethanol,乙醇,C2H5OH,46.06844,volume,17.318182,10,0.97911
alcohol,醇类,ethanol,乙醇,C2H5OH,46.06844,volume,18.53,10,0.978
alcohol,醇类,ethanol,乙醇,C2H5OH,46.06844,volume,19.74,10,0.97692
alcohol,醇类,ethanol,乙醇,C2H5OH,46.06844,volume,20.945455,10,0.97583
alcohol,醇类,ethanol,乙醇,C2H5OH,46.06844,volume,22.145455,10,0.97473
alcohol,醇类,ethanol,乙醇,C2H5OH,46.06844,volume,23.345455,10,0.97363
alcohol,醇类,ethanol,乙醇,C2H5OH,46.06844,volume,24.541667,10,0.97252
alcohol,醇类,ethanol,乙醇,C2H5OH,46.06844,volume,25.736364,10,0.97139
alcohol,醇类,ethanol,乙醇,C2H5OH,46.06844,volume,26.925,10,0.97024
alcohol,醇类,ethanol,乙醇,C2H5OH,46.06844,volume,28.108333,10,0.96907
alcohol,醇类,ethanol,乙醇,C2H5OH,46.06844,volume,29.283333,10,0.96787
alcohol,醇类,ethanol,乙醇,C2H5OH,46.06844,volume,30.458333,10,0.96665
alcohol,醇类,ethanol,乙醇,C2H5OH,46.06844,volume,31.630769,10,0.96539
alcohol,醇类,ethanol,乙醇,C2H5OH,46.06844,volume,32.792857,10,0.96406
alcohol,醇类,ethanol,乙醇,C2H5OH,46.06844,volume,33.95,10,0.96268
alcohol,醇类,ethanol,乙醇,C2H5OH,46.06844,volume,35.107143,10,0.96125
alcohol,醇类,ethanol,乙醇,C2H5OH,46.06844,volume,36.253333,10,0.95977
alcohol,醇类,ethanol,乙醇,C2H5OH,46.06844,volume,37.39375,10,0.95823
alcohol,醇类,ethanol,乙醇,C2H5OH,46.06844,volume,38.53125,10,0.95665
alcohol,醇类,ethanol,乙醇,C2H5OH,46.06844,volume,39.65625,10,0.95502
alcohol,醇类,ethanol,乙醇,C2H5OH,46.06844,volume,40.78125,10,0.95334
alcohol,醇类,ethanol,乙醇,C2H5OH,46.06844,volume,41.9,10,0.95162
alcohol,醇类,ethanol,乙醇,C2H5OH,46.06844,volume,43.011765,10,0.94986
alcohol,醇类,ethanol,乙醇,C2H5OH,46.06844,volume,44.116667,10,0.94805
alcohol,醇类,ethanol,乙醇,C2H5OH,46.06844,volume,45.215789,10,0.9462
alcohol,醇类,ethanol,乙醇,C2H5OH,46.06844,volume,46.305556,10,0.94431
alcohol,醇类,ethanol,乙醇,C2H5OH,46.06844,volume,47.39,10,0.94238
alcohol,醇类,ethanol,乙醇,C2H5OH,46.06844,volume,48.47,10,0.94042
alcohol,醇类,ethanol,乙醇,C2H5OH,46.06844,volume,49.542857,10,0.93842
alcohol,醇类,ethanol,乙醇,C2H5OH,46.06844,volume,50.605263,10,0.93639
alcohol,醇类,ethanol,乙醇,C2H5OH,46.06844,volume,51.666667,10,0.93433
alcohol,醇类,ethanol,乙醇,C2H5OH,46.06844,volume,52.719048,10,0.93226
alcohol,醇类,ethanol,乙醇,C2H5OH,46.06844,volume,53.766667,10,0.93017
alcohol,醇类,ethanol,乙醇,C2H5OH,46.06844,volume,54.804762,10,0.92806
alcohol,醇类,ethanol,乙醇,C2H5OH,46.06844,volume,55.838095,10,0.92593
alcohol,醇类,ethanol,乙醇,C2H5OH,46.06844,volume,56.866667,10,0.92379
alcohol,醇类,ethanol,乙醇,C2H5OH,46.06844,volume,57.886364,10,0.92162
alcohol,醇类,ethanol,乙醇,C2H5OH,46.06844,volume,58.9,10,0.91943
alcohol,醇类,ethanol,乙醇,C2H5OH,46.06844,volume,59.909091,10,0.91723
alcohol,醇类,ethanol,乙醇,C2H5OH,46.06844,volume,60.909091,10,0.91502
alcohol,醇类,ethanol,乙醇,C2H5OH,46.06844,volume,61.904348,10,0.91279
alcohol,醇类,ethanol,乙醇,C2H5OH,46.06844,volume,62.891304,10,0.91055
alcohol,醇类,ethanol,乙醇,C2H5OH,46.06844,volume,63.873913,10,0.90831
alcohol,醇类,ethanol,乙醇,C2H5OH,46.06844,volume,64.847826,10,0.90607
alcohol,醇类,ethanol,乙醇,C2H5OH,46.06844,volume,65.817391,10,0.90381
alcohol,醇类,ethanol,乙醇,C2H5OH,46.06844,volume,66.779167,10,0.90154
alcohol,醇类,ethanol,乙醇,C2H5OH,46.06844,volume,67.7375,10,0.89927
alcohol,醇类,ethanol,乙醇,C2H5OH,46.06844,volume,68.6875,10,0.89698
alcohol,醇类,ethanol,乙醇,C2H5OH,46.06844,volume,69.630769,10,0.89468
alcohol,醇类,ethanol,乙醇,C2H5OH,46.06844,volume,70.568,10,0.89237
alcohol,醇类,ethanol,乙醇,C2H5OH,46.06844,volume,71.5,10,0.89006
alcohol,醇类,ethanol,乙醇,C2H5OH,46.06844,volume,72.424,10,0.88774
alcohol,醇类,ethanol,乙醇,C2H5OH,46.06844,volume,73.340741,10,0.88541
alcohol,醇类,ethanol,乙醇,C2H5OH,46.06844,volume,74.253846,10,0.88308
alcohol,醇类,ethanol,乙醇,C2H5OH,46.06844,volume,75.157692,10,0.88074
alcohol,醇类,ethanol,乙醇,C2H5OH,46.06844,volume,76.055556,10,0.87839
alcohol,醇类,ethanol,乙醇,C2H5OH,46.06844,volume,76.944444,10,0.87602
alcohol,醇类,ethanol,乙醇,C2H5OH,46.06844,volume,77.82963,10,0.87365
alcohol,醇类,ethanol,乙醇,C2H5OH,46.06844,volume,78.707143,10,0.87127
alcohol,醇类,ethanol,乙醇,C2H5OH,46.06844,volume,79.578571,10,0.86888
alcohol,醇类,ethanol,乙醇,C2H5OH,46.06844,volume,80.441379,10,0.86648
alcohol,醇类,ethanol,乙醇,C2H5OH,46.06844,volume,81.3,10,0.86408
alcohol,醇类,ethanol,乙醇,C2H5OH,46.06844,volume,82.148276,10,0.86168
alcohol,醇类,ethanol,乙醇,C2H5OH,46.06844,volume,82.993103,10,0.85927
alcohol,醇类,ethanol,乙醇,C2H5OH,46.06844,volume,83.831034,10,0.85685
alcohol,醇类,ethanol,乙醇,C2H5OH,46.06844,volume,84.662069,10,0.85442
alcohol,醇类,ethanol,乙醇,C2H5OH,46.06844,volume,85.483333,10,0.85197
alcohol,醇类,ethanol,乙醇,C2H5OH,46.06844,volume,86.296774,10,0.8495
alcohol,醇类,ethanol,乙醇,C2H5OH,46.06844,volume,87.10625,10,0.84702
alcohol,醇类,ethanol,乙醇,C2H5OH,46.06844,volume,87.90625,10,0.84453
alcohol,醇类,ethanol,乙醇,C2H5OH,46.06844,volume,88.696875,10,0.84203
alcohol,醇类,ethanol,乙醇,C2H5OH,46.06844,volume,89.48125,10,0.83951
alcohol,醇类,ethanol,乙醇,C2H5OH,46.06844,volume,90.257576,10,0.83697
alcohol,醇类,ethanol,乙醇,C2H5OH,46.06844,volume,91.020588,10,0.83441
alcohol,醇类,ethanol,乙醇,C2H5OH,46.06844,volume,91.777143,10,0.83181
alcohol,醇类,ethanol,乙醇,C2H5OH,46.06844,volume,92.525,10,0.82919
alcohol,醇类,ethanol,乙醇,C2H5OH,46.06844,volume,93.264865,10,0.82654
alcohol,醇类,ethanol,乙醇,C2H5OH,46.06844,volume,93.991892,10,0.82386
alcohol,醇类,ethanol,乙醇,C2H5OH,46.06844,volume,94.707895,10,0.82114
alcohol,醇类,ethanol,乙醇,C2H5OH,46.06844,volume,95.412821,10,0.81839
alcohol,醇类,ethanol,乙醇,C2H5OH,46.06844,volume,96.109756,10,0.81561
alcohol,醇类,ethanol,乙醇,C2H5OH,46.06844,volume,96.792683,10,0.81278
alcohol,醇类,ethanol,乙醇,C2H5OH,46.06844,volume,97.462791,10,0.80991
alcohol,醇类,ethanol,乙醇,C2H5OH,46.06844,volume,98.119565,10,0.80698
alcohol,醇类,ethanol,乙醇,C2H5OH,46.06844,volume,98.7625,10,0.80399
alcohol,醇类,ethanol,乙醇,C2H5OH,46.06844,volume,99.388,10,0.80094
alcohol,醇类,ethanol,乙醇,C2H5OH,46.06844,volume,100,10,0.79784
alcohol,醇类,ethanol,乙醇,C2H5OH,46.06844,volume,0,15,0.9991016
alcohol,醇类,ethanol,乙醇,C2H5OH,46.06844,volume,1.264286,15,0.99725
alcohol,醇类,ethanol,乙醇,C2H5OH,46.06844,volume,2.521429,15,0.99542
alcohol,醇类,ethanol,乙醇,C2H5OH,46.06844,volume,3.771429,15,0.99365
alcohol,醇类,ethanol,乙醇,C2H5OH,46.06844,volume,5.023077,15,0.99195
alcohol,醇类,ethanol,乙醇,C2H5OH,46.06844,volume,6.269231,15,0.99032
alcohol,醇类,ethanol,乙醇,C2H5OH,46.06844,volume,7.508333,15,0.98877
alcohol,醇类,ethanol,乙醇,C2H5OH,46.06844,volume,8.746154,15,0.98729
alcohol,醇类,ethanol,乙醇,C2H5OH,46.06844,volume,9.983333,15,0.98584
alcohol,醇类,ethanol,乙醇,C2H5OH,46.06844,volume,11.208333,15,0.98442
alcohol,醇类,ethanol,乙醇,C2H5OH,46.06844,volume,12.436364,15,0.98304
alcohol,醇类,ethanol,乙醇,C2H5OH,46.06844,volume,13.663636,15,0.98171
alcohol,醇类,ethanol,乙醇,C2H5OH,46.06844,volume,14.881818,15,0.98041
alcohol,醇类,ethanol,乙醇,C2H5OH,46.06844,volume,16.1,15,0.97914
alcohol,醇类,ethanol,乙醇,C2H5OH,46.06844,volume,17.318182,15,0.9779
alcohol,醇类,ethanol,乙醇,C2H5OH,46.06844,volume,18.53,15,0.97669
alcohol,醇类,ethanol,乙醇,C2H5OH,46.06844,volume,19.74,15,0.97552
alcohol,醇类,ethanol,乙醇,C2H5OH,46.06844,volume,20.945455,15,0.97433
alcohol,醇类,ethanol,乙醇,C2H5OH,46.06844,volume,22.145455,15,0.97313
alcohol,醇类,ethanol,乙醇,C2H5OH,46.06844,volume,23.345455,15,0.97191
alcohol,醇类,ethanol,乙醇,C2H5OH,46.06844,volume,24.541667,15,0.97068
alcohol,醇类,ethanol,乙醇,C2H5OH,46.06844,volume,25.736364,15,0.96944
alcohol,醇类,ethanol,乙醇,C2H5OH,46.06844,volume,26.925,15,0.96818
alcohol,醇类,ethanol,乙醇,C2H5OH,46.06844,volume,28.108333,15,0.96689
alcohol,醇类,ethanol,乙醇,C2H5OH,46.06844,volume,29.283333,15,0.96558
alcohol,醇类,ethanol,乙醇,C2H5OH,46.06844,volume,30.458333,15,0.96424
alcohol,醇类,ethanol,乙醇,C2H5OH,46.06844,volume,31.630769,15,0.96287
alcohol,醇类,ethanol,乙醇,C2H5OH,46.06844,volume,32.792857,15,0.96144
alcohol,醇类,ethanol,乙醇,C2H5OH,46.06844,volume,33.95,15,0.95996
alcohol,醇类,ethanol,乙醇,C2H5OH,46.06844,volume,35.107143,15,0.95844
alcohol,醇类,ethanol,乙醇,C2H5OH,46.06844,volume,36.253333,15,0.95686
alcohol,醇类,ethanol,乙醇,C2H5OH,46.06844,volume,37.39375,15,0.95524
alcohol,醇类,ethanol,乙醇,C2H5OH,46.06844,volume,38.53125,15,0.95357
alcohol,醇类,ethanol,乙醇,C2H5OH,46.06844,volume,39.65625,15,0.95186
alcohol,醇类,ethanol,乙醇,C2H5OH,46.06844,volume,40.78125,15,0.95011
alcohol,醇类,ethanol,乙醇,C2H5OH,46.06844,volume,41.9,15,0.94832
alcohol,醇类,ethanol,乙醇,C2H5OH,46.06844,volume,43.011765,15,0.9465
alcohol,醇类,ethanol,乙醇,C2H5OH,46.06844,volume,44.116667,15,0.94464
alcohol,醇类,ethanol,乙醇,C2H5OH,46.06844,volume,45.215789,15,0.94273
alcohol,醇类,ethanol,乙醇,C2H5OH,46.06844,volume,46.305556,15,0.94079
alcohol,醇类,ethanol,乙醇,C2H5OH,46.06844,volume,47.39,15,0.93882
alcohol,醇类,ethanol,乙醇,C2H5OH,46.06844,volume,48.47,15,0.93682
alcohol,醇类,ethanol,乙醇,C2H5OH,46.06844,volume,49.542857,15,0.93478
alcohol,醇类,ethanol,乙醇,C2H5OH,46.06844,volume,50.605263,15,0.93271
alcohol,醇类,ethanol,乙醇,C2H5OH,46.06844,volume,51.666667,15,0.93062
alcohol,醇类,ethanol,乙醇,C2H5OH,46.06844,volume,52.719048,15,0.92852
alcohol,醇类,ethanol,乙醇,C2H5OH,46.06844,volume,53.766667,15,0.9264
alcohol,醇类,ethanol,乙醇,C2H5OH,46.06844,volume,54.804762,15,0.92426
alcohol,醇类,ethanol,乙醇,C2H5OH,46.06844,volume,55.838095,15,0.92211
alcohol,醇类,ethanol,乙醇,C2H5OH,46.06844,volume,56.866667,15,0.91995
alcohol,醇类,ethanol,乙醇,C2H5OH,46.06844,volume,57.886364,15,0.91776
alcohol,醇类,ethanol,乙醇,C2H5OH,46.06844,volume,58.9,15,0.91555
alcohol,醇类,ethanol,乙醇,C2H5OH,46.06844,volume,59.909091,15,0.91333
alcohol,醇类,ethanol,乙醇,C2H5OH,46.06844,volume,60.909091,15,0.9111
alcohol,醇类,ethanol,乙醇,C2H5OH,46.06844,volume,61.904348,15,0.90885
alcohol,醇类,ethanol,乙醇,C2H5OH,46.06844,volume,62.891304,15,0.90659
alcohol,醇类,ethanol,乙醇,C2H5OH,46.06844,volume,63.873913,15,0.90433
alcohol,醇类,ethanol,乙醇,C2H5OH,46.06844,volume,64.847826,15,0.90207
alcohol,醇类,ethanol,乙醇,C2H5OH,46.06844,volume,65.817391,15,0.8998
alcohol,醇类,ethanol,乙醇,C2H5OH,46.06844,volume,66.779167,15,0.89752
alcohol,醇类,ethanol,乙醇,C2H5OH,46.06844,volume,67.7375,15,0.89523
alcohol,醇类,ethanol,乙醇,C2H5OH,46.06844,volume,68.6875,15,0.89293
alcohol,醇类,ethanol,乙醇,C2H5OH,46.06844,volume,69.630769,15,0.89062
alcohol,醇类,ethanol,乙醇,C2H5OH,46.06844,volume,70.568,15,0.8883
alcohol,醇类,ethanol,乙醇,C2H5OH,46.06844,volume,71.5,15,0.88597
alcohol,醇类,ethanol,乙醇,C2H5OH,46.06844,volume,72.424,15,0.88364
alcohol,醇类,ethanol,乙醇,C2H5OH,46.06844,volume,73.340741,15,0.8813
alcohol,醇类,ethanol,乙醇,C2H5OH,46.06844,volume,74.253846,15,0.87895
alcohol,醇类,ethanol,乙醇,C2H5OH,46.06844,volume,75.157692,15,0.8766
alcohol,醇类,ethanol,乙醇,C2H5OH,46.06844,volume,76.055556,15,0.87424
alcohol,醇类,ethanol,乙醇,C2H5OH,46.06844,volume,76.944444,15,0.87187
alcohol,醇类,ethanol,乙醇,C2H5OH,46.06844,volume,77.82963,15,0.86949
alcohol,醇类,ethanol,乙醇,C2H5OH,46.06844,volume,78.707143,15,0.8671
alcohol,醇类,ethanol,乙醇,C2H5OH,46.06844,volume,79.578571,15,0.8647
alcohol,醇类,ethanol,乙醇,C2H5OH,46.06844,volume,80.441379,15,0.86229
alcohol,醇类,ethanol,乙醇,C2H5OH,46.06844,volume,81.3,15,0.85988
alcohol,醇类,ethanol,乙醇,C2H5OH,46.06844,volume,82.148276,15,0.85747
alcohol,醇类,ethanol,乙醇,C2H5OH,46.06844,volume,82.993103,15,0.85505
alcohol,醇类,ethanol,乙醇,C2H5OH,46.06844,volume,83.831034,15,0.85262
alcohol,醇类,ethanol,乙醇,C2H5OH,46.06844,volume,84.662069,15,0.85018
alcohol,醇类,ethanol,乙醇,C2H5OH,46.06844,volume,85.483333,15,0.84772
alcohol,醇类,ethanol,乙醇,C2H5OH,46.06844,volume,86.296774,15,0.84525
alcohol,醇类,ethanol,乙醇,C2H5OH,46.06844,volume,87.10625,15,0.84277
alcohol,醇类,ethanol,乙醇,C2H5OH,46.06844,volume,87.90625,15,0.84028
alcohol,醇类,ethanol,乙醇,C2H5OH,46.06844,volume,88.696875,15,0.83777
alcohol,醇类,ethanol,乙醇,C2H5OH,46.06844,volume,89.48125,15,0.83525
alcohol,醇类,ethanol,乙醇,C2H5OH,46.06844,volume,90.257576,15,0.83271
alcohol,醇类,ethanol,乙醇,C2H5OH,46.06844,volume,91.020588,15,0.83014
alcohol,醇类,ethanol,乙醇,C2H5OH,46.06844,volume,91.777143,15,0.82754
alcohol,醇类,ethanol,乙醇,C2H5OH,46.06844,volume,92.525,15,0.82492
alcohol,醇类,ethanol,乙醇,C2H5OH,46.06844,volume,93.264865,15,0.82227
alcohol,醇类,ethanol,乙醇,C2H5OH,46.06844,volume,93.991892,15,0.81959
alcohol,醇类,ethanol,乙醇,C2H5OH,46.06844,volume,94.707895,15,0.81688
alcohol,醇类,ethanol,乙醇,C2H5OH,46.06844,volume,95.412821,15,0.81413
alcohol,醇类,ethanol,乙醇,C2H5OH,46.06844,volume,96.109756,15,0.81134
alcohol,醇类,ethanol,乙醇,C2H5OH,46.06844,volume,96.792683,15,0.80852
alcohol,醇类,ethanol,乙醇,C2H5OH,46.06844,volume,97.462791,15,0.80566
alcohol,醇类,ethanol,乙醇,C2H5OH,46.06844,volume,98.119565,15,0.80274
alcohol,醇类,ethanol,乙醇,C2H5OH,46.06844,volume,98.7625,15,0.79975
alcohol,醇类,ethanol,乙醇,C2H5OH,46.06844,volume,99.388,15,0.7967
alcohol,醇类,ethanol,乙醇,C2H5OH,46.06844,volume,100,15,0.7936
alcohol,醇类,ethanol,乙醇,C2H5OH,46.06844,volume,0,20,0.9982063
alcohol,醇类,ethanol,乙醇,C2H5OH,46.06844,volume,1.264286,20,0.99636
alcohol,醇类,ethanol,乙醇,C2H5OH,46.06844,volume,2.521429,20,0.99453
alcohol,醇类,ethanol,乙醇,C2H5OH,46.06844,volume,3.771429,20,0.99275
alcohol,醇类,ethanol,乙醇,C2H5OH,46.06844,volume,5.023077,20,0.99103
alcohol,醇类,ethanol,乙醇,C2H5OH,46.06844,volume,6.269231,20,0.98938
alcohol,醇类,ethanol,乙醇,C2H5OH,46.06844,volume,7.508333,20,0.9878
alcohol,醇类,ethanol,乙醇,C2H5OH,46.06844,volume,8.746154,20,0.98627
alcohol,醇类,ethanol,乙醇,C2H5OH,46.06844,volume,9.983333,20,0.98478
alcohol,醇类,ethanol,乙醇,C2H5OH,46.06844,volume,11.208333,20,0.98331
alcohol,醇类,ethanol,乙醇,C2H5OH,46.06844,volume,12.436364,20,0.98187
alcohol,醇类,ethanol,乙醇,C2H5OH,46.06844,volume,13.663636,20,0.98047
alcohol,醇类,ethanol,乙醇,C2H5OH,46.06844,volume,14.881818,20,0.9791
alcohol,醇类,ethanol,乙醇,C2H5OH,46.06844,volume,16.1,20,0.97775
alcohol,醇类,ethanol,乙醇,C2H5OH,46.06844,volume,17.318182,20,0.97643
alcohol,醇类,ethanol,乙醇,C2H5OH,46.06844,volume,18.53,20,0.97514
alcohol,醇类,ethanol,乙醇,C2H5OH,46.06844,volume,19.74,20,0.97387
alcohol,醇类,ethanol,乙醇,C2H5OH,46.06844,volume,20.945455,20,0.97259
alcohol,醇类,ethanol,乙醇,C2H5OH,46.06844,volume,22.145455,20,0.97129
alcohol,醇类,ethanol,乙醇,C2H5OH,46.06844,volume,23.345455,20,0.96997
alcohol,醇类,ethanol,乙醇,C2H5OH,46.06844,volume,24.541667,20,0.96864
alcohol,醇类,ethanol,乙醇,C2H5OH,46.06844,volume,25.736364,20,0.96729
alcohol,醇类,ethanol,乙醇,C2H5OH,46.06844,volume,26.925,20,0.96592
alcohol,醇类,ethanol,乙醇,C2H5OH,46.06844,volume,28.108333,20,0.96453
alcohol,醇类,ethanol,乙醇,C2H5OH,46.06844,volume,29.283333,20,0.96312
alcohol,醇类,ethanol,乙醇,C2H5OH,46.06844,volume,30.458333,20,0.96168
alcohol,醇类,ethanol,乙醇,C2H5OH,46.06844,volume,31.630769,20,0.9602
alcohol,醇类,ethanol,乙醇,C2H5OH,46.06844,volume,32.792857,20,0.95867
alcohol,醇类,ethanol,乙醇,C2H5OH,46.06844,volume,33.95,20,0.9571
alcohol,醇类,ethanol,乙醇,C2H5OH,46.06844,volume,35.107143,20,0.95548
alcohol,醇类,ethanol,乙醇,C2H5OH,46.06844,volume,36.253333,20,0.95382
alcohol,醇类,ethanol,乙醇,C2H5OH,46.06844,volume,37.39375,20,0.95212
alcohol,醇类,ethanol,乙醇,C2H5OH,46.06844,volume,38.53125,20,0.95038
alcohol,醇类,ethanol,乙醇,C2H5OH,46.06844,volume,39.65625,20,0.9486
alcohol,醇类,ethanol,乙醇,C2H5OH,46.06844,volume,40.78125,20,0.94679
alcohol,醇类,ethanol,乙醇,C2H5OH,46.06844,volume,41.9,20,0.94494
alcohol,醇类,ethanol,乙醇,C2H5OH,46.06844,volume,43.011765,20,0.94306
alcohol,醇类,ethanol,乙醇,C2H5OH,46.06844,volume,44.116667,20,0.94114
alcohol,醇类,ethanol,乙醇,C2H5OH,46.06844,volume,45.215789,20,0.93919
alcohol,醇类,ethanol,乙醇,C2H5OH,46.06844,volume,46.305556,20,0.9372
alcohol,醇类,ethanol,乙醇,C2H5OH,46.06844,volume,47.39,20,0.93518
alcohol,醇类,ethanol,乙醇,C2H5OH,46.06844,volume,48.47,20,0.93314
alcohol,醇类,ethanol,乙醇,C2H5OH,46.06844,volume,49.542857,20,0.93107
alcohol,醇类,ethanol,乙醇,C2H5OH,46.06844,volume,50.605263,20,0.92897
alcohol,醇类,ethanol,乙醇,C2H5OH,46.06844,volume,51.666667,20,0.92685
alcohol,醇类,ethanol,乙醇,C2H5OH,46.06844,volume,52.719048,20,0.92472
alcohol,醇类,ethanol,乙醇,C2H5OH,46.06844,volume,53.766667,20,0.92257
alcohol,醇类,ethanol,乙醇,C2H5OH,46.06844,volume,54.804762,20,0.92041
alcohol,醇类,ethanol,乙醇,C2H5OH,46.06844,volume,55.838095,20,0.91823
alcohol,醇类,ethanol,乙醇,C2H5OH,46.06844,volume,56.866667,20,0.91604
alcohol,醇类,ethanol,乙醇,C2H5OH,46.06844,volume,57.886364,20,0.91384
alcohol,醇类,ethanol,乙醇,C2H5OH,46.06844,volume,58.9,20,0.9116
alcohol,醇类,ethanol,乙醇,C2H5OH,46.06844,volume,59.909091,20,0.90936
alcohol,醇类,ethanol,乙醇,C2H5OH,46.06844,volume,60.909091,20,0.90711
alcohol,醇类,ethanol,乙醇,C2H5OH,46.06844,volume,61.904348,20,0.90485
alcohol,醇类,ethanol,乙醇,C2H5OH,46.06844,volume,62.891304,20,0.90258
alcohol,醇类,ethanol,乙醇,C2H5OH,46.06844,volume,63.873913,20,0.90031
alcohol,醇类,ethanol,乙醇,C2H5OH,46.06844,volume,64.847826,20,0.89803
alcohol,醇类,ethanol,乙醇,C2H5OH,46.06844,volume,65.817391,20,0.89574
alcohol,醇类,ethanol,乙醇,C2H5OH,46.06844,volume,66.779167,20,0.89344
alcohol,醇类,ethanol,乙醇,C2H5OH,46.06844,volume,67.7375,20,0.89113
alcohol,醇类,ethanol,乙醇,C2H5OH,46.06844,volume,68.6875,20,0.88882
alcohol,醇类,ethanol,乙醇,C2H5OH,46.06844,volume,69.630769,20,0.8865
alcohol,醇类,ethanol,乙醇,C2H5OH,46.06844,volume,70.568,20,0.88417
alcohol,醇类,ethanol,乙醇,C2H5OH,46.06844,volume,71.5,20,0.88183
alcohol,醇类,ethanol,乙醇,C2H5OH,46.06844,volume,72.424,20,0.87948
alcohol,醇类,ethanol,乙醇,C2H5OH,46.06844,volume,73.340741,20,0.87713
alcohol,醇类,ethanol,乙醇,C2H5OH,46.06844,volume,74.253846,20,0.87477
alcohol,醇类,ethanol,乙醇,C2H5OH,46.06844,volume,75.157692,20,0.87241
alcohol,醇类,ethanol,乙醇,C2H5OH,46.06844,volume,76.055556,20,0.87004
alcohol,醇类,ethanol,乙醇,C2H5OH,46.06844,volume,76.944444,20,0.86766
alcohol,醇类,ethanol,乙醇,C2H5OH,46.06844,volume,77.82963,20,0.86527
alcohol,醇类,ethanol,乙醇,C2H5OH,46.06844,volume,78.707143,20,0.86287
alcohol,醇类,ethanol,乙醇,C2H5OH,46.06844,volume,79.578571,20,0.86047
alcohol,醇类,ethanol,乙醇,C2H5OH,46.06844,volume,80.441379,20,0.85806
alcohol,醇类,ethanol,乙醇,C2H5OH,46.06844,volume,81.3,20,0.85564
alcohol,醇类,ethanol,乙醇,C2H5OH,46.06844,volume,82.148276,20,0.85322
alcohol,醇类,ethanol,乙醇,C2H5OH,46.06844,volume,82.993103,20,0.85079
alcohol,醇类,ethanol,乙醇,C2H5OH,46.06844,volume,83.831034,20,0.84835
alcohol,醇类,ethanol,乙醇,C2H5OH,46.06844,volume,84.662069,20,0.8459
alcohol,醇类,ethanol,乙醇,C2H5OH,46.06844,volume,85.483333,20,0.84344
alcohol,醇类,ethanol,乙醇,C2H5OH,46.06844,volume,86.296774,20,0.84096
alcohol,醇类,ethanol,乙醇,C2H5OH,46.06844,volume,87.10625,20,0.83848
alcohol,醇类,ethanol,乙醇,C2H5OH,46.06844,volume,87.90625,20,0.83599
alcohol,醇类,ethanol,乙醇,C2H5OH,46.06844,volume,88.696875,20,0.83348
alcohol,醇类,ethanol,乙醇,C2H5OH,46.06844,volume,89.48125,20,0.83095
alcohol,醇类,ethanol,乙醇,C2H5OH,46.06844,volume,90.257576,20,0.8284
alcohol,醇类,ethanol,乙醇,C2H5OH,46.06844,volume,91.020588,20,0.82583
alcohol,醇类,ethanol,乙醇,C2H5OH,46.06844,volume,91.777143,20,0.82323
alcohol,醇类,ethanol,乙醇,C2H5OH,46.06844,volume,92.525,20,0.82062
alcohol,醇类,ethanol,乙醇,C2H5OH,46.06844,volume,93.264865,20,0.81797
alcohol,醇类,ethanol,乙醇,C2H5OH,46.06844,volume,93.991892,20,0.81529
alcohol,醇类,ethanol,乙醇,C2H5OH,46.06844,volume,94.707895,20,0.81257
alcohol,醇类,ethanol,乙醇,C2H5OH,46.06844,volume,95.412821,20,0.80983
alcohol,醇类,ethanol,乙醇,C2H5OH,46.06844,volume,96.109756,20,0.80705
alcohol,醇类,ethanol,乙醇,C2H5OH,46.06844,volume,96.792683,20,0.80424
alcohol,醇类,ethanol,乙醇,C2H5OH,46.06844,volume,97.462791,20,0.80138
alcohol,醇类,ethanol,乙醇,C2H5OH,46.06844,volume,98.119565,20,0.79846
alcohol,醇类,ethanol,乙醇,C2H5OH,46.06844,volume,98.7625,20,0.79547
alcohol,醇类,ethanol,乙醇,C2H5OH,46.06844,volume,99.388,20,0.79243
alcohol,醇类,ethanol,乙醇,C2H5OH,46.06844,volume,100,20,0.78934
alcohol,醇类,ethanol,乙醇,C2H5OH,46.06844,volume,0,25,0.997048
alcohol,醇类,ethanol,乙醇,C2H5OH,46.06844,volume,1.264286,25,0.9952
alcohol,醇类,ethanol,乙醇,C2H5OH,46.06844,volume,2.521429,25,0.99336
alcohol,醇类,ethanol,乙醇,C2H5OH,46.06844,volume,3.771429,25,0.99157
alcohol,醇类,ethanol,乙醇,C2H5OH,46.06844,volume,5.023077,25,0.98984
alcohol,醇类,ethanol,乙醇,C2H5OH,46.06844,volume,6.269231,25,0.98817
alcohol,醇类,ethanol,乙醇,C2H5OH,46.06844,volume,7.508333,25,0.98656
alcohol,醇类,ethanol,乙醇,C2H5OH,46.06844,volume,8.746154,25,0.985
alcohol,醇类,ethanol,乙醇,C2H5OH,46.06844,volume,9.983333,25,0.98346
alcohol,醇类,ethanol,乙醇,C2H5OH,46.06844,volume,11.208333,25,0.98193
alcohol,醇类,ethanol,乙醇,C2H5OH,46.06844,volume,12.436364,25,0.98043
alcohol,醇类,ethanol,乙醇,C2H5OH,46.06844,volume,13.663636,25,0.97897
alcohol,醇类,ethanol,乙醇,C2H5OH,46.06844,volume,14.881818,25,0.97753
alcohol,醇类,ethanol,乙醇,C2H5OH,46.06844,volume,16.1,25,0.97611
alcohol,醇类,ethanol,乙醇,C2H5OH,46.06844,volume,17.318182,25,0.97472
alcohol,醇类,ethanol,乙醇,C2H5OH,46.06844,volume,18.53,25,0.97334
alcohol,醇类,ethanol,乙醇,C2H5OH,46.06844,volume,19.74,25,0.97199
alcohol,醇类,ethanol,乙醇,C2H5OH,46.06844,volume,20.945455,25,0.97062
alcohol,醇类,ethanol,乙醇,C2H5OH,46.06844,volume,22.145455,25,0.96923
alcohol,醇类,ethanol,乙醇,C2H5OH,46.06844,volume,23.345455,25,0.96782
alcohol,醇类,ethanol,乙醇,C2H5OH,46.06844,volume,24.541667,25,0.96639
alcohol,醇类,ethanol,乙醇,C2H5OH,46.06844,volume,25.736364,25,0.96495
alcohol,醇类,ethanol,乙醇,C2H5OH,46.06844,volume,26.925,25,0.96348
alcohol,醇类,ethanol,乙醇,C2H5OH,46.06844,volume,28.108333,25,0.96199
alcohol,醇类,ethanol,乙醇,C2H5OH,46.06844,volume,29.283333,25,0.96048
alcohol,醇类,ethanol,乙醇,C2H5OH,46.06844,volume,30.458333,25,0.95895
alcohol,醇类,ethanol,乙醇,C2H5OH,46.06844,volume,31.630769,25,0.95738
alcohol,醇类,ethanol,乙醇,C2H5OH,46.06844,volume,32.792857,25,0.95576
alcohol,醇类,ethanol,乙醇,C2H5OH,46.06844,volume,33.95,25,0.9541
alcohol,醇类,ethanol,乙醇,C2H5OH,46.06844,volume,35.107143,25,0.95241
alcohol,醇类,ethanol,乙醇,C2H5OH,46.06844,volume,36.253333,25,0.95067
alcohol,醇类,ethanol,乙醇,C2H5OH,46.06844,volume,37.39375,25,0.9489
alcohol,醇类,ethanol,乙醇,C2H5OH,46.06844,volume,38.53125,25,0.94709
alcohol,醇类,ethanol,乙醇,C2H5OH,46.06844,volume,39.65625,25,0.94525
alcohol,醇类,ethanol,乙醇,C2H5OH,46.06844,volume,40.78125,25,0.94337
alcohol,醇类,ethanol,乙醇,C2H5OH,46.06844,volume,41.9,25,0.94146
alcohol,醇类,ethanol,乙醇,C2H5OH,46.06844,volume,43.011765,25,0.93952
alcohol,醇类,ethanol,乙醇,C2H5OH,46.06844,volume,44.116667,25,0.93756
alcohol,醇类,ethanol,乙醇,C2H5OH,46.06844,volume,45.215789,25,0.93556
alcohol,醇类,ethanol,乙醇,C2H5OH,46.06844,volume,46.305556,25,0.93353
alcohol,醇类,ethanol,乙醇,C2H5OH,46.06844,volume,47.39,25,0.93148
alcohol,醇类,ethanol,乙醇,C2H5OH,46.06844,volume,48.47,25,0.9294
alcohol,醇类,ethanol,乙醇,C2H5OH,46.06844,volume,49.542857,25,0.92729
alcohol,醇类,ethanol,乙醇,C2H5OH,46.06844,volume,50.605263,25,0.92516
alcohol,醇类,ethanol,乙醇,C2H5OH,46.06844,volume,51.666667,25,0.92301
alcohol,醇类,ethanol,乙醇,C2H5OH,46.06844,volume,52.719048,25,0.92085
alcohol,醇类,ethanol,乙醇,C2H5OH,46.06844,volume,53.766667,25,0.91868
alcohol,醇类,ethanol,乙醇,C2H5OH,46.06844,volume,54.804762,25,0.91649
alcohol,醇类,ethanol,乙醇,C2H5OH,46.06844,volume,55.838095,25,0.91429
alcohol,醇类,ethanol,乙醇,C2H5OH,46.06844,volume,56.866667,25,0.91208
alcohol,醇类,ethanol,乙醇,C2H5OH,46.06844,volume,57.886364,25,0.90985
alcohol,醇类,ethanol,乙醇,C2H5OH,46.06844,volume,58.9,25,0.9076
alcohol,醇类,ethanol,乙醇,C2H5OH,46.06844,volume,59.909091,25,0.90534
alcohol,醇类,ethanol,乙醇,C2H5OH,46.06844,volume,60.909091,25,0.90307
alcohol,醇类,ethanol,乙醇,C2H5OH,46.06844,volume,61.904348,25,0.90079
alcohol,醇类,ethanol,乙醇,C2H5OH,46.06844,volume,62.891304,25,0.8985
alcohol,醇类,ethanol,乙醇,C2H5OH,46.06844,volume,63.873913,25,0.89621
alcohol,醇类,ethanol,乙醇,C2H5OH,46.06844,volume,64.847826,25,0.89392
alcohol,醇类,ethanol,乙醇,C2H5OH,46.06844,volume,65.817391,25,0.89162
alcohol,醇类,ethanol,乙醇,C2H5OH,46.06844,volume,66.779167,25,0.88931
alcohol,醇类,ethanol,乙醇,C2H5OH,46.06844,volume,67.7375,25,0.88699
alcohol,醇类,ethanol,乙醇,C2H5OH,46.06844,volume,68.6875,25,0.88466
alcohol,醇类,ethanol,乙醇,C2H5OH,46.06844,volume,69.630769,25,0.88233
alcohol,醇类,ethanol,乙醇,C2H5OH,46.06844,volume,70.568,25,0.87998
alcohol,醇类,ethanol,乙醇,C2H5OH,46.06844,volume,71.5,25,0.87763
alcohol,醇类,ethanol,乙醇,C2H5OH,46.06844,volume,72.424,25,0.87527
alcohol,醇类,ethanol,乙醇,C2H5OH,46.06844,volume,73.340741,25,0.87291
alcohol,醇类,ethanol,乙醇,C2H5OH,46.06844,volume,74.253846,25,0.87054
alcohol,醇类,ethanol,乙醇,C2H5OH,46.06844,volume,75.157692,25,0.86817
alcohol,醇类,ethanol,乙醇,C2H5OH,46.06844,volume,76.055556,25,0.86579
alcohol,醇类,ethanol,乙醇,C2H5OH,46.06844,volume,76.944444,25,0.8634
alcohol,醇类,ethanol,乙醇,C2H5OH,46.06844,volume,77.82963,25,0.861
alcohol,醇类,ethanol,乙醇,C2H5OH,46.06844,volume,78.707143,25,0.85859
alcohol,醇类,ethanol,乙醇,C2H5OH,46.06844,volume,79.578571,25,0.85618
alcohol,醇类,ethanol,乙醇,C2H5OH,46.06844,volume,80.441379,25,0.85376
alcohol,醇类,ethanol,乙醇,C2H5OH,46.06844,volume,81.3,25,0.85134
alcohol,醇类,ethanol,乙醇,C2H5OH,46.06844,volume,82.148276,25,0.84891
alcohol,醇类,ethanol,乙醇,C2H5OH,46.06844,volume,82.993103,25,0.84647
alcohol,醇类,ethanol,乙醇,C2H5OH,46.06844,volume,83.831034,25,0.84403
alcohol,醇类,ethanol,乙醇,C2H5OH,46.06844,volume,84.662069,25,0.84158
alcohol,醇类,ethanol,乙醇,C2H5OH,46.06844,volume,85.483333,25,0.83911
alcohol,醇类,ethanol,乙醇,C2H5OH,46.06844,volume,86.296774,25,0.83664
alcohol,醇类,ethanol,乙醇,C2H5OH,46.06844,volume,87.10625,25,0.83415
alcohol,醇类,ethanol,乙醇,C2H5OH,46.06844,volume,87.90625,25,0.83164
alcohol,醇类,ethanol,乙醇,C2H5OH,46.06844,volume,88.696875,25,0.82913
alcohol,醇类,ethanol,乙醇,C2H5OH,46.06844,volume,89.48125,25,0.8266
alcohol,醇类,ethanol,乙醇,C2H5OH,46.06844,volume,90.257576,25,0.82405
alcohol,醇类,ethanol,乙醇,C2H5OH,46.06844,volume,91.020588,25,0.82148
alcohol,醇类,ethanol,乙醇,C2H5OH,46.06844,volume,91.777143,25,0.81888
alcohol,醇类,ethanol,乙醇,C2H5OH,46.06844,volume,92.525,25,0.81626
alcohol,醇类,ethanol,乙醇,C2H5OH,46.06844,volume,93.264865,25,0.81362
alcohol,醇类,ethanol,乙醇,C2H5OH,46.06844,volume,93.991892,25,0.81094
alcohol,醇类,ethanol,乙醇,C2H5OH,46.06844,volume,94.707895,25,0.80823
alcohol,醇类,ethanol,乙醇,C2H5OH,46.06844,volume,95.412821,25,0.80549
alcohol,醇类,ethanol,乙醇,C2H5OH,46.06844,volume,96.109756,25,0.80272
alcohol,醇类,ethanol,乙醇,C2H5OH,46.06844,volume,96.792683,25,0.79991
alcohol,醇类,ethanol,乙醇,C2H5OH,46.06844,volume,97.462791,25,0.79706
alcohol,醇类,ethanol,乙醇,C2H5OH,46.06844,volume,98.119565,25,0.79415
alcohol,醇类,ethanol,乙醇,C2H5OH,46.06844,volume,98.7625,25,0.79117
alcohol,醇类,ethanol,乙醇,C2H5OH,46.06844,volume,99.388,25,0.78814
alcohol,醇类,ethanol,乙醇,C2H5OH,46.06844,volume,100,25,0.78506
alcohol,醇类,ethanol,乙醇,C2H5OH,46.06844,volume,0,30,0.9956511
alcohol,醇类,ethanol,乙醇,C2H5OH,46.06844,volume,1.264286,30,0.99379
alcohol,醇类,ethanol,乙醇,C2H5OH,46.06844,volume,2.521429,30,0.99194
alcohol,醇类,ethanol,乙醇,C2H5OH,46.06844,volume,3.771429,30,0.99014
alcohol,醇类,ethanol,乙醇,C2H5OH,46.06844,volume,5.023077,30,0.98839
alcohol,醇类,ethanol,乙醇,C2H5OH,46.06844,volume,6.269231,30,0.9867
alcohol,醇类,ethanol,乙醇,C2H5OH,46.06844,volume,7.508333,30,0.98507
alcohol,醇类,ethanol,乙醇,C2H5OH,46.06844,volume,8.746154,30,0.98347
alcohol,醇类,ethanol,乙醇,C2H5OH,46.06844,volume,9.983333,30,0.98189
alcohol,醇类,ethanol,乙醇,C2H5OH,46.06844,volume,11.208333,30,0.98031
alcohol,醇类,ethanol,乙醇,C2H5OH,46.06844,volume,12.436364,30,0.97875
alcohol,醇类,ethanol,乙醇,C2H5OH,46.06844,volume,13.663636,30,0.97723
alcohol,醇类,ethanol,乙醇,C2H5OH,46.06844,volume,14.881818,30,0.97573
alcohol,醇类,ethanol,乙醇,C2H5OH,46.06844,volume,16.1,30,0.97424
alcohol,醇类,ethanol,乙醇,C2H5OH,46.06844,volume,17.318182,30,0.97278
alcohol,醇类,ethanol,乙醇,C2H5OH,46.06844,volume,18.53,30,0.97133
alcohol,醇类,ethanol,乙醇,C2H5OH,46.06844,volume,19.74,30,0.9699
alcohol,醇类,ethanol,乙醇,C2H5OH,46.06844,volume,20.945455,30,0.96844
alcohol,醇类,ethanol,乙醇,C2H5OH,46.06844,volume,22.145455,30,0.96697
alcohol,醇类,ethanol,乙醇,C2H5OH,46.06844,volume,23.345455,30,0.96547
alcohol,醇类,ethanol,乙醇,C2H5OH,46.06844,volume,24.541667,30,0.96395
alcohol,醇类,ethanol,乙醇,C2H5OH,46.06844,volume,25.736364,30,0.96242
alcohol,醇类,ethanol,乙醇,C2H5OH,46.06844,volume,26.925,30,0.96087
alcohol,醇类,ethanol,乙醇,C2H5OH,46.06844,volume,28.108333,30,0.95929
alcohol,醇类,ethanol,乙醇,C2H5OH,46.06844,volume,29.283333,30,0.95769
alcohol,醇类,ethanol,乙醇,C2H5OH,46.06844,volume,30.458333,30,0.95607
alcohol,醇类,ethanol,乙醇,C2H5OH,46.06844,volume,31.630769,30,0.95442
alcohol,醇类,ethanol,乙醇,C2H5OH,46.06844,volume,32.792857,30,0.95272
alcohol,醇类,ethanol,乙醇,C2H5OH,46.06844,volume,33.95,30,0.95098
alcohol,醇类,ethanol,乙醇,C2H5OH,46.06844,volume,35.107143,30,0.94922
alcohol,醇类,ethanol,乙醇,C2H5OH,46.06844,volume,36.253333,30,0.94741
alcohol,醇类,ethanol,乙醇,C2H5OH,46.06844,volume,37.39375,30,0.94557
alcohol,醇类,ethanol,乙醇,C2H5OH,46.06844,volume,38.53125,30,0.9437
alcohol,醇类,ethanol,乙醇,C2H5OH,46.06844,volume,39.65625,30,0.9418
alcohol,醇类,ethanol,乙醇,C2H5OH,46.06844,volume,40.78125,30,0.93986
alcohol,醇类,ethanol,乙醇,C2H5OH,46.06844,volume,41.9,30,0.9379
alcohol,醇类,ethanol,乙醇,C2H5OH,46.06844,volume,43.011765,30,0.93591
alcohol,醇类,ethanol,乙醇,C2H5OH,46.06844,volume,44.116667,30,0.9339
alcohol,醇类,ethanol,乙醇,C2H5OH,46.06844,volume,45.215789,30,0.93186
alcohol,醇类,ethanol,乙醇,C2H5OH,46.06844,volume,46.305556,30,0.92979
alcohol,醇类,ethanol,乙醇,C2H5OH,46.06844,volume,47.39,30,0.9277
alcohol,醇类,ethanol,乙醇,C2H5OH,46.06844,volume,48.47,30,0.92558
alcohol,醇类,ethanol,乙醇,C2H5OH,46.06844,volume,49.542857,30,0.92344
alcohol,醇类,ethanol,乙醇,C2H5OH,46.06844,volume,50.605263,30,0.92128
alcohol,醇类,ethanol,乙醇,C2H5OH,46.06844,volume,51.666667,30,0.9191
alcohol,醇类,ethanol,乙醇,C2H5OH,46.06844,volume,52.719048,30,0.91692
alcohol,醇类,ethanol,乙醇,C2H5OH,46.06844,volume,53.766667,30,0.91472
alcohol,醇类,ethanol,乙醇,C2H5OH,46.06844,volume,54.804762,30,0.9125
alcohol,醇类,ethanol,乙醇,C2H5OH,46.06844,volume,55.838095,30,0.91028
alcohol,醇类,ethanol,乙醇,C2H5OH,46.06844,volume,56.866667,30,0.90805
alcohol,醇类,ethanol,乙醇,C2H5OH,46.06844,volume,57.886364,30,0.9058
alcohol,醇类,ethanol,乙醇,C2H5OH,46.06844,volume,58.9,30,0.90353
alcohol,醇类,ethanol,乙醇,C2H5OH,46.06844,volume,59.909091,30,0.90125
alcohol,醇类,ethanol,乙醇,C2H5OH,46.06844,volume,60.909091,30,0.89896
alcohol,醇类,ethanol,乙醇,C2H5OH,46.06844,volume,61.904348,30,0.89667
alcohol,醇类,ethanol,乙醇,C2H5OH,46.06844,volume,62.891304,30,0.89437
alcohol,醇类,ethanol,乙醇,C2H5OH,46.06844,volume,63.873913,30,0.89206
alcohol,醇类,ethanol,乙醇,C2H5OH,46.06844,volume,64.847826,30,0.88975
alcohol,醇类,ethanol,乙醇,C2H5OH,46.06844,volume,65.817391,30,0.88744
alcohol,醇类,ethanol,乙醇,C2H5OH,46.06844,volume,66.779167,30,0.88512
alcohol,醇类,ethanol,乙醇,C2H5OH,46.06844,volume,67.7375,30,0.88278
alcohol,醇类,ethanol,乙醇,C2H5OH,46.06844,volume,68.6875,30,0.88044
alcohol,醇类,ethanol,乙醇,C2H5OH,46.06844,volume,69.630769,30,0.87809
alcohol,醇类,ethanol,乙醇,C2H5OH,46.06844,volume,70.568,30,0.87574
alcohol,醇类,ethanol,乙醇,C2H5OH,46.06844,volume,71.5,30,0.87337
alcohol,醇类,ethanol,乙醇,C2H5OH,46.06844,volume,72.424,30,0.871
alcohol,醇类,ethanol,乙醇,C2H5OH,46.06844,volume,73.340741,30,0.86863
alcohol,醇类,ethanol,乙醇,C2H5OH,46.06844,volume,74.253846,30,0.86625
alcohol,醇类,ethanol,乙醇,C2H5OH,46.06844,volume,75.157692,30,0.86387
alcohol,醇类,ethanol,乙醇,C2H5OH,46.06844,volume,76.055556,30,0.86148
alcohol,醇类,ethanol,乙醇,C2H5OH,46.06844,volume,76.944444,30,0.85908
alcohol,醇类,ethanol,乙醇,C2H5OH,46.06844,volume,77.82963,30,0.85667
alcohol,醇类,ethanol,乙醇,C2H5OH,46.06844,volume,78.707143,30,0.85426
alcohol,醇类,ethanol,乙醇,C2H5OH,46.06844,volume,79.578571,30,0.85184
alcohol,醇类,ethanol,乙醇,C2H5OH,46.06844,volume,80.441379,30,0.84941
alcohol,醇类,ethanol,乙醇,C2H5OH,46.06844,volume,81.3,30,0.84698
alcohol,醇类,ethanol,乙醇,C2H5OH,46.06844,volume,82.148276,30,0.84455
alcohol,醇类,ethanol,乙醇,C2H5OH,46.06844,volume,82.993103,30,0.84211
alcohol,醇类,ethanol,乙醇,C2H5OH,46.06844,volume,83.831034,30,0.83966
alcohol,醇类,ethanol,乙醇,C2H5OH,46.06844,volume,84.662069,30,0.8372
alcohol,醇类,ethanol,乙醇,C2H5OH,46.06844,volume,85.483333,30,0.83473
alcohol,醇类,ethanol,乙醇,C2H5OH,46.06844,volume,86.296774,30,0.83224
alcohol,醇类,ethanol,乙醇,C2H5OH,46.06844,volume,87.10625,30,0.82974
alcohol,醇类,ethanol,乙醇,C2H5OH,46.06844,volume,87.90625,30,0.82724
alcohol,醇类,ethanol,乙醇,C2H5OH,46.06844,volume,88.696875,30,0.82473
alcohol,醇类,ethanol,乙醇,C2H5OH,46.06844,volume,89.48125,30,0.8222
alcohol,醇类,ethanol,乙醇,C2H5OH,46.06844,volume,90.257576,30,0.81965
alcohol,醇类,ethanol,乙醇,C2H5OH,46.06844,volume,91.020588,30,0.81708
alcohol,醇类,ethanol,乙醇,C2H5OH,46.06844,volume,91.777143,30,0.81448
alcohol,醇类,ethanol,乙醇,C2H5OH,46.06844,volume,92.525,30,0.81186
alcohol,醇类,ethanol,乙醇,C2H5OH,46.06844,volume,93.264865,30,0.80922
alcohol,醇类,ethanol,乙醇,C2H5OH,46.06844,volume,93.991892,30,0.80655
alcohol,醇类,ethanol,乙醇,C2H5OH,46.06844,volume,94.707895,30,0.80384
alcohol,醇类,ethanol,乙醇,C2H5OH,46.06844,volume,95.412821,30,0.80111
alcohol,醇类,ethanol,乙醇,C2H5OH,46.06844,volume,96.109756,30,0.79835
alcohol,醇类,ethanol,乙醇,C2H5OH,46.06844,volume,96.792683,30,0.79555
alcohol,醇类,ethanol,乙醇,C2H5OH,46.06844,volume,97.462791,30,0.79271
alcohol,醇类,ethanol,乙醇,C2H5OH,46.06844,volume,98.119565,30,0.78981
alcohol,醇类,ethanol,乙醇,C2H5OH,46.06844,volume,98.7625,30,0.78684
alcohol,醇类,ethanol,乙醇,C2H5OH,46.06844,volume,99.388,30,0.78382
alcohol,醇类,ethanol,乙醇,C2H5OH,46.06844,volume,100,30,0.78075
alcohol,醇类,ethanol,乙醇,C2H5OH,46.06844,volume,0,35,0.9940359
alcohol,醇类,ethanol,乙醇,C2H5OH,46.06844,volume,1.264286,35,0.99217
alcohol,醇类,ethanol,乙醇,C2H5OH,46.06844,volume,2.521429,35,0.99031
alcohol,醇类,ethanol,乙醇,C2H5OH,46.06844,volume,3.771429,35,0.98849
alcohol,醇类,ethanol,乙醇,C2H5OH,46.06844,volume,5.023077,35,0.98672
alcohol,醇类,ethanol,乙醇,C2H5OH,46.06844,volume,6.269231,35,0.98501
alcohol,醇类,ethanol,乙醇,C2H5OH,46.06844,volume,7.508333,35,0.98335
alcohol,醇类,ethanol,乙醇,C2H5OH,46.06844,volume,8.746154,35,0.98172
alcohol,醇类,ethanol,乙醇,C2H5OH,46.06844,volume,9.983333,35,0.98009
alcohol,醇类,ethanol,乙醇,C2H5OH,46.06844,volume,11.208333,35,0.97846
alcohol,醇类,ethanol,乙醇,C2H5OH,46.06844,volume,12.436364,35,0.97685
alcohol,醇类,ethanol,乙醇,C2H5OH,46.06844,volume,13.663636,35,0.97527
alcohol,醇类,ethanol,乙醇,C2H5OH,46.06844,volume,14.881818,35,0.97371
alcohol,醇类,ethanol,乙醇,C2H5OH,46.06844,volume,16.1,35,0.97216
alcohol,醇类,ethanol,乙醇,C2H5OH,46.06844,volume,17.318182,35,0.97063
alcohol,醇类,ethanol,乙醇,C2H5OH,46.06844,volume,18.53,35,0.96911
alcohol,醇类,ethanol,乙醇,C2H5OH,46.06844,volume,19.74,35,0.9676
alcohol,醇类,ethanol,乙醇,C2H5OH,46.06844,volume,20.945455,35,0.96607
alcohol,醇类,ethanol,乙醇,C2H5OH,46.06844,volume,22.145455,35,0.96452
alcohol,醇类,ethanol,乙醇,C2H5OH,46.06844,volume,23.345455,35,0.96294
alcohol,醇类,ethanol,乙醇,C2H5OH,46.06844,volume,24.541667,35,0.96134
alcohol,醇类,ethanol,乙醇,C2H5OH,46.06844,volume,25.736364,35,0.95973
alcohol,醇类,ethanol,乙醇,C2H5OH,46.06844,volume,26.925,35,0.95809
alcohol,醇类,ethanol,乙醇,C2H5OH,46.06844,volume,28.108333,35,0.95643
alcohol,醇类,ethanol,乙醇,C2H5OH,46.06844,volume,29.283333,35,0.95476
alcohol,醇类,ethanol,乙醇,C2H5OH,46.06844,volume,30.458333,35,0.95306
alcohol,醇类,ethanol,乙醇,C2H5OH,46.06844,volume,31.630769,35,0.95133
alcohol,醇类,ethanol,乙醇,C2H5OH,46.06844,volume,32.792857,35,0.94955
alcohol,醇类,ethanol,乙醇,C2H5OH,46.06844,volume,33.95,35,0.94774
alcohol,醇类,ethanol,乙醇,C2H5OH,46.06844,volume,35.107143,35,0.9459
alcohol,醇类,ethanol,乙醇,C2H5OH,46.06844,volume,36.253333,35,0.94403
alcohol,醇类,ethanol,乙醇,C2H5OH,46.06844,volume,37.39375,35,0.94214
alcohol,醇类,ethanol,乙醇,C2H5OH,46.06844,volume,38.53125,35,0.94021
alcohol,醇类,ethanol,乙醇,C2H5OH,46.06844,volume,39.65625,35,0.93825
alcohol,醇类,ethanol,乙醇,C2H5OH,46.06844,volume,40.78125,35,0.93626
alcohol,醇类,ethanol,乙醇,C2H5OH,46.06844,volume,41.9,35,0.93425
alcohol,醇类,ethanol,乙醇,C2H5OH,46.06844,volume,43.011765,35,0.93221
alcohol,醇类,ethanol,乙醇,C2H5OH,46.06844,volume,44.116667,35,0.93016
alcohol,醇类,ethanol,乙醇,C2H5OH,46.06844,volume,45.215789,35,0.92808
alcohol,醇类,ethanol,乙醇,C2H5OH,46.06844,volume,46.305556,35,0.92597
alcohol,醇类,ethanol,乙醇,C2H5OH,46.06844,volume,47.39,35,0.92385
alcohol,醇类,ethanol,乙醇,C2H5OH,46.06844,volume,48.47,35,0.9217
alcohol,醇类,ethanol,乙醇,C2H5OH,46.06844,volume,49.542857,35,0.91952
alcohol,醇类,ethanol,乙醇,C2H5OH,46.06844,volume,50.605263,35,0.91733
alcohol,醇类,ethanol,乙醇,C2H5OH,46.06844,volume,51.666667,35,0.91513
alcohol,醇类,ethanol,乙醇,C2H5OH,46.06844,volume,52.719048,35,0.91291
alcohol,醇类,ethanol,乙醇,C2H5OH,46.06844,volume,53.766667,35,0.91069
alcohol,醇类,ethanol,乙醇,C2H5OH,46.06844,volume,54.804762,35,0.90845
alcohol,醇类,ethanol,乙醇,C2H5OH,46.06844,volume,55.838095,35,0.90621
alcohol,醇类,ethanol,乙醇,C2H5OH,46.06844,volume,56.866667,35,0.90396
alcohol,醇类,ethanol,乙醇,C2H5OH,46.06844,volume,57.886364,35,0.90168
alcohol,醇类,ethanol,乙醇,C2H5OH,46.06844,volume,58.9,35,0.8994
alcohol,醇类,ethanol,乙醇,C2H5OH,46.06844,volume,59.909091,35,0.8971
alcohol,醇类,ethanol,乙醇,C2H5OH,46.06844,volume,60.909091,35,0.89479
alcohol,醇类,ethanol,乙醇,C2H5OH,46.06844,volume,61.904348,35,0.89248
alcohol,醇类,ethanol,乙醇,C2H5OH,46.06844,volume,62.891304,35,0.89016
alcohol,醇类,ethanol,乙醇,C2H5OH,46.06844,volume,63.873913,35,0.88784
alcohol,醇类,ethanol,乙醇,C2H5OH,46.06844,volume,64.847826,35,0.88552
alcohol,醇类,ethanol,乙醇,C2H5OH,46.06844,volume,65.817391,35,0.88319
alcohol,醇类,ethanol,乙醇,C2H5OH,46.06844,volume,66.779167,35,0.88085
alcohol,醇类,ethanol,乙醇,C2H5OH,46.06844,volume,67.7375,35,0.87851
alcohol,醇类,ethanol,乙醇,C2H5OH,46.06844,volume,68.6875,35,0.87615
alcohol,醇类,ethanol,乙醇,C2H5OH,46.06844,volume,69.630769,35,0.87379
alcohol,醇类,ethanol,乙醇,C2H5OH,46.06844,volume,70.568,35,0.87142
alcohol,醇类,ethanol,乙醇,C2H5OH,46.06844,volume,71.5,35,0.86905
alcohol,醇类,ethanol,乙醇,C2H5OH,46.06844,volume,72.424,35,0.86667
alcohol,醇类,ethanol,乙醇,C2H5OH,46.06844,volume,73.340741,35,0.86429
alcohol,醇类,ethanol,乙醇,C2H5OH,46.06844,volume,74.253846,35,0.8619
alcohol,醇类,ethanol,乙醇,C2H5OH,46.06844,volume,75.157692,35,0.8595
alcohol,醇类,ethanol,乙醇,C2H5OH,46.06844,volume,76.055556,35,0.8571
alcohol,醇类,ethanol,乙醇,C2H5OH,46.06844,volume,76.944444,35,0.8547
alcohol,醇类,ethanol,乙醇,C2H5OH,46.06844,volume,77.82963,35,0.85228
alcohol,醇类,ethanol,乙醇,C2H5OH,46.06844,volume,78.707143,35,0.84986
alcohol,醇类,ethanol,乙醇,C2H5OH,46.06844,volume,79.578571,35,0.84743
alcohol,醇类,ethanol,乙醇,C2H5OH,46.06844,volume,80.441379,35,0.845
alcohol,醇类,ethanol,乙醇,C2H5OH,46.06844,volume,81.3,35,0.84257
alcohol,醇类,ethanol,乙醇,C2H5OH,46.06844,volume,82.148276,35,0.84013
alcohol,醇类,ethanol,乙醇,C2H5OH,46.06844,volume,82.993103,35,0.83768
alcohol,醇类,ethanol,乙醇,C2H5OH,46.06844,volume,83.831034,35,0.83523
alcohol,醇类,ethanol,乙醇,C2H5OH,46.06844,volume,84.662069,35,0.83277
alcohol,醇类,ethanol,乙醇,C2H5OH,46.06844,volume,85.483333,35,0.83029
alcohol,醇类,ethanol,乙醇,C2H5OH,46.06844,volume,86.296774,35,0.8278
alcohol,醇类,ethanol,乙醇,C2H5OH,46.06844,volume,87.10625,35,0.8253
alcohol,醇类,ethanol,乙醇,C2H5OH,46.06844,volume,87.90625,35,0.82279
alcohol,醇类,ethanol,乙醇,C2H5OH,46.06844,volume,88.696875,35,0.82027
alcohol,醇类,ethanol,乙醇,C2H5OH,46.06844,volume,89.48125,35,0.81774
alcohol,醇类,ethanol,乙醇,C2H5OH,46.06844,volume,90.257576,35,0.81519
alcohol,醇类,ethanol,乙醇,C2H5OH,46.06844,volume,91.020588,35,0.81262
alcohol,醇类,ethanol,乙醇,C2H5OH,46.06844,volume,91.777143,35,0.81003
alcohol,醇类,ethanol,乙醇,C2H5OH,46.06844,volume,92.525,35,0.80742
alcohol,醇类,ethanol,乙醇,C2H5OH,46.06844,volume,93.264865,35,0.80478
alcohol,醇类,ethanol,乙醇,C2H5OH,46.06844,volume,93.991892,35,0.80211
alcohol,醇类,ethanol,乙醇,C2H5OH,46.06844,volume,94.707895,35,0.79941
alcohol,醇类,ethanol,乙醇,C2H5OH,46.06844,volume,95.412821,35,0.79669
alcohol,醇类,ethanol,乙醇,C2H5OH,46.06844,volume,96.109756,35,0.79393
alcohol,醇类,ethanol,乙醇,C2H5OH,46.06844,volume,96.792683,35,0.79114
alcohol,醇类,ethanol,乙醇,C2H5OH,46.06844,volume,97.462791,35,0.78831
alcohol,醇类,ethanol,乙醇,C2H5OH,46.06844,volume,98.119565,35,0.78542
alcohol,醇类,ethanol,乙醇,C2H5OH,46.06844,volume,98.7625,35,0.78247
alcohol,醇类,ethanol,乙醇,C2H5OH,46.06844,volume,99.388,35,0.77946
alcohol,醇类,ethanol,乙醇,C2H5OH,46.06844,volume,100,35,0.77641
alcohol,醇类,ethanol,乙醇,C2H5OH,46.06844,volume,0,40,0.9922204
alcohol,醇类,ethanol,乙醇,C2H5OH,46.06844,volume,1.264286,40,0.99034
alcohol,醇类,ethanol,乙醇,C2H5OH,46.06844,volume,2.521429,40,0.98846
alcohol,醇类,ethanol,乙醇,C2H5OH,46.06844,volume,3.771429,40,0.98663
alcohol,醇类,ethanol,乙醇,C2H5OH,46.06844,volume,5.023077,40,0.98485
alcohol,醇类,ethanol,乙醇,C2H5OH,46.06844,volume,6.269231,40,0.98311
alcohol,醇类,ethanol,乙醇,C2H5OH,46.06844,volume,7.508333,40,0.98142
alcohol,醇类,ethanol,乙醇,C2H5OH,46.06844,volume,8.746154,40,0.97975
alcohol,醇类,ethanol,乙醇,C2H5OH,46.06844,volume,9.983333,40,0.97808
alcohol,醇类,ethanol,乙醇,C2H5OH,46.06844,volume,11.208333,40,0.97641
alcohol,醇类,ethanol,乙醇,C2H5OH,46.06844,volume,12.436364,40,0.97475
alcohol,醇类,ethanol,乙醇,C2H5OH,46.06844,volume,13.663636,40,0.97312
alcohol,醇类,ethanol,乙醇,C2H5OH,46.06844,volume,14.881818,40,0.9715
alcohol,醇类,ethanol,乙醇,C2H5OH,46.06844,volume,16.1,40,0.96989
alcohol,醇类,ethanol,乙醇,C2H5OH,46.06844,volume,17.318182,40,0.96829
alcohol,醇类,ethanol,乙醇,C2H5OH,46.06844,volume,18.53,40,0.9667
alcohol,醇类,ethanol,乙醇,C2H5OH,46.06844,volume,19.74,40,0.96512
alcohol,醇类,ethanol,乙醇,C2H5OH,46.06844,volume,20.945455,40,0.96352
alcohol,醇类,ethanol,乙醇,C2H5OH,46.06844,volume,22.145455,40,0.96189
alcohol,醇类,ethanol,乙醇,C2H5OH,46.06844,volume,23.345455,40,0.96023
alcohol,醇类,ethanol,乙醇,C2H5OH,46.06844,volume,24.541667,40,0.95856
alcohol,醇类,ethanol,乙醇,C2H5OH,46.06844,volume,25.736364,40,0.95687
alcohol,醇类,ethanol,乙醇,C2H5OH,46.06844,volume,26.925,40,0.95516
alcohol,醇类,ethanol,乙醇,C2H5OH,46.06844,volume,28.108333,40,0.95343
alcohol,醇类,ethanol,乙醇,C2H5OH,46.06844,volume,29.283333,40,0.95168
alcohol,醇类,ethanol,乙醇,C2H5OH,46.06844,volume,30.458333,40,0.94991
alcohol,醇类,ethanol,乙醇,C2H5OH,46.06844,volume,31.630769,40,0.9481
alcohol,醇类,ethanol,乙醇,C2H5OH,46.06844,volume,32.792857,40,0.94625
alcohol,醇类,ethanol,乙醇,C2H5OH,46.06844,volume,33.95,40,0.94438
alcohol,醇类,ethanol,乙醇,C2H5OH,46.06844,volume,35.107143,40,0.94248
alcohol,醇类,ethanol,乙醇,C2H5OH,46.06844,volume,36.253333,40,0.94055
alcohol,醇类,ethanol,乙醇,C2H5OH,46.06844,volume,37.39375,40,0.9386
alcohol,醇类,ethanol,乙醇,C2H5OH,46.06844,volume,38.53125,40,0.93662
alcohol,醇类,ethanol,乙醇,C2H5OH,46.06844,volume,39.65625,40,0.93461
alcohol,醇类,ethanol,乙醇,C2H5OH,46.06844,volume,40.78125,40,0.93257
alcohol,醇类,ethanol,乙醇,C2H5OH,46.06844,volume,41.9,40,0.93051
alcohol,醇类,ethanol,乙醇,C2H5OH,46.06844,volume,43.011765,40,0.92843
alcohol,醇类,ethanol,乙醇,C2H5OH,46.06844,volume,44.116667,40,0.92634
alcohol,醇类,ethanol,乙醇,C2H5OH,46.06844,volume,45.215789,40,0.92422
alcohol,醇类,ethanol,乙醇,C2H5OH,46.06844,volume,46.305556,40,0.92208
alcohol,醇类,ethanol,乙醇,C2H5OH,46.06844,volume,47.39,40,0.91992
alcohol,醇类,ethanol,乙醇,C2H5OH,46.06844,volume,48.47,40,0.91774
alcohol,醇类,ethanol,乙醇,C2H5OH,46.06844,volume,49.542857,40,0.91554
alcohol,醇类,ethanol,乙醇,C2H5OH,46.06844,volume,50.605263,40,0.91332
alcohol,醇类,ethanol,乙醇,C2H5OH,46.06844,volume,51.666667,40,0.91108
alcohol,醇类,ethanol,乙醇,C2H5OH,46.06844,volume,52.719048,40,0.90884
alcohol,醇类,ethanol,乙醇,C2H5OH,46.06844,volume,53.766667,40,0.9066
alcohol,醇类,ethanol,乙醇,C2H5OH,46.06844,volume,54.804762,40,0.90434
alcohol,醇类,ethanol,乙醇,C2H5OH,46.06844,volume,55.838095,40,0.90207
alcohol,醇类,ethanol,乙醇,C2H5OH,46.06844,volume,56.866667,40,0.89979
alcohol,醇类,ethanol,乙醇,C2H5OH,46.06844,volume,57.886364,40,0.8975
alcohol,醇类,ethanol,乙醇,C2H5OH,46.06844,volume,58.9,40,0.89519
alcohol,醇类,ethanol,乙醇,C2H5OH,46.06844,volume,59.909091,40,0.89288
alcohol,醇类,ethanol,乙醇,C2H5OH,46.06844,volume,60.909091,40,0.89056
alcohol,醇类,ethanol,乙醇,C2H5OH,46.06844,volume,61.904348,40,0.88823
alcohol,醇类,ethanol,乙醇,C2H5OH,46.06844,volume,62.891304,40,0.88589
alcohol,醇类,ethanol,乙醇,C2H5OH,46.06844,volume,63.873913,40,0.88356
alcohol,醇类,ethanol,乙醇,C2H5OH,46.06844,volume,64.847826,40,0.88122
alcohol,醇类,ethanol,乙醇,C2H5OH,46.06844,volume,65.817391,40,0.87888
alcohol,醇类,ethanol,乙醇,C2H5OH,46.06844,volume,66.779167,40,0.87653
alcohol,醇类,ethanol,乙醇,C2H5OH,46.06844,volume,67.7375,40,0.87417
alcohol,醇类,ethanol,乙醇,C2H5OH,46.06844,volume,68.6875,40,0.8718
alcohol,醇类,ethanol,乙醇,C2H5OH,46.06844,volume,69.630769,40,0.86943
alcohol,醇类,ethanol,乙醇,C2H5OH,46.06844,volume,70.568,40,0.86705
alcohol,醇类,ethanol,乙醇,C2H5OH,46.06844,volume,71.5,40,0.86466
alcohol,醇类,ethanol,乙醇,C2H5OH,46.06844,volume,72.424,40,0.86227
alcohol,醇类,ethanol,乙醇,C2H5OH,46.06844,volume,73.340741,40,0.85987
alcohol,醇类,ethanol,乙醇,C2H5OH,46.06844,volume,74.253846,40,0.85747
alcohol,醇类,ethanol,乙醇,C2H5OH,46.06844,volume,75.157692,40,0.85507
alcohol,醇类,ethanol,乙醇,C2H5OH,46.06844,volume,76.055556,40,0.85266
alcohol,醇类,ethanol,乙醇,C2H5OH,46.06844,volume,76.944444,40,0.85025
alcohol,醇类,ethanol,乙醇,C2H5OH,46.06844,volume,77.82963,40,0.84783
alcohol,醇类,ethanol,乙醇,C2H5OH,46.06844,volume,78.707143,40,0.8454
alcohol,醇类,ethanol,乙醇,C2H5OH,46.06844,volume,79.578571,40,0.84297
alcohol,醇类,ethanol,乙醇,C2H5OH,46.06844,volume,80.441379,40,0.84053
alcohol,醇类,ethanol,乙醇,C2H5OH,46.06844,volume,81.3,40,0.83809
alcohol,醇类,ethanol,乙醇,C2H5OH,46.06844,volume,82.148276,40,0.83564
alcohol,醇类,ethanol,乙醇,C2H5OH,46.06844,volume,82.993103,40,0.83319
alcohol,醇类,ethanol,乙醇,C2H5OH,46.06844,volume,83.831034,40,0.83074
alcohol,醇类,ethanol,乙醇,C2H5OH,46.06844,volume,84.662069,40,0.82827
alcohol,醇类,ethanol,乙醇,C2H5OH,46.06844,volume,85.483333,40,0.82578
alcohol,醇类,ethanol,乙醇,C2H5OH,46.06844,volume,86.296774,40,0.82329
alcohol,醇类,ethanol,乙醇,C2H5OH,46.06844,volume,87.10625,40,0.82079
alcohol,醇类,ethanol,乙醇,C2H5OH,46.06844,volume,87.90625,40,0.81828
alcohol,醇类,ethanol,乙醇,C2H5OH,46.06844,volume,88.696875,40,0.81576
alcohol,醇类,ethanol,乙醇,C2H5OH,46.06844,volume,89.48125,40,0.81322
alcohol,醇类,ethanol,乙醇,C2H5OH,46.06844,volume,90.257576,40,0.81067
alcohol,醇类,ethanol,乙醇,C2H5OH,46.06844,volume,91.020588,40,0.80811
alcohol,醇类,ethanol,乙醇,C2H5OH,46.06844,volume,91.777143,40,0.80552
alcohol,醇类,ethanol,乙醇,C2H5OH,46.06844,volume,92.525,40,0.80291
alcohol,醇类,ethanol,乙醇,C2H5OH,46.06844,volume,93.264865,40,0.80028
alcohol,醇类,ethanol,乙醇,C2H5OH,46.06844,volume,93.991892,40,0.79761
alcohol,醇类,ethanol,乙醇,C2H5OH,46.06844,volume,94.707895,40,0.79491
alcohol,醇类,ethanol,乙醇,C2H5OH,46.06844,volume,95.412821,40,0.7922
alcohol,醇类,ethanol,乙醇,C2H5OH,46.06844,volume,96.109756,40,0.78947
alcohol,醇类,ethanol,乙醇,C2H5OH,46.06844,volume,96.792683,40,0.7867
alcohol,醇类,ethanol,乙醇,C2H5OH,46.06844,volume,97.462791,40,0.78388
alcohol,醇类,ethanol,乙醇,C2H5OH,46.06844,volume,98.119565,40,0.781
alcohol,醇类,ethanol,乙醇,C2H5OH,46.06844,volume,98.7625,40,0.77806
alcohol,醇类,ethanol,乙醇,C2H5OH,46.06844,volume,99.388,40,0.77507
alcohol,醇类,ethanol,乙醇,C2H5OH,46.06844,volume,100,40,0.77203
alcohol,醇类,isopropanol,异丙醇,C3H8O,60.09502,weight,0.0,0.0,0.99984283
alcohol,醇类,isopropanol,异丙醇,C3H8O,60.09502,weight,1.0,0.0,0.998
alcohol,醇类,isopropanol,异丙醇,C3H8O,60.09502,weight,2.0,0.0,0.9962
alcohol,醇类,isopropanol,异丙醇,C3H8O,60.09502,weight,3.0,0.0,0.9946
alcohol,醇类,isopropanol,异丙醇,C3H8O,60.09502,weight,4.0,0.0,0.993
alcohol,醇类,isopropanol,异丙醇,C3H8O,60.09502,weight,5.0,0.0,0.9916
alcohol,醇类,isopropanol,异丙醇,C3H8O,60.09502,weight,6.0,0.0,0.9902
alcohol,醇类,isopropanol,异丙醇,C3H8O,60.09502,weight,7.0,0.0,0.989
alcohol,醇类,isopropanol,异丙醇,C3H8O,60.09502,weight,8.0,0.0,0.9878
alcohol,醇类,isopropanol,异丙醇,C3H8O,60.09502,weight,9.0,0.0,0.9866
alcohol,醇类,isopropanol,异丙醇,C3H8O,60.09502,weight,10.0,0.0,0.9856
alcohol,醇类,isopropanol,异丙醇,C3H8O,60.09502,weight,11.0,0.0,0.9846
alcohol,醇类,isopropanol,异丙醇,C3H8O,60.09502,weight,12.0,0.0,0.9838
alcohol,醇类,isopropanol,异丙醇,C3H8O,60.09502,weight,13.0,0.0,0.9829
alcohol,醇类,isopropanol,异丙醇,C3H8O,60.09502,weight,14.0,0.0,0.9821
alcohol,醇类,isopropanol,异丙醇,C3H8O,60.09502,weight,15.0,0.0,0.9814
alcohol,醇类,isopropanol,异丙醇,C3H8O,60.09502,weight,16.0,0.0,0.9806
alcohol,醇类,isopropanol,异丙醇,C3H8O,60.09502,weight,17.0,0.0,0.9799
alcohol,醇类,isopropanol,异丙醇,C3H8O,60.09502,weight,18.0,0.0,0.9792
alcohol,醇类,isopropanol,异丙醇,C3H8O,60.09502,weight,19.0,0.0,0.9784
alcohol,醇类,isopropanol,异丙醇,C3H8O,60.09502,weight,20.0,0.0,0.9777
alcohol,醇类,isopropanol,异丙醇,C3H8O,60.09502,weight,21.0,0.0,0.9768
alcohol,醇类,isopropanol,异丙醇,C3H8O,60.09502,weight,22.0,0.0,0.9759
alcohol,醇类,isopropanol,异丙醇,C3H8O,60.09502,weight,23.0,0.0,0.9749
alcohol,醇类,isopropanol,异丙醇,C3H8O,60.09502,weight,24.0,0.0,0.9739
alcohol,醇类,isopropanol,异丙醇,C3H8O,60.09502,weight,25.0,0.0,0.9727
alcohol,醇类,isopropanol,异丙醇,C3H8O,60.09502,weight,26.0,0.0,0.9714
alcohol,醇类,isopropanol,异丙醇,C3H8O,60.09502,weight,27.0,0.0,0.9699
alcohol,醇类,isopropanol,异丙醇,C3H8O,60.09502,weight,28.0,0.0,0.9684
alcohol,醇类,isopropanol,异丙醇,C3H8O,60.09502,weight,29.0,0.0,0.9669
alcohol,醇类,isopropanol,异丙醇,C3H8O,60.09502,weight,30.0,0.0,0.9652
alcohol,醇类,isopropanol,异丙醇,C3H8O,60.09502,weight,31.0,0.0,0.9634
alcohol,醇类,isopropanol,异丙醇,C3H8O,60.09502,weight,32.0,0.0,0.9615
alcohol,醇类,isopropanol,异丙醇,C3H8O,60.09502,weight,33.0,0.0,0.9596
alcohol,醇类,isopropanol,异丙醇,C3H8O,60.09502,weight,34.0,0.0,0.9577
alcohol,醇类,isopropanol,异丙醇,C3H8O,60.09502,weight,35.0,0.0,0.9557
alcohol,醇类,isopropanol,异丙醇,C3H8O,60.09502,weight,36.0,0.0,0.9536
alcohol,醇类,isopropanol,异丙醇,C3H8O,60.09502,weight,37.0,0.0,0.9514
alcohol,醇类,isopropanol,异丙醇,C3H8O,60.09502,weight,38.0,0.0,0.9493
alcohol,醇类,isopropanol,异丙醇,C3H8O,60.09502,weight,39.0,0.0,0.9472
alcohol,醇类,isopropanol,异丙醇,C3H8O,60.09502,weight,40.0,0.0,0.945
alcohol,醇类,isopropanol,异丙醇,C3H8O,60.09502,weight,41.0,0.0,0.9428
alcohol,醇类,isopropanol,异丙醇,C3H8O,60.09502,weight,42.0,0.0,0.9406
alcohol,醇类,isopropanol,异丙醇,C3H8O,60.09502,weight,43.0,0.0,0.9384
alcohol,醇类,isopropanol,异丙醇,C3H8O,60.09502,weight,44.0,0.0,0.9361
alcohol,醇类,isopropanol,异丙醇,C3H8O,60.09502,weight,45.0,0.0,0.9338
alcohol,醇类,isopropanol,异丙醇,C3H8O,60.09502,weight,46.0,0.0,0.9315
alcohol,醇类,isopropanol,异丙醇,C3H8O,60.09502,weight,47.0,0.0,0.9292
alcohol,醇类,isopropanol,异丙醇,C3H8O,60.09502,weight,48.0,0.0,0.927
alcohol,醇类,isopropanol,异丙醇,C3H8O,60.09502,weight,49.0,0.0,0.9247
alcohol,醇类,isopropanol,异丙醇,C3H8O,60.09502,weight,50.0,0.0,0.9224
alcohol,醇类,isopropanol,异丙醇,C3H8O,60.09502,weight,51.0,0.0,0.9201
alcohol,醇类,isopropanol,异丙醇,C3H8O,60.09502,weight,52.0,0.0,0.9178
alcohol,醇类,isopropanol,异丙醇,C3H8O,60.09502,weight,53.0,0.0,0.9155
alcohol,醇类,isopropanol,异丙醇,C3H8O,60.09502,weight,54.0,0.0,0.9132
alcohol,醇类,isopropanol,异丙醇,C3H8O,60.09502,weight,55.0,0.0,0.9109
alcohol,醇类,isopropanol,异丙醇,C3H8O,60.09502,weight,56.0,0.0,0.9086
alcohol,醇类,isopropanol,异丙醇,C3H8O,60.09502,weight,57.0,0.0,0.9063
alcohol,醇类,isopropanol,异丙醇,C3H8O,60.09502,weight,58.0,0.0,0.904
alcohol,醇类,isopropanol,异丙醇,C3H8O,60.09502,weight,59.0,0.0,0.9017
alcohol,醇类,isopropanol,异丙醇,C3H8O,60.09502,weight,60.0,0.0,0.8994
alcohol,醇类,isopropanol,异丙醇,C3H8O,60.09502,weight,61.0,0.0,0.897
alcohol,醇类,isopropanol,异丙醇,C3H8O,60.09502,weight,62.0,0.0,0.8947
alcohol,醇类,isopropanol,异丙醇,C3H8O,60.09502,weight,63.0,0.0,0.8924
alcohol,醇类,isopropanol,异丙醇,C3H8O,60.09502,weight,64.0,0.0,0.8901
alcohol,醇类,isopropanol,异丙醇,C3H8O,60.09502,weight,65.0,0.0,0.8878
alcohol,醇类,isopropanol,异丙醇,C3H8O,60.09502,weight,66.0,0.0,0.8854
alcohol,醇类,isopropanol,异丙醇,C3H8O,60.09502,weight,67.0,0.0,0.8831
alcohol,醇类,isopropanol,异丙醇,C3H8O,60.09502,weight,68.0,0.0,0.8807
alcohol,醇类,isopropanol,异丙醇,C3H8O,60.09502,weight,69.0,0.0,0.8784
alcohol,醇类,isopropanol,异丙醇,C3H8O,60.09502,weight,70.0,0.0,0.8761
alcohol,醇类,isopropanol,异丙醇,C3H8O,60.09502,weight,71.0,0.0,0.8738
alcohol,醇类,isopropanol,异丙醇,C3H8O,60.09502,weight,72.0,0.0,0.8714
alcohol,醇类,isopropanol,异丙醇,C3H8O,60.09502,weight,73.0,0.0,0.8691
alcohol,醇类,isopropanol,异丙醇,C3H8O,60.09502,weight,74.0,0.0,0.8668
alcohol,醇类,isopropanol,异丙醇,C3H8O,60.09502,weight,75.0,0.0,0.8644
alcohol,醇类,isopropanol,异丙醇,C3H8O,60.09502,weight,76.0,0.0,0.8621
alcohol,醇类,isopropanol,异丙醇,C3H8O,60.09502,weight,77.0,0.0,0.8598
alcohol,醇类,isopropanol,异丙醇,C3H8O,60.09502,weight,78.0,0.0,0.8575
alcohol,醇类,isopropanol,异丙醇,C3H8O,60.09502,weight,79.0,0.0,0.8551
alcohol,醇类,isopropanol,异丙醇,C3H8O,60.09502,weight,80.0,0.0,0.8528
alcohol,醇类,isopropanol,异丙醇,C3H8O,60.09502,weight,81.0,0.0,0.8503
alcohol,醇类,isopropanol,异丙醇,C3H8O,60.09502,weight,82.0,0.0,0.8479
alcohol,醇类,isopropanol,异丙醇,C3H8O,60.09502,weight,83.0,0.0,0.8456
alcohol,醇类,isopropanol,异丙醇,C3H8O,60.09502,weight,84.0,0.0,0.8432
alcohol,醇类,isopropanol,异丙醇,C3H8O,60.09502,weight,85.0,0.0,0.8408
alcohol,醇类,isopropanol,异丙醇,C3H8O,60.09502,weight,86.0,0.0,0.8384
alcohol,醇类,isopropanol,异丙醇,C3H8O,60.09502,weight,87.0,0.0,0.836
alcohol,醇类,isopropanol,异丙醇,C3H8O,60.09502,weight,88.0,0.0,0.8336
alcohol,醇类,isopropanol,异丙醇,C3H8O,60.09502,weight,89.0,0.0,0.8311
alcohol,醇类,isopropanol,异丙醇,C3H8O,60.09502,weight,90.0,0.0,0.8287
alcohol,醇类,isopropanol,异丙醇,C3H8O,60.09502,weight,91.0,0.0,0.8262
alcohol,醇类,isopropanol,异丙醇,C3H8O,60.09502,weight,92.0,0.0,0.8237
alcohol,醇类,isopropanol,异丙醇,C3H8O,60.09502,weight,93.0,0.0,0.8212
alcohol,醇类,isopropanol,异丙醇,C3H8O,60.09502,weight,94.0,0.0,0.8186
alcohol,醇类,isopropanol,异丙醇,C3H8O,60.09502,weight,95.0,0.0,0.816
alcohol,醇类,isopropanol,异丙醇,C3H8O,60.09502,weight,96.0,0.0,0.8133
alcohol,醇类,isopropanol,异丙醇,C3H8O,60.09502,weight,97.0,0.0,0.8106
alcohol,醇类,isopropanol,异丙醇,C3H8O,60.09502,weight,98.0,0.0,0.8078
alcohol,醇类,isopropanol,异丙醇,C3H8O,60.09502,weight,99.0,0.0,0.8048
alcohol,醇类,isopropanol,异丙醇,C3H8O,60.09502,weight,100.0,0.0,0.8016
alcohol,醇类,isopropanol,异丙醇,C3H8O,60.09502,weight,0.0,15.0,0.9991016
alcohol,醇类,isopropanol,异丙醇,C3H8O,60.09502,weight,1.0,15.0,0.9972
alcohol,醇类,isopropanol,异丙醇,C3H8O,60.09502,weight,2.0,15.0,0.9954
alcohol,醇类,isopropanol,异丙醇,C3H8O,60.09502,weight,3.0,15.0,0.9936
alcohol,醇类,isopropanol,异丙醇,C3H8O,60.09502,weight,4.0,15.0,0.992
alcohol,醇类,isopropanol,异丙醇,C3H8O,60.09502,weight,5.0,15.0,0.9904
alcohol,醇类,isopropanol,异丙醇,C3H8O,60.09502,weight,6.0,15.0,0.989
alcohol,醇类,isopropanol,异丙醇,C3H8O,60.09502,weight,7.0,15.0,0.9875
alcohol,醇类,isopropanol,异丙醇,C3H8O,60.09502,weight,8.0,15.0,0.9862
alcohol,醇类,isopropanol,异丙醇,C3H8O,60.09502,weight,9.0,15.0,0.9849
alcohol,醇类,isopropanol,异丙醇,C3H8O,60.09502,weight,10.0,15.0,0.98362
alcohol,醇类,isopropanol,异丙醇,C3H8O,60.09502,weight,11.0,15.0,0.9824
alcohol,醇类,isopropanol,异丙醇,C3H8O,60.09502,weight,12.0,15.0,0.9812
alcohol,醇类,isopropanol,异丙醇,C3H8O,60.09502,weight,13.0,15.0,0.98
alcohol,醇类,isopropanol,异丙醇,C3H8O,60.09502,weight,14.0,15.0,0.9788
alcohol,醇类,isopropanol,异丙醇,C3H8O,60.09502,weight,15.0,15.0,0.9777
alcohol,醇类,isopropanol,异丙醇,C3H8O,60.09502,weight,16.0,15.0,0.9765
alcohol,醇类,isopropanol,异丙醇,C3H8O,60.09502,weight,17.0,15.0,0.9753
alcohol,醇类,isopropanol,异丙醇,C3H8O,60.09502,weight,18.0,15.0,0.9741
alcohol,醇类,isopropanol,异丙醇,C3H8O,60.09502,weight,19.0,15.0,0.9728
alcohol,醇类,isopropanol,异丙醇,C3H8O,60.09502,weight,20.0,15.0,0.97158
alcohol,醇类,isopropanol,异丙醇,C3H8O,60.09502,weight,21.0,15.0,0.9703
alcohol,醇类,isopropanol,异丙醇,C3H8O,60.09502,weight,22.0,15.0,0.9689
alcohol,醇类,isopropanol,异丙醇,C3H8O,60.09502,weight,23.0,15.0,0.9674
alcohol,醇类,isopropanol,异丙醇,C3H8O,60.09502,weight,24.0,15.0,0.9659
alcohol,醇类,isopropanol,异丙醇,C3H8O,60.09502,weight,25.0,15.0,0.9642
alcohol,醇类,isopropanol,异丙醇,C3H8O,60.09502,weight,26.0,15.0,0.9624
alcohol,醇类,isopropanol,异丙醇,C3H8O,60.09502,weight,27.0,15.0,0.9605
alcohol,醇类,isopropanol,异丙醇,C3H8O,60.09502,weight,28.0,15.0,0.9586
alcohol,醇类,isopropanol,异丙醇,C3H8O,60.09502,weight,29.0,15.0,0.9568
alcohol,醇类,isopropanol,异丙醇,C3H8O,60.09502,weight,30.0,15.0,0.95493
alcohol,醇类,isopropanol,异丙醇,C3H8O,60.09502,weight,31.0,15.0,0.953
alcohol,醇类,isopropanol,异丙醇,C3H8O,60.09502,weight,32.0,15.0,0.951
alcohol,醇类,isopropanol,异丙醇,C3H8O,60.09502,weight,33.0,15.0,0.9489
alcohol,醇类,isopropanol,异丙醇,C3H8O,60.09502,weight,34.0,15.0,0.9468
alcohol,醇类,isopropanol,异丙醇,C3H8O,60.09502,weight,35.0,15.0,0.9446
alcohol,醇类,isopropanol,异丙醇,C3H8O,60.09502,weight,36.0,15.0,0.9424
alcohol,醇类,isopropanol,异丙醇,C3H8O,60.09502,weight,37.0,15.0,0.9401
alcohol,醇类,isopropanol,异丙醇,C3H8O,60.09502,weight,38.0,15.0,0.9379
alcohol,醇类,isopropanol,异丙醇,C3H8O,60.09502,weight,39.0,15.0,0.9356
alcohol,醇类,isopropanol,异丙醇,C3H8O,60.09502,weight,40.0,15.0,0.93333
alcohol,醇类,isopropanol,异丙醇,C3H8O,60.09502,weight,41.0,15.0,0.9311
alcohol,醇类,isopropanol,异丙醇,C3H8O,60.09502,weight,42.0,15.0,0.9288
alcohol,醇类,isopropanol,异丙醇,C3H8O,60.09502,weight,43.0,15.0,0.9266
alcohol,醇类,isopropanol,异丙醇,C3H8O,60.09502,weight,44.0,15.0,0.9243
alcohol,醇类,isopropanol,异丙醇,C3H8O,60.09502,weight,45.0,15.0,0.922
alcohol,醇类,isopropanol,异丙醇,C3H8O,60.09502,weight,46.0,15.0,0.9197
alcohol,醇类,isopropanol,异丙醇,C3H8O,60.09502,weight,47.0,15.0,0.9174
alcohol,醇类,isopropanol,异丙醇,C3H8O,60.09502,weight,48.0,15.0,0.915
alcohol,醇类,isopropanol,异丙醇,C3H8O,60.09502,weight,49.0,15.0,0.9127
alcohol,醇类,isopropanol,异丙醇,C3H8O,60.09502,weight,50.0,15.0,0.91043
alcohol,醇类,isopropanol,异丙醇,C3H8O,60.09502,weight,51.0,15.0,0.9081
alcohol,醇类,isopropanol,异丙醇,C3H8O,60.09502,weight,52.0,15.0,0.9058
alcohol,醇类,isopropanol,异丙醇,C3H8O,60.09502,weight,53.0,15.0,0.9035
alcohol,醇类,isopropanol,异丙醇,C3H8O,60.09502,weight,54.0,15.0,0.9011
alcohol,醇类,isopropanol,异丙醇,C3H8O,60.09502,weight,55.0,15.0,0.8988
alcohol,醇类,isopropanol,异丙醇,C3H8O,60.09502,weight,56.0,15.0,0.8964
alcohol,醇类,isopropanol,异丙醇,C3H8O,60.09502,weight,57.0,15.0,0.894
alcohol,醇类,isopropanol,异丙醇,C3H8O,60.09502,weight,58.0,15.0,0.8917
alcohol,醇类,isopropanol,异丙醇,C3H8O,60.09502,weight,59.0,15.0,0.8893
alcohol,醇类,isopropanol,异丙醇,C3H8O,60.09502,weight,60.0,15.0,0.8869
alcohol,醇类,isopropanol,异丙醇,C3H8O,60.09502,weight,61.0,15.0,0.8845
alcohol,醇类,isopropanol,异丙醇,C3H8O,60.09502,weight,62.0,15.0,0.8821
alcohol,醇类,isopropanol,异丙醇,C3H8O,60.09502,weight,63.0,15.0,0.8798
alcohol,醇类,isopropanol,异丙醇,C3H8O,60.09502,weight,64.0,15.0,0.8775
alcohol,醇类,isopropanol,异丙醇,C3H8O,60.09502,weight,65.0,15.0,0.8752
alcohol,醇类,isopropanol,异丙醇,C3H8O,60.09502,weight,66.0,15.0,0.8728
alcohol,醇类,isopropanol,异丙醇,C3H8O,60.09502,weight,67.0,15.0,0.8705
alcohol,醇类,isopropanol,异丙醇,C3H8O,60.09502,weight,68.0,15.0,0.8682
alcohol,醇类,isopropanol,异丙醇,C3H8O,60.09502,weight,69.0,15.0,0.8658
alcohol,醇类,isopropanol,异丙醇,C3H8O,60.09502,weight,70.0,15.0,0.86346
alcohol,醇类,isopropanol,异丙醇,C3H8O,60.09502,weight,71.0,15.0,0.8611
alcohol,醇类,isopropanol,异丙醇,C3H8O,60.09502,weight,72.0,15.0,0.8588
alcohol,醇类,isopropanol,异丙醇,C3H8O,60.09502,weight,73.0,15.0,0.8564
alcohol,醇类,isopropanol,异丙醇,C3H8O,60.09502,weight,74.0,15.0,0.8541
alcohol,醇类,isopropanol,异丙醇,C3H8O,60.09502,weight,75.0,15.0,0.8517
alcohol,醇类,isopropanol,异丙醇,C3H8O,60.09502,weight,76.0,15.0,0.8493
alcohol,醇类,isopropanol,异丙醇,C3H8O,60.09502,weight,77.0,15.0,0.847
alcohol,醇类,isopropanol,异丙醇,C3H8O,60.09502,weight,78.0,15.0,0.8446
alcohol,醇类,isopropanol,异丙醇,C3H8O,60.09502,weight,79.0,15.0,0.8422
alcohol,醇类,isopropanol,异丙醇,C3H8O,60.09502,weight,80.0,15.0,0.83979
alcohol,醇类,isopropanol,异丙醇,C3H8O,60.09502,weight,81.0,15.0,0.8374
alcohol,醇类,isopropanol,异丙醇,C3H8O,60.09502,weight,82.0,15.0,0.835
alcohol,醇类,isopropanol,异丙醇,C3H8O,60.09502,weight,83.0,15.0,0.8326
alcohol,醇类,isopropanol,异丙醇,C3H8O,60.09502,weight,84.0,15.0,0.8302
alcohol,醇类,isopropanol,异丙醇,C3H8O,60.09502,weight,85.0,15.0,0.8278
alcohol,醇类,isopropanol,异丙醇,C3H8O,60.09502,weight,86.0,15.0,0.8254
alcohol,醇类,isopropanol,异丙醇,C3H8O,60.09502,weight,87.0,15.0,0.8229
alcohol,醇类,isopropanol,异丙醇,C3H8O,60.09502,weight,88.0,15.0,0.8205
alcohol,醇类,isopropanol,异丙醇,C3H8O,60.09502,weight,89.0,15.0,0.818
alcohol,醇类,isopropanol,异丙醇,C3H8O,60.09502,weight,90.0,15.0,0.81553
alcohol,醇类,isopropanol,异丙醇,C3H8O,60.09502,weight,91.0,15.0,0.813
alcohol,醇类,isopropanol,异丙醇,C3H8O,60.09502,weight,92.0,15.0,0.8104
alcohol,醇类,isopropanol,异丙醇,C3H8O,60.09502,weight,93.0,15.0,0.8079
alcohol,醇类,isopropanol,异丙醇,C3H8O,60.09502,weight,94.0,15.0,0.8052
alcohol,醇类,isopropanol,异丙醇,C3H8O,60.09502,weight,95.0,15.0,0.8026
alcohol,醇类,isopropanol,异丙醇,C3H8O,60.09502,weight,96.0,15.0,0.7999
alcohol,醇类,isopropanol,异丙醇,C3H8O,60.09502,weight,97.0,15.0,0.7972
alcohol,醇类,isopropanol,异丙醇,C3H8O,60.09502,weight,98.0,15.0,0.7945
alcohol,醇类,isopropanol,异丙醇,C3H8O,60.09502,weight,99.0,15.0,0.7918
alcohol,醇类,isopropanol,异丙醇,C3H8O,60.09502,weight,100.0,15.0,0.78913
alcohol,醇类,isopropanol,异丙醇,C3H8O,60.09502,weight,0.0,20.0,0.9982063
alcohol,醇类,isopropanol,异丙醇,C3H8O,60.09502,weight,1.0,20.0,0.9962
alcohol,醇类,isopropanol,异丙醇,C3H8O,60.09502,weight,2.0,20.0,0.9944
alcohol,醇类,isopropanol,异丙醇,C3H8O,60.09502,weight,3.0,20.0,0.9926
alcohol,醇类,isopropanol,异丙醇,C3H8O,60.09502,weight,4.0,20.0,0.9909
alcohol,醇类,isopropanol,异丙醇,C3H8O,60.09502,weight,5.0,20.0,0.9893
alcohol,醇类,isopropanol,异丙醇,C3H8O,60.09502,weight,6.0,20.0,0.9877
alcohol,醇类,isopropanol,异丙醇,C3H8O,60.09502,weight,7.0,20.0,0.9862
alcohol,醇类,isopropanol,异丙醇,C3H8O,60.09502,weight,8.0,20.0,0.9847
alcohol,醇类,isopropanol,异丙醇,C3H8O,60.09502,weight,9.0,20.0,0.9833
alcohol,醇类,isopropanol,异丙醇,C3H8O,60.09502,weight,10.0,20.0,0.982
alcohol,醇类,isopropanol,异丙醇,C3H8O,60.09502,weight,11.0,20.0,0.9808
alcohol,醇类,isopropanol,异丙醇,C3H8O,60.09502,weight,12.0,20.0,0.9797
alcohol,醇类,isopropanol,异丙醇,C3H8O,60.09502,weight,13.0,20.0,0.9786
alcohol,醇类,isopropanol,异丙醇,C3H8O,60.09502,weight,14.0,20.0,0.9776
alcohol,醇类,isopropanol,异丙醇,C3H8O,60.09502,weight,15.0,20.0,0.9765
alcohol,醇类,isopropanol,异丙醇,C3H8O,60.09502,weight,16.0,20.0,0.9754
alcohol,醇类,isopropanol,异丙醇,C3H8O,60.09502,weight,17.0,20.0,0.9743
alcohol,醇类,isopropanol,异丙醇,C3H8O,60.09502,weight,18.0,20.0,0.9731
alcohol,醇类,isopropanol,异丙醇,C3H8O,60.09502,weight,19.0,20.0,0.9717
alcohol,醇类,isopropanol,异丙醇,C3H8O,60.09502,weight,20.0,20.0,0.9703
alcohol,醇类,isopropanol,异丙醇,C3H8O,60.09502,weight,21.0,20.0,0.9688
alcohol,醇类,isopropanol,异丙醇,C3H8O,60.09502,weight,22.0,20.0,0.9669
alcohol,醇类,isopropanol,异丙醇,C3H8O,60.09502,weight,23.0,20.0,0.9651
alcohol,醇类,isopropanol,异丙醇,C3H8O,60.09502,weight,24.0,20.0,0.9634
alcohol,醇类,isopropanol,异丙醇,C3H8O,60.09502,weight,25.0,20.0,0.9615
alcohol,醇类,isopropanol,异丙醇,C3H8O,60.09502,weight,26.0,20.0,0.9597
alcohol,醇类,isopropanol,异丙醇,C3H8O,60.09502,weight,27.0,20.0,0.9577
alcohol,醇类,isopropanol,异丙醇,C3H8O,60.09502,weight,28.0,20.0,0.9558
alcohol,醇类,isopropanol,异丙醇,C3H8O,60.09502,weight,29.0,20.0,0.954
alcohol,醇类,isopropanol,异丙醇,C3H8O,60.09502,weight,30.0,20.0,0.952
alcohol,醇类,isopropanol,异丙醇,C3H8O,60.09502,weight,31.0,20.0,0.95
alcohol,醇类,isopropanol,异丙醇,C3H8O,60.09502,weight,32.0,20.0,0.9481
alcohol,醇类,isopropanol,异丙醇,C3H8O,60.09502,weight,33.0,20.0,0.946
alcohol,醇类,isopropanol,异丙醇,C3H8O,60.09502,weight,34.0,20.0,0.944
alcohol,醇类,isopropanol,异丙醇,C3H8O,60.09502,weight,35.0,20.0,0.9419
alcohol,醇类,isopropanol,异丙醇,C3H8O,60.09502,weight,36.0,20.0,0.9399
alcohol,醇类,isopropanol,异丙醇,C3H8O,60.09502,weight,37.0,20.0,0.9377
alcohol,醇类,isopropanol,异丙醇,C3H8O,60.09502,weight,38.0,20.0,0.9355
alcohol,醇类,isopropanol,异丙醇,C3H8O,60.09502,weight,39.0,20.0,0.9333
alcohol,醇类,isopropanol,异丙醇,C3H8O,60.09502,weight,40.0,20.0,0.931
alcohol,醇类,isopropanol,异丙醇,C3H8O,60.09502,weight,41.0,20.0,0.9287
alcohol,醇类,isopropanol,异丙醇,C3H8O,60.09502,weight,42.0,20.0,0.9264
alcohol,醇类,isopropanol,异丙醇,C3H8O,60.09502,weight,43.0,20.0,0.9239
alcohol,醇类,isopropanol,异丙醇,C3H8O,60.09502,weight,44.0,20.0,0.9215
alcohol,醇类,isopropanol,异丙醇,C3H8O,60.09502,weight,45.0,20.0,0.9191
alcohol,醇类,isopropanol,异丙醇,C3H8O,60.09502,weight,46.0,20.0,0.9165
alcohol,醇类,isopropanol,异丙醇,C3H8O,60.09502,weight,47.0,20.0,0.9141
alcohol,醇类,isopropanol,异丙醇,C3H8O,60.09502,weight,48.0,20.0,0.9117
alcohol,醇类,isopropanol,异丙醇,C3H8O,60.09502,weight,49.0,20.0,0.9093
alcohol,醇类,isopropanol,异丙醇,C3H8O,60.09502,weight,50.0,20.0,0.9069
alcohol,醇类,isopropanol,异丙醇,C3H8O,60.09502,weight,51.0,20.0,0.9044
alcohol,醇类,isopropanol,异丙醇,C3H8O,60.09502,weight,52.0,20.0,0.902
alcohol,醇类,isopropanol,异丙醇,C3H8O,60.09502,weight,53.0,20.0,0.8996
alcohol,醇类,isopropanol,异丙醇,C3H8O,60.09502,weight,54.0,20.0,0.8971
alcohol,醇类,isopropanol,异丙醇,C3H8O,60.09502,weight,55.0,20.0,0.8946
alcohol,醇类,isopropanol,异丙醇,C3H8O,60.09502,weight,56.0,20.0,0.8921
alcohol,醇类,isopropanol,异丙醇,C3H8O,60.09502,weight,57.0,20.0,0.8896
alcohol,醇类,isopropanol,异丙醇,C3H8O,60.09502,weight,58.0,20.0,0.8874
alcohol,醇类,isopropanol,异丙醇,C3H8O,60.09502,weight,59.0,20.0,0.885
alcohol,醇类,isopropanol,异丙醇,C3H8O,60.09502,weight,60.0,20.0,0.8825
alcohol,醇类,isopropanol,异丙醇,C3H8O,60.09502,weight,61.0,20.0,0.88
alcohol,醇类,isopropanol,异丙醇,C3H8O,60.09502,weight,62.0,20.0,0.8776
alcohol,醇类,isopropanol,异丙醇,C3H8O,60.09502,weight,63.0,20.0,0.8751
alcohol,醇类,isopropanol,异丙醇,C3H8O,60.09502,weight,64.0,20.0,0.8727
alcohol,醇类,isopropanol,异丙醇,C3H8O,60.09502,weight,65.0,20.0,0.8702
alcohol,醇类,isopropanol,异丙醇,C3H8O,60.09502,weight,66.0,20.0,0.8679
alcohol,醇类,isopropanol,异丙醇,C3H8O,60.09502,weight,67.0,20.0,0.8656
alcohol,醇类,isopropanol,异丙醇,C3H8O,60.09502,weight,68.0,20.0,0.8632
alcohol,醇类,isopropanol,异丙醇,C3H8O,60.09502,weight,69.0,20.0,0.8609
alcohol,醇类,isopropanol,异丙醇,C3H8O,60.09502,weight,70.0,20.0,0.8584
alcohol,醇类,isopropanol,异丙醇,C3H8O,60.09502,weight,71.0,20.0,0.856
alcohol,醇类,isopropanol,异丙醇,C3H8O,60.09502,weight,72.0,20.0,0.8537
alcohol,醇类,isopropanol,异丙醇,C3H8O,60.09502,weight,73.0,20.0,0.8513
alcohol,醇类,isopropanol,异丙醇,C3H8O,60.09502,weight,74.0,20.0,0.8489
alcohol,醇类,isopropanol,异丙醇,C3H8O,60.09502,weight,75.0,20.0,0.8464
alcohol,醇类,isopropanol,异丙醇,C3H8O,60.09502,weight,76.0,20.0,0.8439
alcohol,醇类,isopropanol,异丙醇,C3H8O,60.09502,weight,77.0,20.0,0.8415
alcohol,醇类,isopropanol,异丙醇,C3H8O,60.09502,weight,78.0,20.0,0.8391
alcohol,醇类,isopropanol,异丙醇,C3H8O,60.09502,weight,79.0,20.0,0.8366
alcohol,醇类,isopropanol,异丙醇,C3H8O,60.09502,weight,80.0,20.0,0.8342
alcohol,醇类,isopropanol,异丙醇,C3H8O,60.09502,weight,81.0,20.0,0.8317
alcohol,醇类,isopropanol,异丙醇,C3H8O,60.09502,weight,82.0,20.0,0.8292
alcohol,醇类,isopropanol,异丙醇,C3H8O,60.09502,weight,83.0,20.0,0.8268
alcohol,醇类,isopropanol,异丙醇,C3H8O,60.09502,weight,84.0,20.0,0.8243
alcohol,醇类,isopropanol,异丙醇,C3H8O,60.09502,weight,85.0,20.0,0.8219
alcohol,醇类,isopropanol,异丙醇,C3H8O,60.09502,weight,86.0,20.0,0.8194
alcohol,醇类,isopropanol,异丙醇,C3H8O,60.09502,weight,87.0,20.0,0.8169
alcohol,醇类,isopropanol,异丙醇,C3H8O,60.09502,weight,88.0,20.0,0.8145
alcohol,醇类,isopropanol,异丙醇,C3H8O,60.09502,weight,89.0,20.0,0.812
alcohol,醇类,isopropanol,异丙醇,C3H8O,60.09502,weight,90.0,20.0,0.8096
alcohol,醇类,isopropanol,异丙醇,C3H8O,60.09502,weight,91.0,20.0,0.8072
alcohol,醇类,isopropanol,异丙醇,C3H8O,60.09502,weight,92.0,20.0,0.8047
alcohol,醇类,isopropanol,异丙醇,C3H8O,60.09502,weight,93.0,20.0,0.8023
alcohol,醇类,isopropanol,异丙醇,C3H8O,60.09502,weight,94.0,20.0,0.7998
alcohol,醇类,isopropanol,异丙醇,C3H8O,60.09502,weight,95.0,20.0,0.7973
alcohol,醇类,isopropanol,异丙醇,C3H8O,60.09502,weight,96.0,20.0,0.7949
alcohol,醇类,isopropanol,异丙醇,C3H8O,60.09502,weight,97.0,20.0,0.7925
alcohol,醇类,isopropanol,异丙醇,C3H8O,60.09502,weight,98.0,20.0,0.7901
alcohol,醇类,isopropanol,异丙醇,C3H8O,60.09502,weight,99.0,20.0,0.7877
alcohol,醇类,isopropanol,异丙醇,C3H8O,60.09502,weight,100.0,20.0,0.7854
alcohol,醇类,isopropanol,异丙醇,C3H8O,60.09502,weight,0.0,30.0,0.9956511
alcohol,醇类,isopropanol,异丙醇,C3H8O,60.09502,weight,1.0,30.0,0.9939
alcohol,醇类,isopropanol,异丙醇,C3H8O,60.09502,weight,2.0,30.0,0.9921
alcohol,醇类,isopropanol,异丙醇,C3H8O,60.09502,weight,3.0,30.0,0.9904
alcohol,醇类,isopropanol,异丙醇,C3H8O,60.09502,weight,4.0,30.0,0.9887
alcohol,醇类,isopropanol,异丙醇,C3H8O,60.09502,weight,5.0,30.0,0.9871
alcohol,醇类,isopropanol,异丙醇,C3H8O,60.09502,weight,6.0,30.0,0.9855
alcohol,醇类,isopropanol,异丙醇,C3H8O,60.09502,weight,7.0,30.0,0.9839
alcohol,醇类,isopropanol,异丙醇,C3H8O,60.09502,weight,8.0,30.0,0.9824
alcohol,醇类,isopropanol,异丙醇,C3H8O,60.09502,weight,9.0,30.0,0.9809
alcohol,醇类,isopropanol,异丙醇,C3H8O,60.09502,weight,10.0,30.0,0.9794
alcohol,醇类,isopropanol,异丙醇,C3H8O,60.09502,weight,11.0,30.0,0.9778
alcohol,醇类,isopropanol,异丙醇,C3H8O,60.09502,weight,12.0,30.0,0.9764
alcohol,醇类,isopropanol,异丙醇,C3H8O,60.09502,weight,13.0,30.0,0.975
alcohol,醇类,isopropanol,异丙醇,C3H8O,60.09502,weight,14.0,30.0,0.9735
alcohol,醇类,isopropanol,异丙醇,C3H8O,60.09502,weight,15.0,30.0,0.972
alcohol,醇类,isopropanol,异丙醇,C3H8O,60.09502,weight,16.0,30.0,0.9705
alcohol,醇类,isopropanol,异丙醇,C3H8O,60.09502,weight,17.0,30.0,0.969
alcohol,醇类,isopropanol,异丙醇,C3H8O,60.09502,weight,18.0,30.0,0.9675
alcohol,醇类,isopropanol,异丙醇,C3H8O,60.09502,weight,19.0,30.0,0.9658
alcohol,醇类,isopropanol,异丙醇,C3H8O,60.09502,weight,20.0,30.0,0.9642
alcohol,醇类,isopropanol,异丙醇,C3H8O,60.09502,weight,21.0,30.0,0.9624
alcohol,醇类,isopropanol,异丙醇,C3H8O,60.09502,weight,22.0,30.0,0.9606
alcohol,醇类,isopropanol,异丙醇,C3H8O,60.09502,weight,23.0,30.0,0.9587
alcohol,醇类,isopropanol,异丙醇,C3H8O,60.09502,weight,24.0,30.0,0.9569
alcohol,醇类,isopropanol,异丙醇,C3H8O,60.09502,weight,25.0,30.0,0.9549
alcohol,醇类,isopropanol,异丙醇,C3H8O,60.09502,weight,26.0,30.0,0.9529
alcohol,醇类,isopropanol,异丙醇,C3H8O,60.09502,weight,27.0,30.0,0.9509
alcohol,醇类,isopropanol,异丙醇,C3H8O,60.09502,weight,28.0,30.0,0.9488
alcohol,醇类,isopropanol,异丙醇,C3H8O,60.09502,weight,29.0,30.0,0.9467
alcohol,醇类,isopropanol,异丙醇,C3H8O,60.09502,weight,30.0,30.0,0.9446
alcohol,醇类,isopropanol,异丙醇,C3H8O,60.09502,weight,31.0,30.0,0.9426
alcohol,醇类,isopropanol,异丙醇,C3H8O,60.09502,weight,32.0,30.0,0.9405
alcohol,醇类,isopropanol,异丙醇,C3H8O,60.09502,weight,33.0,30.0,0.9383
alcohol,醇类,isopropanol,异丙醇,C3H8O,60.09502,weight,34.0,30.0,0.9361
alcohol,醇类,isopropanol,异丙醇,C3H8O,60.09502,weight,35.0,30.0,0.9338
alcohol,醇类,isopropanol,异丙醇,C3H8O,60.09502,weight,36.0,30.0,0.9315
alcohol,醇类,isopropanol,异丙醇,C3H8O,60.09502,weight,37.0,30.0,0.9292
alcohol,醇类,isopropanol,异丙醇,C3H8O,60.09502,weight,38.0,30.0,0.9269
alcohol,醇类,isopropanol,异丙醇,C3H8O,60.09502,weight,39.0,30.0,0.9246
alcohol,醇类,isopropanol,异丙醇,C3H8O,60.09502,weight,40.0,30.0,0.9224
alcohol,醇类,isopropanol,异丙醇,C3H8O,60.09502,weight,41.0,30.0,0.9201
alcohol,醇类,isopropanol,异丙醇,C3H8O,60.09502,weight,42.0,30.0,0.9177
alcohol,醇类,isopropanol,异丙醇,C3H8O,60.09502,weight,43.0,30.0,0.9154
alcohol,醇类,isopropanol,异丙醇,C3H8O,60.09502,weight,44.0,30.0,0.913
alcohol,醇类,isopropanol,异丙醇,C3H8O,60.09502,weight,45.0,30.0,0.9106
alcohol,醇类,isopropanol,异丙醇,C3H8O,60.09502,weight,46.0,30.0,0.9082
alcohol,醇类,isopropanol,异丙醇,C3H8O,60.09502,weight,47.0,30.0,0.9059
alcohol,醇类,isopropanol,异丙醇,C3H8O,60.09502,weight,48.0,30.0,0.9036
alcohol,醇类,isopropanol,异丙醇,C3H8O,60.09502,weight,49.0,30.0,0.9013
alcohol,醇类,isopropanol,异丙醇,C3H8O,60.09502,weight,50.0,30.0,0.899
alcohol,醇类,isopropanol,异丙醇,C3H8O,60.09502,weight,51.0,30.0,0.8966
alcohol,醇类,isopropanol,异丙醇,C3H8O,60.09502,weight,52.0,30.0,0.8943
alcohol,醇类,isopropanol,异丙醇,C3H8O,60.09502,weight,53.0,30.0,0.8919
alcohol,醇类,isopropanol,异丙醇,C3H8O,60.09502,weight,54.0,30.0,0.8895
alcohol,醇类,isopropanol,异丙醇,C3H8O,60.09502,weight,55.0,30.0,0.8871
alcohol,醇类,isopropanol,异丙醇,C3H8O,60.09502,weight,56.0,30.0,0.8847
alcohol,醇类,isopropanol,异丙醇,C3H8O,60.09502,weight,57.0,30.0,0.8823
alcohol,醇类,isopropanol,异丙醇,C3H8O,60.09502,weight,58.0,30.0,0.88
alcohol,醇类,isopropanol,异丙醇,C3H8O,60.09502,weight,59.0,30.0,0.8777
alcohol,醇类,isopropanol,异丙醇,C3H8O,60.09502,weight,60.0,30.0,0.8752
alcohol,醇类,isopropanol,异丙醇,C3H8O,60.09502,weight,61.0,30.0,0.8728
alcohol,醇类,isopropanol,异丙醇,C3H8O,60.09502,weight,62.0,30.0,0.8704
alcohol,醇类,isopropanol,异丙醇,C3H8O,60.09502,weight,63.0,30.0,0.868
alcohol,醇类,isopropanol,异丙醇,C3H8O,60.09502,weight,64.0,30.0,0.8656
alcohol,醇类,isopropanol,异丙醇,C3H8O,60.09502,weight,65.0,30.0,0.8631
alcohol,醇类,isopropanol,异丙醇,C3H8O,60.09502,weight,66.0,30.0,0.8607
alcohol,醇类,isopropanol,异丙醇,C3H8O,60.09502,weight,67.0,30.0,0.8583
alcohol,醇类,isopropanol,异丙醇,C3H8O,60.09502,weight,68.0,30.0,0.8559
alcohol,醇类,isopropanol,异丙醇,C3H8O,60.09502,weight,69.0,30.0,0.8535
alcohol,醇类,isopropanol,异丙醇,C3H8O,60.09502,weight,70.0,30.0,0.8511
alcohol,醇类,isopropanol,异丙醇,C3H8O,60.09502,weight,71.0,30.0,0.8487
alcohol,醇类,isopropanol,异丙醇,C3H8O,60.09502,weight,72.0,30.0,0.8464
alcohol,醇类,isopropanol,异丙醇,C3H8O,60.09502,weight,73.0,30.0,0.844
alcohol,醇类,isopropanol,异丙醇,C3H8O,60.09502,weight,74.0,30.0,0.8416
alcohol,醇类,isopropanol,异丙醇,C3H8O,60.09502,weight,75.0,30.0,0.8392
alcohol,醇类,isopropanol,异丙醇,C3H8O,60.09502,weight,76.0,30.0,0.8368
alcohol,醇类,isopropanol,异丙醇,C3H8O,60.09502,weight,77.0,30.0,0.8344
alcohol,醇类,isopropanol,异丙醇,C3H8O,60.09502,weight,78.0,30.0,0.8321
alcohol,醇类,isopropanol,异丙醇,C3H8O,60.09502,weight,79.0,30.0,0.8297
alcohol,醇类,isopropanol,异丙醇,C3H8O,60.09502,weight,80.0,30.0,0.8273
alcohol,醇类,isopropanol,异丙醇,C3H8O,60.09502,weight,81.0,30.0,0.8248
alcohol,醇类,isopropanol,异丙醇,C3H8O,60.09502,weight,82.0,30.0,0.8224
alcohol,醇类,isopropanol,异丙醇,C3H8O,60.09502,weight,83.0,30.0,0.82
alcohol,醇类,isopropanol,异丙醇,C3H8O,60.09502,weight,84.0,30.0,0.8175
alcohol,醇类,isopropanol,异丙醇,C3H8O,60.09502,weight,85.0,30.0,0.8151
alcohol,醇类,isopropanol,异丙醇,C3H8O,60.09502,weight,86.0,30.0,0.8127
alcohol,醇类,isopropanol,异丙醇,C3H8O,60.09502,weight,87.0,30.0,0.8102
alcohol,醇类,isopropanol,异丙醇,C3H8O,60.09502,weight,88.0,30.0,0.8078
alcohol,醇类,isopropanol,异丙醇,C3H8O,60.09502,weight,89.0,30.0,0.8053
alcohol,醇类,isopropanol,异丙醇,C3H8O,60.09502,weight,90.0,30.0,0.8029
alcohol,醇类,isopropanol,异丙醇,C3H8O,60.09502,weight,91.0,30.0,0.8004
alcohol,醇类,isopropanol,异丙醇,C3H8O,60.09502,weight,92.0,30.0,0.7979
alcohol,醇类,isopropanol,异丙醇,C3H8O,60.09502,weight,93.0,30.0,0.7954
alcohol,醇类,isopropanol,异丙醇,C3H8O,60.09502,weight,94.0,30.0,0.7929
alcohol,醇类,isopropanol,异丙醇,C3H8O,60.09502,weight,95.0,30.0,0.7904
alcohol,醇类,isopropanol,异丙醇,C3H8O,60.09502,weight,96.0,30.0,0.7878
alcohol,醇类,isopropanol,异丙醇,C3H8O,60.09502,weight,97.0,30.0,0.7852
alcohol,醇类,isopropanol,异丙醇,C3H8O,60.09502,weight,98.0,30.0,0.7826
alcohol,醇类,isopropanol,异丙醇,C3H8O,60.09502,weight,99.0,30.0,0.7799
alcohol,醇类,isopropanol,异丙醇,C3H8O,60.09502,weight,100.0,30.0,0.777
alcohol,醇类,isopropanol,异丙醇,C3H8O,60.09502,volume,0.0,0.0,0.99984283
alcohol,醇类,isopropanol,异丙醇,C3H8O,60.09502,volume,1.0,0.0,0.99837
alcohol,醇类,isopropanol,异丙醇,C3H8O,60.09502,volume,2.0,0.0,0.9969
alcohol,醇类,isopropanol,异丙醇,C3H8O,60.09502,volume,3.0,0.0,0.99553
alcohol,醇类,isopropanol,异丙醇,C3H8O,60.09502,volume,4.0,0.0,0.99424
alcohol,醇类,isopropanol,异丙醇,C3H8O,60.09502,volume,5.0,0.0,0.99295
alcohol,醇类,isopropanol,异丙醇,C3H8O,60.09502,volume,6.0,0.0,0.99181
alcohol,醇类,isopropanol,异丙醇,C3H8O,60.09502,volume,7.0,0.0,0.99067
alcohol,醇类,isopropanol,异丙醇,C3H8O,60.09502,volume,8.0,0.0,0.98962
alcohol,醇类,isopropanol,异丙醇,C3H8O,60.09502,volume,9.0,0.0,0.98864
alcohol,醇类,isopropanol,异丙醇,C3H8O,60.09502,volume,10.0,0.0,0.98766
alcohol,醇类,isopropanol,异丙醇,C3H8O,60.09502,volume,11.0,0.0,0.98668
alcohol,醇类,isopropanol,异丙醇,C3H8O,60.09502,volume,12.0,0.0,0.98584
alcohol,醇类,isopropanol,异丙醇,C3H8O,60.09502,volume,13.0,0.0,0.98502
alcohol,醇类,isopropanol,异丙醇,C3H8O,60.09502,volume,14.0,0.0,0.98428
alcohol,醇类,isopropanol,异丙醇,C3H8O,60.09502,volume,15.0,0.0,0.9836
alcohol,醇类,isopropanol,异丙醇,C3H8O,60.09502,volume,16.0,0.0,0.98286
alcohol,醇类,isopropanol,异丙醇,C3H8O,60.09502,volume,17.0,0.0,0.9822
alcohol,醇类,isopropanol,异丙醇,C3H8O,60.09502,volume,18.0,0.0,0.98161
alcohol,醇类,isopropanol,异丙醇,C3H8O,60.09502,volume,19.0,0.0,0.98098
alcohol,醇类,isopropanol,异丙醇,C3H8O,60.09502,volume,20.0,0.0,0.98035
alcohol,醇类,isopropanol,异丙醇,C3H8O,60.09502,volume,21.0,0.0,0.97977
alcohol,醇类,isopropanol,异丙醇,C3H8O,60.09502,volume,22.0,0.0,0.97919
alcohol,醇类,isopropanol,异丙醇,C3H8O,60.09502,volume,23.0,0.0,0.97853
alcohol,醇类,isopropanol,异丙醇,C3H8O,60.09502,volume,24.0,0.0,0.97793
alcohol,醇类,isopropanol,异丙醇,C3H8O,60.09502,volume,25.0,0.0,0.97724
alcohol,醇类,isopropanol,异丙醇,C3H8O,60.09502,volume,26.0,0.0,0.97649
alcohol,醇类,isopropanol,异丙醇,C3H8O,60.09502,volume,27.0,0.0,0.97572
alcohol,醇类,isopropanol,异丙醇,C3H8O,60.09502,volume,28.0,0.0,0.97488
alcohol,醇类,isopropanol,异丙醇,C3H8O,60.09502,volume,29.0,0.0,0.97403
alcohol,醇类,isopropanol,异丙醇,C3H8O,60.09502,volume,30.0,0.0,0.97304
alcohol,醇类,isopropanol,异丙醇,C3H8O,60.09502,volume,31.0,0.0,0.97196
alcohol,醇类,isopropanol,异丙醇,C3H8O,60.09502,volume,32.0,0.0,0.97076
alcohol,醇类,isopropanol,异丙醇,C3H8O,60.09502,volume,33.0,0.0,0.96947
alcohol,醇类,isopropanol,异丙醇,C3H8O,60.09502,volume,34.0,0.0,0.96817
alcohol,醇类,isopropanol,异丙醇,C3H8O,60.09502,volume,35.0,0.0,0.96687
alcohol,醇类,isopropanol,异丙醇,C3H8O,60.09502,volume,36.0,0.0,0.96538
alcohol,醇类,isopropanol,异丙醇,C3H8O,60.09502,volume,37.0,0.0,0.96381
alcohol,醇类,isopropanol,异丙醇,C3H8O,60.09502,volume,38.0,0.0,0.96215
alcohol,醇类,isopropanol,异丙醇,C3H8O,60.09502,volume,39.0,0.0,0.96045
alcohol,醇类,isopropanol,异丙醇,C3H8O,60.09502,volume,40.0,0.0,0.95876
alcohol,醇类,isopropanol,异丙醇,C3H8O,60.09502,volume,41.0,0.0,0.95702
alcohol,醇类,isopropanol,异丙醇,C3H8O,60.09502,volume,42.0,0.0,0.95518
alcohol,醇类,isopropanol,异丙醇,C3H8O,60.09502,volume,43.0,0.0,0.95325
alcohol,醇类,isopropanol,异丙醇,C3H8O,60.09502,volume,44.0,0.0,0.95123
alcohol,醇类,isopropanol,异丙醇,C3H8O,60.09502,volume,45.0,0.0,0.9493
alcohol,醇类,isopropanol,异丙醇,C3H8O,60.09502,volume,46.0,0.0,0.94736
alcohol,醇类,isopropanol,异丙醇,C3H8O,60.09502,volume,47.0,0.0,0.94532
alcohol,醇类,isopropanol,异丙醇,C3H8O,60.09502,volume,48.0,0.0,0.94326
alcohol,醇类,isopropanol,异丙醇,C3H8O,60.09502,volume,49.0,0.0,0.94119
alcohol,醇类,isopropanol,异丙醇,C3H8O,60.09502,volume,50.0,0.0,0.93911
alcohol,醇类,isopropanol,异丙醇,C3H8O,60.09502,volume,51.0,0.0,0.93694
alcohol,醇类,isopropanol,异丙醇,C3H8O,60.09502,volume,52.0,0.0,0.93473
alcohol,醇类,isopropanol,异丙醇,C3H8O,60.09502,volume,53.0,0.0,0.93251
alcohol,醇类,isopropanol,异丙醇,C3H8O,60.09502,volume,54.0,0.0,0.93028
alcohol,醇类,isopropanol,异丙醇,C3H8O,60.09502,volume,55.0,0.0,0.92809
alcohol,醇类,isopropanol,异丙醇,C3H8O,60.09502,volume,56.0,0.0,0.92589
alcohol,醇类,isopropanol,异丙醇,C3H8O,60.09502,volume,57.0,0.0,0.92362
alcohol,醇类,isopropanol,异丙醇,C3H8O,60.09502,volume,58.0,0.0,0.92133
alcohol,醇类,isopropanol,异丙醇,C3H8O,60.09502,volume,59.0,0.0,0.91904
alcohol,醇类,isopropanol,异丙醇,C3H8O,60.09502,volume,60.0,0.0,0.91673
alcohol,醇类,isopropanol,异丙醇,C3H8O,60.09502,volume,61.0,0.0,0.91441
alcohol,醇类,isopropanol,异丙醇,C3H8O,60.09502,volume,62.0,0.0,0.91207
alcohol,醇类,isopropanol,异丙醇,C3H8O,60.09502,volume,63.0,0.0,0.90972
alcohol,醇类,isopropanol,异丙醇,C3H8O,60.09502,volume,64.0,0.0,0.90736
alcohol,醇类,isopropanol,异丙醇,C3H8O,60.09502,volume,65.0,0.0,0.90498
alcohol,醇类,isopropanol,异丙醇,C3H8O,60.09502,volume,66.0,0.0,0.90258
alcohol,醇类,isopropanol,异丙醇,C3H8O,60.09502,volume,67.0,0.0,0.90017
alcohol,醇类,isopropanol,异丙醇,C3H8O,60.09502,volume,68.0,0.0,0.89766
alcohol,醇类,isopropanol,异丙醇,C3H8O,60.09502,volume,69.0,0.0,0.89519
alcohol,醇类,isopropanol,异丙醇,C3H8O,60.09502,volume,70.0,0.0,0.89273
alcohol,醇类,isopropanol,异丙醇,C3H8O,60.09502,volume,71.0,0.0,0.89026
alcohol,醇类,isopropanol,异丙醇,C3H8O,60.09502,volume,72.0,0.0,0.88777
alcohol,醇类,isopropanol,异丙醇,C3H8O,60.09502,volume,73.0,0.0,0.88515
alcohol,醇类,isopropanol,异丙醇,C3H8O,60.09502,volume,74.0,0.0,0.8826
alcohol,醇类,isopropanol,异丙醇,C3H8O,60.09502,volume,75.0,0.0,0.87996
alcohol,醇类,isopropanol,异丙醇,C3H8O,60.09502,volume,76.0,0.0,0.8774
alcohol,醇类,isopropanol,异丙醇,C3H8O,60.09502,volume,77.0,0.0,0.87482
alcohol,醇类,isopropanol,异丙醇,C3H8O,60.09502,volume,78.0,0.0,0.87214
alcohol,醇类,isopropanol,异丙醇,C3H8O,60.09502,volume,79.0,0.0,0.86949
alcohol,醇类,isopropanol,异丙醇,C3H8O,60.09502,volume,80.0,0.0,0.86685
alcohol,醇类,isopropanol,异丙醇,C3H8O,60.09502,volume,81.0,0.0,0.86407
alcohol,醇类,isopropanol,异丙醇,C3H8O,60.09502,volume,82.0,0.0,0.86139
alcohol,醇类,isopropanol,异丙醇,C3H8O,60.09502,volume,83.0,0.0,0.85869
alcohol,醇类,isopropanol,异丙醇,C3H8O,60.09502,volume,84.0,0.0,0.85589
alcohol,醇类,isopropanol,异丙醇,C3H8O,60.09502,volume,85.0,0.0,0.8531
alcohol,醇类,isopropanol,异丙醇,C3H8O,60.09502,volume,86.0,0.0,0.85007
alcohol,醇类,isopropanol,异丙醇,C3H8O,60.09502,volume,87.0,0.0,0.84716
alcohol,醇类,isopropanol,异丙醇,C3H8O,60.09502,volume,88.0,0.0,0.84427
alcohol,醇类,isopropanol,异丙醇,C3H8O,60.09502,volume,89.0,0.0,0.84127
alcohol,醇类,isopropanol,异丙醇,C3H8O,60.09502,volume,90.0,0.0,0.83824
alcohol,醇类,isopropanol,异丙醇,C3H8O,60.09502,volume,91.0,0.0,0.83518
alcohol,醇类,isopropanol,异丙醇,C3H8O,60.09502,volume,92.0,0.0,0.832
alcohol,醇类,isopropanol,异丙醇,C3H8O,60.09502,volume,93.0,0.0,0.82883
alcohol,醇类,isopropanol,异丙醇,C3H8O,60.09502,volume,94.0,0.0,0.8255
alcohol,醇类,isopropanol,异丙醇,C3H8O,60.09502,volume,95.0,0.0,0.82213
alcohol,醇类,isopropanol,异丙醇,C3H8O,60.09502,volume,96.0,0.0,0.81858
alcohol,醇类,isopropanol,异丙醇,C3H8O,60.09502,volume,97.0,0.0,0.81486
alcohol,醇类,isopropanol,异丙醇,C3H8O,60.09502,volume,98.0,0.0,0.81095
alcohol,醇类,isopropanol,异丙醇,C3H8O,60.09502,volume,99.0,0.0,0.80666
alcohol,醇类,isopropanol,异丙醇,C3H8O,60.09502,volume,100.0,0.0,0.8016
alcohol,醇类,isopropanol,异丙醇,C3H8O,60.09502,volume,0.0,15.0,0.9991016
alcohol,醇类,isopropanol,异丙醇,C3H8O,60.09502,volume,1.0,15.0,0.9976
alcohol,醇类,isopropanol,异丙醇,C3H8O,60.09502,volume,2.0,15.0,0.99615
alcohol,醇类,isopropanol,异丙醇,C3H8O,60.09502,volume,3.0,15.0,0.99472
alcohol,醇类,isopropanol,异丙醇,C3H8O,60.09502,volume,4.0,15.0,0.99332
alcohol,醇类,isopropanol,异丙醇,C3H8O,60.09502,volume,5.0,15.0,0.99204
alcohol,醇类,isopropanol,异丙醇,C3H8O,60.09502,volume,6.0,15.0,0.99075
alcohol,醇类,isopropanol,异丙醇,C3H8O,60.09502,volume,7.0,15.0,0.98958
alcohol,醇类,isopropanol,异丙醇,C3H8O,60.09502,volume,8.0,15.0,0.98842
alcohol,醇类,isopropanol,异丙醇,C3H8O,60.09502,volume,9.0,15.0,0.98725
alcohol,醇类,isopropanol,异丙醇,C3H8O,60.09502,volume,10.0,15.0,0.9862
alcohol,醇类,isopropanol,异丙醇,C3H8O,60.09502,volume,11.0,15.0,0.98515
alcohol,醇类,isopropanol,异丙醇,C3H8O,60.09502,volume,12.0,15.0,0.9841
alcohol,醇类,isopropanol,异丙醇,C3H8O,60.09502,volume,13.0,15.0,0.98309
alcohol,醇类,isopropanol,异丙醇,C3H8O,60.09502,volume,14.0,15.0,0.9821
alcohol,醇类,isopropanol,异丙醇,C3H8O,60.09502,volume,15.0,15.0,0.98112
alcohol,醇类,isopropanol,异丙醇,C3H8O,60.09502,volume,16.0,15.0,0.98014
alcohol,醇类,isopropanol,异丙醇,C3H8O,60.09502,volume,17.0,15.0,0.97916
alcohol,醇类,isopropanol,异丙醇,C3H8O,60.09502,volume,18.0,15.0,0.97823
alcohol,醇类,isopropanol,异丙醇,C3H8O,60.09502,volume,19.0,15.0,0.97729
alcohol,醇类,isopropanol,异丙醇,C3H8O,60.09502,volume,20.0,15.0,0.9763
alcohol,醇类,isopropanol,异丙醇,C3H8O,60.09502,volume,21.0,15.0,0.97531
alcohol,醇类,isopropanol,异丙醇,C3H8O,60.09502,volume,22.0,15.0,0.97432
alcohol,醇类,isopropanol,异丙醇,C3H8O,60.09502,volume,23.0,15.0,0.97326
alcohol,醇类,isopropanol,异丙醇,C3H8O,60.09502,volume,24.0,15.0,0.97221
alcohol,醇类,isopropanol,异丙醇,C3H8O,60.09502,volume,25.0,15.0,0.97118
alcohol,醇类,isopropanol,异丙醇,C3H8O,60.09502,volume,26.0,15.0,0.97009
alcohol,醇类,isopropanol,异丙醇,C3H8O,60.09502,volume,27.0,15.0,0.96891
alcohol,醇类,isopropanol,异丙醇,C3H8O,60.09502,volume,28.0,15.0,0.96765
alcohol,醇类,isopropanol,异丙醇,C3H8O,60.09502,volume,29.0,15.0,0.96638
alcohol,醇类,isopropanol,异丙醇,C3H8O,60.09502,volume,30.0,15.0,0.96499
alcohol,醇类,isopropanol,异丙醇,C3H8O,60.09502,volume,31.0,15.0,0.9635
alcohol,醇类,isopropanol,异丙醇,C3H8O,60.09502,volume,32.0,15.0,0.96192
alcohol,醇类,isopropanol,异丙醇,C3H8O,60.09502,volume,33.0,15.0,0.96027
alcohol,醇类,isopropanol,异丙醇,C3H8O,60.09502,volume,34.0,15.0,0.95862
alcohol,醇类,isopropanol,异丙醇,C3H8O,60.09502,volume,35.0,15.0,0.95705
alcohol,醇类,isopropanol,异丙醇,C3H8O,60.09502,volume,36.0,15.0,0.95543
alcohol,醇类,isopropanol,异丙醇,C3H8O,60.09502,volume,37.0,15.0,0.95374
alcohol,醇类,isopropanol,异丙醇,C3H8O,60.09502,volume,38.0,15.0,0.952
alcohol,醇类,isopropanol,异丙醇,C3H8O,60.09502,volume,39.0,15.0,0.95018
alcohol,醇类,isopropanol,异丙醇,C3H8O,60.09502,volume,40.0,15.0,0.9483
alcohol,醇类,isopropanol,异丙醇,C3H8O,60.09502,volume,41.0,15.0,0.94639
alcohol,醇类,isopropanol,异丙醇,C3H8O,60.09502,volume,42.0,15.0,0.94439
alcohol,醇类,isopropanol,异丙醇,C3H8O,60.09502,volume,43.0,15.0,0.94238
alcohol,醇类,isopropanol,异丙醇,C3H8O,60.09502,volume,44.0,15.0,0.94027
alcohol,醇类,isopropanol,异丙醇,C3H8O,60.09502,volume,45.0,15.0,0.93823
alcohol,醇类,isopropanol,异丙醇,C3H8O,60.09502,volume,46.0,15.0,0.93611
alcohol,醇类,isopropanol,异丙醇,C3H8O,60.09502,volume,47.0,15.0,0.93399
alcohol,醇类,isopropanol,异丙醇,C3H8O,60.09502,volume,48.0,15.0,0.93189
alcohol,醇类,isopropanol,异丙醇,C3H8O,60.09502,volume,49.0,15.0,0.92974
alcohol,醇类,isopropanol,异丙醇,C3H8O,60.09502,volume,50.0,15.0,0.92762
alcohol,醇类,isopropanol,异丙醇,C3H8O,60.09502,volume,51.0,15.0,0.92548
alcohol,醇类,isopropanol,异丙醇,C3H8O,60.09502,volume,52.0,15.0,0.92328
alcohol,醇类,isopropanol,异丙醇,C3H8O,60.09502,volume,53.0,15.0,0.92106
alcohol,醇类,isopropanol,异丙醇,C3H8O,60.09502,volume,54.0,15.0,0.91883
alcohol,醇类,isopropanol,异丙醇,C3H8O,60.09502,volume,55.0,15.0,0.91655
alcohol,醇类,isopropanol,异丙醇,C3H8O,60.09502,volume,56.0,15.0,0.91422
alcohol,醇类,isopropanol,异丙醇,C3H8O,60.09502,volume,57.0,15.0,0.91197
alcohol,醇类,isopropanol,异丙醇,C3H8O,60.09502,volume,58.0,15.0,0.9097
alcohol,醇类,isopropanol,异丙醇,C3H8O,60.09502,volume,59.0,15.0,0.90738
alcohol,醇类,isopropanol,异丙醇,C3H8O,60.09502,volume,60.0,15.0,0.90508
alcohol,醇类,isopropanol,异丙醇,C3H8O,60.09502,volume,61.0,15.0,0.90272
alcohol,醇类,isopropanol,异丙醇,C3H8O,60.09502,volume,62.0,15.0,0.90031
alcohol,醇类,isopropanol,异丙醇,C3H8O,60.09502,volume,63.0,15.0,0.89792
alcohol,醇类,isopropanol,异丙醇,C3H8O,60.09502,volume,64.0,15.0,0.89543
alcohol,醇类,isopropanol,异丙醇,C3H8O,60.09502,volume,65.0,15.0,0.89299
alcohol,醇类,isopropanol,异丙醇,C3H8O,60.09502,volume,66.0,15.0,0.89054
alcohol,醇类,isopropanol,异丙醇,C3H8O,60.09502,volume,67.0,15.0,0.888
alcohol,醇类,isopropanol,异丙醇,C3H8O,60.09502,volume,68.0,15.0,0.88545
alcohol,醇类,isopropanol,异丙醇,C3H8O,60.09502,volume,69.0,15.0,0.88288
alcohol,醇类,isopropanol,异丙醇,C3H8O,60.09502,volume,70.0,15.0,0.88039
alcohol,醇类,isopropanol,异丙醇,C3H8O,60.09502,volume,71.0,15.0,0.87791
alcohol,醇类,isopropanol,异丙醇,C3H8O,60.09502,volume,72.0,15.0,0.87542
alcohol,醇类,isopropanol,异丙醇,C3H8O,60.09502,volume,73.0,15.0,0.87279
alcohol,醇类,isopropanol,异丙醇,C3H8O,60.09502,volume,74.0,15.0,0.87027
alcohol,醇类,isopropanol,异丙醇,C3H8O,60.09502,volume,75.0,15.0,0.8677
alcohol,醇类,isopropanol,异丙醇,C3H8O,60.09502,volume,76.0,15.0,0.86502
alcohol,醇类,isopropanol,异丙醇,C3H8O,60.09502,volume,77.0,15.0,0.86237
alcohol,醇类,isopropanol,异丙醇,C3H8O,60.09502,volume,78.0,15.0,0.85973
alcohol,醇类,isopropanol,异丙醇,C3H8O,60.09502,volume,79.0,15.0,0.85702
alcohol,醇类,isopropanol,异丙醇,C3H8O,60.09502,volume,80.0,15.0,0.85434
alcohol,醇类,isopropanol,异丙醇,C3H8O,60.09502,volume,81.0,15.0,0.85155
alcohol,醇类,isopropanol,异丙醇,C3H8O,60.09502,volume,82.0,15.0,0.84875
alcohol,醇类,isopropanol,异丙醇,C3H8O,60.09502,volume,83.0,15.0,0.84599
alcohol,醇类,isopropanol,异丙醇,C3H8O,60.09502,volume,84.0,15.0,0.8431
alcohol,醇类,isopropanol,异丙醇,C3H8O,60.09502,volume,85.0,15.0,0.84019
alcohol,醇类,isopropanol,异丙醇,C3H8O,60.09502,volume,86.0,15.0,0.83727
alcohol,醇类,isopropanol,异丙醇,C3H8O,60.09502,volume,87.0,15.0,0.8343
alcohol,醇类,isopropanol,异丙醇,C3H8O,60.09502,volume,88.0,15.0,0.83132
alcohol,醇类,isopropanol,异丙醇,C3H8O,60.09502,volume,89.0,15.0,0.8283
alcohol,醇类,isopropanol,异丙醇,C3H8O,60.09502,volume,90.0,15.0,0.82525
alcohol,醇类,isopropanol,异丙醇,C3H8O,60.09502,volume,91.0,15.0,0.82204
alcohol,醇类,isopropanol,异丙醇,C3H8O,60.09502,volume,92.0,15.0,0.81884
alcohol,醇类,isopropanol,异丙醇,C3H8O,60.09502,volume,93.0,15.0,0.81557
alcohol,醇类,isopropanol,异丙醇,C3H8O,60.09502,volume,94.0,15.0,0.81212
alcohol,醇类,isopropanol,异丙醇,C3H8O,60.09502,volume,95.0,15.0,0.80862
alcohol,醇类,isopropanol,异丙醇,C3H8O,60.09502,volume,96.0,15.0,0.80488
alcohol,醇类,isopropanol,异丙醇,C3H8O,60.09502,volume,97.0,15.0,0.80112
alcohol,醇类,isopropanol,异丙醇,C3H8O,60.09502,volume,98.0,15.0,0.79717
alcohol,醇类,isopropanol,异丙醇,C3H8O,60.09502,volume,99.0,15.0,0.79315
alcohol,醇类,isopropanol,异丙醇,C3H8O,60.09502,volume,100.0,15.0,0.78913
alcohol,醇类,isopropanol,异丙醇,C3H8O,60.09502,volume,0.0,20.0,0.9982063
alcohol,醇类,isopropanol,异丙醇,C3H8O,60.09502,volume,1.0,20.0,0.99662
alcohol,醇类,isopropanol,异丙醇,C3H8O,60.09502,volume,2.0,20.0,0.99516
alcohol,醇类,isopropanol,异丙醇,C3H8O,60.09502,volume,3.0,20.0,0.99373
alcohol,醇类,isopropanol,异丙醇,C3H8O,60.09502,volume,4.0,20.0,0.99232
alcohol,醇类,isopropanol,异丙醇,C3H8O,60.09502,volume,5.0,20.0,0.99096
alcohol,醇类,isopropanol,异丙醇,C3H8O,60.09502,volume,6.0,20.0,0.98968
alcohol,醇类,isopropanol,异丙醇,C3H8O,60.09502,volume,7.0,20.0,0.9884
alcohol,醇类,isopropanol,异丙醇,C3H8O,60.09502,volume,8.0,20.0,0.98715
alcohol,醇类,isopropanol,异丙醇,C3H8O,60.09502,volume,9.0,20.0,0.98595
alcohol,醇类,isopropanol,异丙醇,C3H8O,60.09502,volume,10.0,20.0,0.98474
alcohol,醇类,isopropanol,异丙醇,C3H8O,60.09502,volume,11.0,20.0,0.9836
alcohol,醇类,isopropanol,异丙醇,C3H8O,60.09502,volume,12.0,20.0,0.98253
alcohol,醇类,isopropanol,异丙醇,C3H8O,60.09502,volume,13.0,20.0,0.98152
alcohol,醇类,isopropanol,异丙醇,C3H8O,60.09502,volume,14.0,20.0,0.98056
alcohol,醇类,isopropanol,异丙醇,C3H8O,60.09502,volume,15.0,20.0,0.97967
alcohol,醇类,isopropanol,异丙醇,C3H8O,60.09502,volume,16.0,20.0,0.97878
alcohol,醇类,isopropanol,异丙醇,C3H8O,60.09502,volume,17.0,20.0,0.97795
alcohol,醇类,isopropanol,异丙醇,C3H8O,60.09502,volume,18.0,20.0,0.97708
alcohol,醇类,isopropanol,异丙醇,C3H8O,60.09502,volume,19.0,20.0,0.97618
alcohol,醇类,isopropanol,异丙醇,C3H8O,60.09502,volume,20.0,20.0,0.97528
alcohol,醇类,isopropanol,异丙醇,C3H8O,60.09502,volume,21.0,20.0,0.97438
alcohol,醇类,isopropanol,异丙醇,C3H8O,60.09502,volume,22.0,20.0,0.9734
alcohol,醇类,isopropanol,异丙醇,C3H8O,60.09502,volume,23.0,20.0,0.97229
alcohol,醇类,isopropanol,异丙醇,C3H8O,60.09502,volume,24.0,20.0,0.97113
alcohol,醇类,isopropanol,异丙醇,C3H8O,60.09502,volume,25.0,20.0,0.96993
alcohol,醇类,isopropanol,异丙醇,C3H8O,60.09502,volume,26.0,20.0,0.96865
alcohol,醇类,isopropanol,异丙醇,C3H8O,60.09502,volume,27.0,20.0,0.96704
alcohol,醇类,isopropanol,异丙醇,C3H8O,60.09502,volume,28.0,20.0,0.9655
alcohol,醇类,isopropanol,异丙醇,C3H8O,60.09502,volume,29.0,20.0,0.96403
alcohol,醇类,isopropanol,异丙醇,C3H8O,60.09502,volume,30.0,20.0,0.96249
alcohol,醇类,isopropanol,异丙醇,C3H8O,60.09502,volume,31.0,20.0,0.96089
alcohol,醇类,isopropanol,异丙醇,C3H8O,60.09502,volume,32.0,20.0,0.9593
alcohol,醇类,isopropanol,异丙醇,C3H8O,60.09502,volume,33.0,20.0,0.95757
alcohol,醇类,isopropanol,异丙醇,C3H8O,60.09502,volume,34.0,20.0,0.95592
alcohol,醇类,isopropanol,异丙醇,C3H8O,60.09502,volume,35.0,20.0,0.95435
alcohol,醇类,isopropanol,异丙醇,C3H8O,60.09502,volume,36.0,20.0,0.95264
alcohol,醇类,isopropanol,异丙醇,C3H8O,60.09502,volume,37.0,20.0,0.95088
alcohol,醇类,isopropanol,异丙醇,C3H8O,60.09502,volume,38.0,20.0,0.94916
alcohol,醇类,isopropanol,异丙醇,C3H8O,60.09502,volume,39.0,20.0,0.9474
alcohol,醇类,isopropanol,异丙醇,C3H8O,60.09502,volume,40.0,20.0,0.94555
alcohol,醇类,isopropanol,异丙醇,C3H8O,60.09502,volume,41.0,20.0,0.94375
alcohol,醇类,isopropanol,异丙醇,C3H8O,60.09502,volume,42.0,20.0,0.94185
alcohol,醇类,isopropanol,异丙醇,C3H8O,60.09502,volume,43.0,20.0,0.94005
alcohol,醇类,isopropanol,异丙醇,C3H8O,60.09502,volume,44.0,20.0,0.93805
alcohol,醇类,isopropanol,异丙醇,C3H8O,60.09502,volume,45.0,20.0,0.93603
alcohol,醇类,isopropanol,异丙醇,C3H8O,60.09502,volume,46.0,20.0,0.934
alcohol,醇类,isopropanol,异丙醇,C3H8O,60.09502,volume,47.0,20.0,0.93189
alcohol,醇类,isopropanol,异丙醇,C3H8O,60.09502,volume,48.0,20.0,0.92974
alcohol,醇类,isopropanol,异丙醇,C3H8O,60.09502,volume,49.0,20.0,0.92757
alcohol,醇类,isopropanol,异丙醇,C3H8O,60.09502,volume,50.0,20.0,0.9253
alcohol,醇类,isopropanol,异丙醇,C3H8O,60.09502,volume,51.0,20.0,0.92294
alcohol,醇类,isopropanol,异丙醇,C3H8O,60.09502,volume,52.0,20.0,0.92063
alcohol,醇类,isopropanol,异丙醇,C3H8O,60.09502,volume,53.0,20.0,0.91823
alcohol,醇类,isopropanol,异丙醇,C3H8O,60.09502,volume,54.0,20.0,0.91575
alcohol,醇类,isopropanol,异丙醇,C3H8O,60.09502,volume,55.0,20.0,0.9134
alcohol,醇类,isopropanol,异丙醇,C3H8O,60.09502,volume,56.0,20.0,0.91103
alcohol,醇类,isopropanol,异丙醇,C3H8O,60.09502,volume,57.0,20.0,0.90866
alcohol,醇类,isopropanol,异丙醇,C3H8O,60.09502,volume,58.0,20.0,0.90623
alcohol,醇类,isopropanol,异丙醇,C3H8O,60.09502,volume,59.0,20.0,0.90374
alcohol,醇类,isopropanol,异丙醇,C3H8O,60.09502,volume,60.0,20.0,0.90132
alcohol,醇类,isopropanol,异丙醇,C3H8O,60.09502,volume,61.0,20.0,0.89885
alcohol,醇类,isopropanol,异丙醇,C3H8O,60.09502,volume,62.0,20.0,0.89627
alcohol,醇类,isopropanol,异丙醇,C3H8O,60.09502,volume,63.0,20.0,0.89368
alcohol,醇类,isopropanol,异丙醇,C3H8O,60.09502,volume,64.0,20.0,0.89107
alcohol,醇类,isopropanol,异丙醇,C3H8O,60.09502,volume,65.0,20.0,0.88861
alcohol,醇类,isopropanol,异丙醇,C3H8O,60.09502,volume,66.0,20.0,0.88622
alcohol,醇类,isopropanol,异丙醇,C3H8O,60.09502,volume,67.0,20.0,0.88362
alcohol,醇类,isopropanol,异丙醇,C3H8O,60.09502,volume,68.0,20.0,0.88093
alcohol,醇类,isopropanol,异丙醇,C3H8O,60.09502,volume,69.0,20.0,0.87832
alcohol,醇类,isopropanol,异丙醇,C3H8O,60.09502,volume,70.0,20.0,0.87563
alcohol,醇类,isopropanol,异丙醇,C3H8O,60.09502,volume,71.0,20.0,0.873
alcohol,醇类,isopropanol,异丙醇,C3H8O,60.09502,volume,72.0,20.0,0.87025
alcohol,醇类,isopropanol,异丙醇,C3H8O,60.09502,volume,73.0,20.0,0.86773
alcohol,醇类,isopropanol,异丙醇,C3H8O,60.09502,volume,74.0,20.0,0.86517
alcohol,醇类,isopropanol,异丙醇,C3H8O,60.09502,volume,75.0,20.0,0.86252
alcohol,醇类,isopropanol,异丙醇,C3H8O,60.09502,volume,76.0,20.0,0.85985
alcohol,醇类,isopropanol,异丙醇,C3H8O,60.09502,volume,77.0,20.0,0.85705
alcohol,醇类,isopropanol,异丙醇,C3H8O,60.09502,volume,78.0,20.0,0.85438
alcohol,醇类,isopropanol,异丙醇,C3H8O,60.09502,volume,79.0,20.0,0.85165
alcohol,醇类,isopropanol,异丙醇,C3H8O,60.09502,volume,80.0,20.0,0.84885
alcohol,醇类,isopropanol,异丙醇,C3H8O,60.09502,volume,81.0,20.0,0.84588
alcohol,醇类,isopropanol,异丙醇,C3H8O,60.09502,volume,82.0,20.0,0.84293
alcohol,醇类,isopropanol,异丙醇,C3H8O,60.09502,volume,83.0,20.0,0.84006
alcohol,醇类,isopropanol,异丙醇,C3H8O,60.09502,volume,84.0,20.0,0.83706
alcohol,醇类,isopropanol,异丙醇,C3H8O,60.09502,volume,85.0,20.0,0.83411
alcohol,醇类,isopropanol,异丙醇,C3H8O,60.09502,volume,86.0,20.0,0.831
alcohol,醇类,isopropanol,异丙醇,C3H8O,60.09502,volume,87.0,20.0,0.82792
alcohol,醇类,isopropanol,异丙醇,C3H8O,60.09502,volume,88.0,20.0,0.82481
alcohol,醇类,isopropanol,异丙醇,C3H8O,60.09502,volume,89.0,20.0,0.82174
alcohol,醇类,isopropanol,异丙醇,C3H8O,60.09502,volume,90.0,20.0,0.8185
alcohol,醇类,isopropanol,异丙醇,C3H8O,60.09502,volume,91.0,20.0,0.81531
alcohol,醇类,isopropanol,异丙醇,C3H8O,60.09502,volume,92.0,20.0,0.81205
alcohol,醇类,isopropanol,异丙醇,C3H8O,60.09502,volume,93.0,20.0,0.80888
alcohol,醇类,isopropanol,异丙醇,C3H8O,60.09502,volume,94.0,20.0,0.80559
alcohol,醇类,isopropanol,异丙醇,C3H8O,60.09502,volume,95.0,20.0,0.8023
alcohol,醇类,isopropanol,异丙醇,C3H8O,60.09502,volume,96.0,20.0,0.79883
alcohol,醇类,isopropanol,异丙醇,C3H8O,60.09502,volume,97.0,20.0,0.79544
alcohol,醇类,isopropanol,异丙醇,C3H8O,60.09502,volume,98.0,20.0,0.79208
alcohol,醇类,isopropanol,异丙醇,C3H8O,60.09502,volume,99.0,20.0,0.78869
alcohol,醇类,isopropanol,异丙醇,C3H8O,60.09502,volume,100.0,20.0,0.7854
alcohol,醇类,isopropanol,异丙醇,C3H8O,60.09502,volume,0.0,30.0,0.9956511
alcohol,醇类,isopropanol,异丙醇,C3H8O,60.09502,volume,1.0,30.0,0.99429
alcohol,醇类,isopropanol,异丙醇,C3H8O,60.09502,volume,2.0,30.0,0.99288
alcohol,醇类,isopropanol,异丙醇,C3H8O,60.09502,volume,3.0,30.0,0.9915
alcohol,醇类,isopropanol,异丙醇,C3H8O,60.09502,volume,4.0,30.0,0.99016
alcohol,醇类,isopropanol,异丙醇,C3H8O,60.09502,volume,5.0,30.0,0.98882
alcohol,醇类,isopropanol,异丙醇,C3H8O,60.09502,volume,6.0,30.0,0.98755
alcohol,醇类,isopropanol,异丙醇,C3H8O,60.09502,volume,7.0,30.0,0.98628
alcohol,醇类,isopropanol,异丙醇,C3H8O,60.09502,volume,8.0,30.0,0.985
alcohol,醇类,isopropanol,异丙醇,C3H8O,60.09502,volume,9.0,30.0,0.98374
alcohol,醇类,isopropanol,异丙醇,C3H8O,60.09502,volume,10.0,30.0,0.98254
alcohol,醇类,isopropanol,异丙醇,C3H8O,60.09502,volume,11.0,30.0,0.98134
alcohol,醇类,isopropanol,异丙醇,C3H8O,60.09502,volume,12.0,30.0,0.98013
alcohol,醇类,isopropanol,异丙醇,C3H8O,60.09502,volume,13.0,30.0,0.97889
alcohol,醇类,isopropanol,异丙醇,C3H8O,60.09502,volume,14.0,30.0,0.97762
alcohol,醇类,isopropanol,异丙醇,C3H8O,60.09502,volume,15.0,30.0,0.97649
alcohol,醇类,isopropanol,异丙醇,C3H8O,60.09502,volume,16.0,30.0,0.97536
alcohol,醇类,isopropanol,异丙醇,C3H8O,60.09502,volume,17.0,30.0,0.97416
alcohol,醇类,isopropanol,异丙醇,C3H8O,60.09502,volume,18.0,30.0,0.97294
alcohol,醇类,isopropanol,异丙醇,C3H8O,60.09502,volume,19.0,30.0,0.97171
alcohol,醇类,isopropanol,异丙醇,C3H8O,60.09502,volume,20.0,30.0,0.97048
alcohol,醇类,isopropanol,异丙醇,C3H8O,60.09502,volume,21.0,30.0,0.96925
alcohol,醇类,isopropanol,异丙醇,C3H8O,60.09502,volume,22.0,30.0,0.96801
alcohol,醇类,isopropanol,异丙醇,C3H8O,60.09502,volume,23.0,30.0,0.96667
alcohol,醇类,isopropanol,异丙醇,C3H8O,60.09502,volume,24.0,30.0,0.96529
alcohol,醇类,isopropanol,异丙醇,C3H8O,60.09502,volume,25.0,30.0,0.96393
alcohol,醇类,isopropanol,异丙醇,C3H8O,60.09502,volume,26.0,30.0,0.96242
alcohol,醇类,isopropanol,异丙醇,C3H8O,60.09502,volume,27.0,30.0,0.9609
alcohol,醇类,isopropanol,异丙醇,C3H8O,60.09502,volume,28.0,30.0,0.95931
alcohol,醇类,isopropanol,异丙醇,C3H8O,60.09502,volume,29.0,30.0,0.95775
alcohol,醇类,isopropanol,异丙醇,C3H8O,60.09502,volume,30.0,30.0,0.95614
alcohol,醇类,isopropanol,异丙醇,C3H8O,60.09502,volume,31.0,30.0,0.95442
alcohol,醇类,isopropanol,异丙醇,C3H8O,60.09502,volume,32.0,30.0,0.9527
alcohol,醇类,isopropanol,异丙醇,C3H8O,60.09502,volume,33.0,30.0,0.95097
alcohol,醇类,isopropanol,异丙醇,C3H8O,60.09502,volume,34.0,30.0,0.94915
alcohol,醇类,isopropanol,异丙醇,C3H8O,60.09502,volume,35.0,30.0,0.94731
alcohol,醇类,isopropanol,异丙醇,C3H8O,60.09502,volume,36.0,30.0,0.94547
alcohol,醇类,isopropanol,异丙醇,C3H8O,60.09502,volume,37.0,30.0,0.94367
alcohol,醇类,isopropanol,异丙醇,C3H8O,60.09502,volume,38.0,30.0,0.94187
alcohol,醇类,isopropanol,异丙醇,C3H8O,60.09502,volume,39.0,30.0,0.93998
alcohol,醇类,isopropanol,异丙醇,C3H8O,60.09502,volume,40.0,30.0,0.938
alcohol,醇类,isopropanol,异丙醇,C3H8O,60.09502,volume,41.0,30.0,0.93602
alcohol,醇类,isopropanol,异丙醇,C3H8O,60.09502,volume,42.0,30.0,0.93393
alcohol,醇类,isopropanol,异丙醇,C3H8O,60.09502,volume,43.0,30.0,0.93183
alcohol,醇类,isopropanol,异丙醇,C3H8O,60.09502,volume,44.0,30.0,0.92972
alcohol,醇类,isopropanol,异丙醇,C3H8O,60.09502,volume,45.0,30.0,0.9276
alcohol,醇类,isopropanol,异丙醇,C3H8O,60.09502,volume,46.0,30.0,0.92547
alcohol,醇类,isopropanol,异丙醇,C3H8O,60.09502,volume,47.0,30.0,0.92339
alcohol,醇类,isopropanol,异丙醇,C3H8O,60.09502,volume,48.0,30.0,0.92129
alcohol,醇类,isopropanol,异丙醇,C3H8O,60.09502,volume,49.0,30.0,0.91908
alcohol,醇类,isopropanol,异丙醇,C3H8O,60.09502,volume,50.0,30.0,0.91684
alcohol,醇类,isopropanol,异丙醇,C3H8O,60.09502,volume,51.0,30.0,0.91462
alcohol,醇类,isopropanol,异丙醇,C3H8O,60.09502,volume,52.0,30.0,0.91231
alcohol,醇类,isopropanol,异丙醇,C3H8O,60.09502,volume,53.0,30.0,0.90999
alcohol,醇类,isopropanol,异丙醇,C3H8O,60.09502,volume,54.0,30.0,0.90768
alcohol,醇类,isopropanol,异丙醇,C3H8O,60.09502,volume,55.0,30.0,0.90544
alcohol,醇类,isopropanol,异丙醇,C3H8O,60.09502,volume,56.0,30.0,0.9032
alcohol,醇类,isopropanol,异丙醇,C3H8O,60.09502,volume,57.0,30.0,0.90093
alcohol,醇类,isopropanol,异丙醇,C3H8O,60.09502,volume,58.0,30.0,0.89864
alcohol,醇类,isopropanol,异丙醇,C3H8O,60.09502,volume,59.0,30.0,0.89626
alcohol,醇类,isopropanol,异丙醇,C3H8O,60.09502,volume,60.0,30.0,0.89394
alcohol,醇类,isopropanol,异丙醇,C3H8O,60.09502,volume,61.0,30.0,0.8915
alcohol,醇类,isopropanol,异丙醇,C3H8O,60.09502,volume,62.0,30.0,0.88905
alcohol,醇类,isopropanol,异丙醇,C3H8O,60.09502,volume,63.0,30.0,0.88659
alcohol,醇类,isopropanol,异丙醇,C3H8O,60.09502,volume,64.0,30.0,0.88411
alcohol,醇类,isopropanol,异丙醇,C3H8O,60.09502,volume,65.0,30.0,0.88164
alcohol,醇类,isopropanol,异丙醇,C3H8O,60.09502,volume,66.0,30.0,0.87925
alcohol,醇类,isopropanol,异丙醇,C3H8O,60.09502,volume,67.0,30.0,0.87676
alcohol,醇类,isopropanol,异丙醇,C3H8O,60.09502,volume,68.0,30.0,0.87413
alcohol,醇类,isopropanol,异丙醇,C3H8O,60.09502,volume,69.0,30.0,0.87157
alcohol,醇类,isopropanol,异丙醇,C3H8O,60.09502,volume,70.0,30.0,0.86898
alcohol,醇类,isopropanol,异丙醇,C3H8O,60.09502,volume,71.0,30.0,0.86638
alcohol,醇类,isopropanol,异丙醇,C3H8O,60.09502,volume,72.0,30.0,0.86366
alcohol,醇类,isopropanol,异丙醇,C3H8O,60.09502,volume,73.0,30.0,0.86099
alcohol,醇类,isopropanol,异丙醇,C3H8O,60.09502,volume,74.0,30.0,0.85833
alcohol,醇类,isopropanol,异丙醇,C3H8O,60.09502,volume,75.0,30.0,0.85564
alcohol,醇类,isopropanol,异丙醇,C3H8O,60.09502,volume,76.0,30.0,0.85294
alcohol,醇类,isopropanol,异丙醇,C3H8O,60.09502,volume,77.0,30.0,0.85021
alcohol,醇类,isopropanol,异丙醇,C3H8O,60.09502,volume,78.0,30.0,0.84753
alcohol,醇类,isopropanol,异丙醇,C3H8O,60.09502,volume,79.0,30.0,0.84482
alcohol,醇类,isopropanol,异丙醇,C3H8O,60.09502,volume,80.0,30.0,0.84203
alcohol,醇类,isopropanol,异丙醇,C3H8O,60.09502,volume,81.0,30.0,0.83921
alcohol,醇类,isopropanol,异丙醇,C3H8O,60.09502,volume,82.0,30.0,0.83637
alcohol,醇类,isopropanol,异丙醇,C3H8O,60.09502,volume,83.0,30.0,0.83355
alcohol,醇类,isopropanol,异丙醇,C3H8O,60.09502,volume,84.0,30.0,0.83074
alcohol,醇类,isopropanol,异丙醇,C3H8O,60.09502,volume,85.0,30.0,0.82782
alcohol,醇类,isopropanol,异丙醇,C3H8O,60.09502,volume,86.0,30.0,0.82475
alcohol,醇类,isopropanol,异丙醇,C3H8O,60.09502,volume,87.0,30.0,0.82178
alcohol,醇类,isopropanol,异丙醇,C3H8O,60.09502,volume,88.0,30.0,0.8187
alcohol,醇类,isopropanol,异丙醇,C3H8O,60.09502,volume,89.0,30.0,0.81561
alcohol,醇类,isopropanol,异丙醇,C3H8O,60.09502,volume,90.0,30.0,0.81254
alcohol,醇类,isopropanol,异丙醇,C3H8O,60.09502,volume,91.0,30.0,0.80932
alcohol,醇类,isopropanol,异丙醇,C3H8O,60.09502,volume,92.0,30.0,0.8061
alcohol,醇类,isopropanol,异丙醇,C3H8O,60.09502,volume,93.0,30.0,0.8029
alcohol,醇类,isopropanol,异丙醇,C3H8O,60.09502,volume,94.0,30.0,0.79952
alcohol,醇类,isopropanol,异丙醇,C3H8O,60.09502,volume,95.0,30.0,0.7961
alcohol,醇类,isopropanol,异丙醇,C3H8O,60.09502,volume,96.0,30.0,0.79263
alcohol,醇类,isopropanol,异丙醇,C3H8O,60.09502,volume,97.0,30.0,0.78905
alcohol,醇类,isopropanol,异丙醇,C3H8O,60.09502,volume,98.0,30.0,0.78529
alcohol,醇类,isopropanol,异丙醇,C3H8O,60.09502,volume,99.0,30.0,0.7814
alcohol,醇类,isopropanol,异丙醇,C3H8O,60.09502,volume,100.0,30.0,0.777
